"County, State Key",County FIPS,State,County,HPMS Geography Status,Data Year,HPMS Highway Section Miles (F_SYSTEM 1-2),Highway Daily Vehicle-Miles,Log1p Highway Daily Vehicle-Miles,Weighted Highway AADT,Maximum Segment AADT,Interstate Section Miles,Interstate Daily Vehicle-Miles,Interstate Weighted AADT,Interstate Maximum AADT,Other Freeway/Expressway Section Miles,Other Freeway/Expressway Daily Vehicle-Miles,Other Freeway/Expressway Weighted AADT,Other Freeway/Expressway Maximum AADT,HPMS Segments Used
"Autauga County, Alabama",01001,AL,Autauga,Direct FIPS match,2024,16.3621,708105.5097,13.4703498,43277.1777,48341,16.3621,708105.5097,43277.1777,48341,0.0,0.0,0.0,,182
"Baldwin County, Alabama",01003,AL,Baldwin,Direct FIPS match,2024,59.4452,2465899.407,14.71806758,41481.8927,70601,59.4452,2465899.407,41481.8927,70601,0.0,0.0,0.0,,696
"Barbour County, Alabama",01005,AL,Barbour,No qualifying Interstate/freeway mainline section in HPMS filter,2024,0,0,0,0,0,0,0,0,0,0,0,0,0,0
"Bibb County, Alabama",01007,AL,Bibb,No qualifying Interstate/freeway mainline section in HPMS filter,2024,0,0,0,0,0,0,0,0,0,0,0,0,0,0
"Blount County, Alabama",01009,AL,Blount,Direct FIPS match,2024,6.874,338328.6966,12.73177613,49218.6058,54986,6.874,338328.6966,49218.6058,54986,0.0,0.0,0.0,,85
"Bullock County, Alabama",01011,AL,Bullock,No qualifying Interstate/freeway mainline section in HPMS filter,2024,0,0,0,0,0,0,0,0,0,0,0,0,0,0
"Butler County, Alabama",01013,AL,Butler,Direct FIPS match,2024,34.3444,1161363.512,13.96510618,33815.222,36477,34.3444,1161363.512,33815.222,36477,0.0,0.0,0.0,,422
"Calhoun County, Alabama",01015,AL,Calhoun,Direct FIPS match,2024,11.2175,522280.9645,13.16596288,46559.4798,47789,11.2175,522280.9645,46559.4798,47789,0.0,0.0,0.0,,150
"Chambers County, Alabama",01017,AL,Chambers,Direct FIPS match,2024,10.5225,424987.4369,12.95981724,40388.4473,42529,10.5225,424987.4369,40388.4473,42529,0.0,0.0,0.0,,135
"Cherokee County, Alabama",01019,AL,Cherokee,No qualifying Interstate/freeway mainline section in HPMS filter,2024,0,0,0,0,0,0,0,0,0,0,0,0,0,0
"Chilton County, Alabama",01021,AL,Chilton,Direct FIPS match,2024,27.9197,1272834.773,14.05675786,45589.1279,49986,27.9197,1272834.773,45589.1279,49986,0.0,0.0,0.0,,314
"Choctaw County, Alabama",01023,AL,Choctaw,No qualifying Interstate/freeway mainline section in HPMS filter,2024,0,0,0,0,0,0,0,0,0,0,0,0,0,0
"Clarke County, Alabama",01025,AL,Clarke,No qualifying Interstate/freeway mainline section in HPMS filter,2024,0,0,0,0,0,0,0,0,0,0,0,0,0,0
"Clay County, Alabama",01027,AL,Clay,No qualifying Interstate/freeway mainline section in HPMS filter,2024,0,0,0,0,0,0,0,0,0,0,0,0,0,0
"Cleburne County, Alabama",01029,AL,Cleburne,Direct FIPS match,2024,20.9623,854301.6663,13.65804082,40754.1952,41617,20.9623,854301.6663,40754.1952,41617,0.0,0.0,0.0,,253
"Coffee County, Alabama",01031,AL,Coffee,No qualifying Interstate/freeway mainline section in HPMS filter,2024,0,0,0,0,0,0,0,0,0,0,0,0,0,0
"Colbert County, Alabama",01033,AL,Colbert,No qualifying Interstate/freeway mainline section in HPMS filter,2024,0,0,0,0,0,0,0,0,0,0,0,0,0,0
"Conecuh County, Alabama",01035,AL,Conecuh,Direct FIPS match,2024,29.735,794878.2316,13.58594547,26732.0744,28339,29.735,794878.2316,26732.0744,28339,0.0,0.0,0.0,,362
"Coosa County, Alabama",01037,AL,Coosa,No qualifying Interstate/freeway mainline section in HPMS filter,2024,0,0,0,0,0,0,0,0,0,0,0,0,0,0
"Covington County, Alabama",01039,AL,Covington,No qualifying Interstate/freeway mainline section in HPMS filter,2024,0,0,0,0,0,0,0,0,0,0,0,0,0,0
"Crenshaw County, Alabama",01041,AL,Crenshaw,No qualifying Interstate/freeway mainline section in HPMS filter,2024,0,0,0,0,0,0,0,0,0,0,0,0,0,0
"Cullman County, Alabama",01043,AL,Cullman,Direct FIPS match,2024,26.8761,1251477.991,14.0398366,46564.717,54643,26.8761,1251477.991,46564.717,54643,0.0,0.0,0.0,,328
"Dale County, Alabama",01045,AL,Dale,No qualifying Interstate/freeway mainline section in HPMS filter,2024,0,0,0,0,0,0,0,0,0,0,0,0,0,0
"Dallas County, Alabama",01047,AL,Dallas,No qualifying Interstate/freeway mainline section in HPMS filter,2024,0,0,0,0,0,0,0,0,0,0,0,0,0,0
"DeKalb County, Alabama",01049,AL,DeKalb,Direct FIPS match,2024,42.3979,722756.53,13.49082908,17046.9889,23120,42.3979,722756.53,17046.9889,23120,0.0,0.0,0.0,,507
"Elmore County, Alabama",01051,AL,Elmore,Direct FIPS match,2024,4.9855,306386.4125,12.63260563,61455.5035,65156,4.9855,306386.4125,61455.5035,65156,0.0,0.0,0.0,,78
"Escambia County, Alabama",01053,AL,Escambia,Direct FIPS match,2024,27.9128,717026.1562,13.48286899,25688.077,27495,27.9128,717026.1562,25688.077,27495,0.0,0.0,0.0,,329
"Etowah County, Alabama",01055,AL,Etowah,Direct FIPS match,2024,29.0583,595338.2892,13.29688676,20487.7191,33813,28.1478,567377.7447,20157.0902,33813,0.9105,27960.5445,30709.0,30709,399
"Fayette County, Alabama",01057,AL,Fayette,No qualifying Interstate/freeway mainline section in HPMS filter,2024,0,0,0,0,0,0,0,0,0,0,0,0,0,0
"Franklin County, Alabama",01059,AL,Franklin,No qualifying Interstate/freeway mainline section in HPMS filter,2024,0,0,0,0,0,0,0,0,0,0,0,0,0,0
"Geneva County, Alabama",01061,AL,Geneva,No qualifying Interstate/freeway mainline section in HPMS filter,2024,0,0,0,0,0,0,0,0,0,0,0,0,0,0
"Greene County, Alabama",01063,AL,Greene,Direct FIPS match,2024,28.1913,703156.6485,13.4633364,24942.3279,28683,28.1913,703156.6485,24942.3279,28683,0.0,0.0,0.0,,359
"Hale County, Alabama",01065,AL,Hale,No qualifying Interstate/freeway mainline section in HPMS filter,2024,0,0,0,0,0,0,0,0,0,0,0,0,0,0
"Henry County, Alabama",01067,AL,Henry,No qualifying Interstate/freeway mainline section in HPMS filter,2024,0,0,0,0,0,0,0,0,0,0,0,0,0,0
"Houston County, Alabama",01069,AL,Houston,No qualifying Interstate/freeway mainline section in HPMS filter,2024,0,0,0,0,0,0,0,0,0,0,0,0,0,0
"Jackson County, Alabama",01071,AL,Jackson,No qualifying Interstate/freeway mainline section in HPMS filter,2024,0,0,0,0,0,0,0,0,0,0,0,0,0,0
"Jefferson County, Alabama",01073,AL,Jefferson,Direct FIPS match,2024,148.6063,11205799.5557,16.23194211,75405.9522,150476,145.3014,10935800.76,75262.8726,150476,3.3049,269998.7957,81696.5099,93646,2439
"Lamar County, Alabama",01075,AL,Lamar,No qualifying Interstate/freeway mainline section in HPMS filter,2024,0,0,0,0,0,0,0,0,0,0,0,0,0,0
"Lauderdale County, Alabama",01077,AL,Lauderdale,No qualifying Interstate/freeway mainline section in HPMS filter,2024,0,0,0,0,0,0,0,0,0,0,0,0,0,0
"Lawrence County, Alabama",01079,AL,Lawrence,No qualifying Interstate/freeway mainline section in HPMS filter,2024,0,0,0,0,0,0,0,0,0,0,0,0,0,0
"Lee County, Alabama",01081,AL,Lee,Direct FIPS match,2024,22.0928,1024033.137,13.83926042,46351.442,61340,22.0928,1024033.137,46351.442,61340,0.0,0.0,0.0,,264
"Limestone County, Alabama",01083,AL,Limestone,Direct FIPS match,2024,37.1044,1538774.47,14.24649751,41471.4824,75456,37.1044,1538774.47,41471.4824,75456,0.0,0.0,0.0,,468
"Lowndes County, Alabama",01085,AL,Lowndes,Direct FIPS match,2024,18.7308,701020.7846,13.46029424,37426.0995,46278,18.7308,701020.7846,37426.0995,46278,0.0,0.0,0.0,,210
"Macon County, Alabama",01087,AL,Macon,Direct FIPS match,2024,28.7616,1117076.913,13.92622683,38839.1784,42733,28.7616,1117076.913,38839.1784,42733,0.0,0.0,0.0,,360
"Madison County, Alabama",01089,AL,Madison,Direct FIPS match,2024,31.6338,2256135.6487,14.62916446,71320.412,129020,14.9989,1353794.798,90259.6056,126919,16.6349,902340.8507,54243.8398,129020,657
"Marengo County, Alabama",01091,AL,Marengo,No qualifying Interstate/freeway mainline section in HPMS filter,2024,0,0,0,0,0,0,0,0,0,0,0,0,0,0
"Marion County, Alabama",01093,AL,Marion,Direct FIPS match,2024,38.4279,601763.7419,13.30762185,15659.5531,17140,38.4279,601763.7419,15659.5531,17140,0.0,0.0,0.0,,459
"Marshall County, Alabama",01095,AL,Marshall,No qualifying Interstate/freeway mainline section in HPMS filter,2024,0,0,0,0,0,0,0,0,0,0,0,0,0,0
"Mobile County, Alabama",01097,AL,Mobile,Direct FIPS match,2024,68.7592,3801115.2775,15.15080534,55281.5518,101694,59.6912,3635828.902,60910.6351,101694,9.068,165286.3755,18227.4344,28855,979
"Monroe County, Alabama",01099,AL,Monroe,No qualifying Interstate/freeway mainline section in HPMS filter,2024,0,0,0,0,0,0,0,0,0,0,0,0,0,0
"Montgomery County, Alabama",01101,AL,Montgomery,Direct FIPS match,2024,47.359,2870215.3538,14.86989797,60605.489,127370,36.6809,2656102.71,72411.0562,127370,10.6781,214112.6438,20051.5676,29092,782
"Morgan County, Alabama",01103,AL,Morgan,Direct FIPS match,2024,18.93,832598.1745,13.63230762,43982.9992,55871,18.93,832598.1745,43982.9992,55871,0.0,0.0,0.0,,249
"Perry County, Alabama",01105,AL,Perry,No qualifying Interstate/freeway mainline section in HPMS filter,2024,0,0,0,0,0,0,0,0,0,0,0,0,0,0
"Pickens County, Alabama",01107,AL,Pickens,No qualifying Interstate/freeway mainline section in HPMS filter,2024,0,0,0,0,0,0,0,0,0,0,0,0,0,0
"Pike County, Alabama",01109,AL,Pike,No qualifying Interstate/freeway mainline section in HPMS filter,2024,0,0,0,0,0,0,0,0,0,0,0,0,0,0
"Randolph County, Alabama",01111,AL,Randolph,No qualifying Interstate/freeway mainline section in HPMS filter,2024,0,0,0,0,0,0,0,0,0,0,0,0,0,0
"Russell County, Alabama",01113,AL,Russell,Direct FIPS match,2024,2.5151,117913.5561,11.67771554,46882.2536,55771,0.0,0.0,0.0,,2.5151,117913.5561,46882.2536,55771,58
"St. Clair County, Alabama",01115,AL,St. Clair,Direct FIPS match,2024,49.2102,2064943.806,14.54061406,41961.7032,76877,49.2102,2064943.806,41961.7032,76877,0.0,0.0,0.0,,604
"Shelby County, Alabama",01117,AL,Shelby,Direct FIPS match,2024,22.5665,1734077.732,14.36598684,76843.0076,125979,22.5665,1734077.732,76843.0076,125979,0.0,0.0,0.0,,295
"Sumter County, Alabama",01119,AL,Sumter,Direct FIPS match,2024,27.0448,605594.4201,13.31396742,22392.2684,23857,27.0448,605594.4201,22392.2684,23857,0.0,0.0,0.0,,322
"Talladega County, Alabama",01121,AL,Talladega,Direct FIPS match,2024,18.03,860756.0515,13.66556757,47740.2136,53118,18.03,860756.0515,47740.2136,53118,0.0,0.0,0.0,,223
"Tallapoosa County, Alabama",01123,AL,Tallapoosa,No qualifying Interstate/freeway mainline section in HPMS filter,2024,0,0,0,0,0,0,0,0,0,0,0,0,0,0
"Tuscaloosa County, Alabama",01125,AL,Tuscaloosa,Direct FIPS match,2024,49.6083,2533738.5544,14.74520685,51074.8918,67880,48.3876,2516689.696,52011.0461,67880,1.2207,17048.8584,13966.4606,15585,708
"Walker County, Alabama",01127,AL,Walker,Direct FIPS match,2024,41.6906,941953.317,13.75571206,22593.9017,28053,41.6906,941953.317,22593.9017,28053,0.0,0.0,0.0,,574
"Washington County, Alabama",01129,AL,Washington,No qualifying Interstate/freeway mainline section in HPMS filter,2024,0,0,0,0,0,0,0,0,0,0,0,0,0,0
"Wilcox County, Alabama",01131,AL,Wilcox,No qualifying Interstate/freeway mainline section in HPMS filter,2024,0,0,0,0,0,0,0,0,0,0,0,0,0,0
"Winston County, Alabama",01133,AL,Winston,No qualifying Interstate/freeway mainline section in HPMS filter,2024,0,0,0,0,0,0,0,0,0,0,0,0,0,0
"Aleutians East Borough, Alaska",02013,AK,Aleutians East,No qualifying Interstate/freeway mainline section in HPMS filter,2024,0,0,0,0,0,0,0,0,0,0,0,0,0,0
"Aleutians West Census Area, Alaska",02016,AK,Aleutians West,No qualifying Interstate/freeway mainline section in HPMS filter,2024,0,0,0,0,0,0,0,0,0,0,0,0,0,0
"Anchorage Municipality, Alaska",02020,AK,Anchorage,Direct FIPS match,2024,82.793,2059089.99,14.53777518,24870.3392,61105,82.793,2059089.99,24870.3392,61105,0.0,0.0,0.0,,975
"Bethel Census Area, Alaska",02050,AK,Bethel,No qualifying Interstate/freeway mainline section in HPMS filter,2024,0,0,0,0,0,0,0,0,0,0,0,0,0,0
"Bristol Bay Borough, Alaska",02060,AK,Bristol Bay,No qualifying Interstate/freeway mainline section in HPMS filter,2024,0,0,0,0,0,0,0,0,0,0,0,0,0,0
"Denali Borough, Alaska",02068,AK,Denali,Direct FIPS match,2024,85.931,135490.8647,11.81666688,1576.7402,3422,85.931,135490.8647,1576.7402,3422,0.0,0.0,0.0,,934
"Dillingham Census Area, Alaska",02070,AK,Dillingham,No qualifying Interstate/freeway mainline section in HPMS filter,2024,0,0,0,0,0,0,0,0,0,0,0,0,0,0
"Fairbanks North Star Borough, Alaska",02090,AK,Fairbanks North Star,Direct FIPS match,2024,99.9944,498268.5333,13.11889644,4982.9644,26691,99.9944,498268.5333,4982.9644,26691,0.0,0.0,0.0,,1104
"Haines Borough, Alaska",02100,AK,Haines,No qualifying Interstate/freeway mainline section in HPMS filter,2024,0,0,0,0,0,0,0,0,0,0,0,0,0,0
"Hoonah-Angoon Census Area, Alaska",02105,AK,Hoonah-Angoon,No qualifying Interstate/freeway mainline section in HPMS filter,2024,0,0,0,0,0,0,0,0,0,0,0,0,0,0
"Juneau City and Borough, Alaska",02110,AK,Juneau,No qualifying Interstate/freeway mainline section in HPMS filter,2024,0,0,0,0,0,0,0,0,0,0,0,0,0,0
"Kenai Peninsula Borough, Alaska",02122,AK,Kenai Peninsula,Direct FIPS match,2024,95.9887,464226.452,13.04812991,4836.2615,13062,95.9887,464226.452,4836.2615,13062,0.0,0.0,0.0,,1045
"Ketchikan Gateway Borough, Alaska",02130,AK,Ketchikan Gateway,No qualifying Interstate/freeway mainline section in HPMS filter,2024,0,0,0,0,0,0,0,0,0,0,0,0,0,0
"Kodiak Island Borough, Alaska",02150,AK,Kodiak Island,No qualifying Interstate/freeway mainline section in HPMS filter,2024,0,0,0,0,0,0,0,0,0,0,0,0,0,0
"Lake and Peninsula Borough, Alaska",02164,AK,Lake and Peninsula,No qualifying Interstate/freeway mainline section in HPMS filter,2024,0,0,0,0,0,0,0,0,0,0,0,0,0,0
"Matanuska-Susitna Borough, Alaska",02170,AK,Matanuska-Susitna,Direct FIPS match,2024,265.5063,1139295.636,13.94592164,4291.0305,37697,265.5063,1139295.636,4291.0305,37697,0.0,0.0,0.0,,2846
"Nome Census Area, Alaska",02180,AK,Nome,No qualifying Interstate/freeway mainline section in HPMS filter,2024,0,0,0,0,0,0,0,0,0,0,0,0,0,0
"North Slope Borough, Alaska",02185,AK,North Slope,No qualifying Interstate/freeway mainline section in HPMS filter,2024,0,0,0,0,0,0,0,0,0,0,0,0,0,0
"Northwest Arctic Borough, Alaska",02188,AK,Northwest Arctic,No qualifying Interstate/freeway mainline section in HPMS filter,2024,0,0,0,0,0,0,0,0,0,0,0,0,0,0
"Petersburg Census Area, Alaska",02195,AK,Petersburg,No qualifying Interstate/freeway mainline section in HPMS filter,2024,0,0,0,0,0,0,0,0,0,0,0,0,0,0
"Prince of Wales-Hyder Census Area, Alaska",02198,AK,Prince of Wales-Hyder,No qualifying Interstate/freeway mainline section in HPMS filter,2024,0,0,0,0,0,0,0,0,0,0,0,0,0,0
"Sitka City and Borough, Alaska",02220,AK,Sitka,No qualifying Interstate/freeway mainline section in HPMS filter,2024,0,0,0,0,0,0,0,0,0,0,0,0,0,0
"Skagway Municipality, Alaska",02230,AK,Skagway,No qualifying Interstate/freeway mainline section in HPMS filter,2024,0,0,0,0,0,0,0,0,0,0,0,0,0,0
"Southeast Fairbanks Census Area, Alaska",02240,AK,Southeast Fairbanks,Direct FIPS match,2024,245.7647,152821.4543,11.9370321,621.8202,4589,245.7647,152821.4543,621.8202,4589,0.0,0.0,0.0,,2604
"Valdez-Cordova Census Area, Alaska",02261,AK,Valdez-Cordova,MISSING - charging master uses obsolete Valdez-Cordova geography; HPMS uses post-split Alaska geography,2024,,,,,,,,,,,,,,
"Wade Hampton Census Area, Alaska",02270,AK,Wade Hampton,No qualifying Interstate/freeway mainline section in HPMS filter,2024,0,0,0,0,0,0,0,0,0,0,0,0,0,0
"Wrangell City and Borough, Alaska",02275,AK,Wrangell,No qualifying Interstate/freeway mainline section in HPMS filter,2024,0,0,0,0,0,0,0,0,0,0,0,0,0,0
"Yakutat City and Borough, Alaska",02282,AK,Yakutat,No qualifying Interstate/freeway mainline section in HPMS filter,2024,0,0,0,0,0,0,0,0,0,0,0,0,0,0
"Yukon-Koyukuk Census Area, Alaska",02290,AK,Yukon-Koyukuk,Direct FIPS match,2024,36.5864,55052.4899,10.91606054,1504.7255,1685,36.5864,55052.4899,1504.7255,1685,0.0,0.0,0.0,,384
"Apache County, Arizona",04001,AZ,Apache,Direct FIPS match,2024,52.4331,1058061.517,13.87194998,20179.2669,22044,52.4331,1058061.517,20179.2669,22044,0.0,0.0,0.0,,639
"Cochise County, Arizona",04003,AZ,Cochise,Direct FIPS match,2024,95.4942,2063893.065,14.54010508,21612.7583,34308,95.4942,2063893.065,21612.7583,34308,0.0,0.0,0.0,,1231
"Coconino County, Arizona",04005,AZ,Coconino,Direct FIPS match,2024,131.3086,3121719.662,14.9538949,23773.9163,50431,131.3086,3121719.662,23773.9163,50431,0.0,0.0,0.0,,1764
"Gila County, Arizona",04007,AZ,Gila,No qualifying Interstate/freeway mainline section in HPMS filter,2024,0,0,0,0,0,0,0,0,0,0,0,0,0,0
"Graham County, Arizona",04009,AZ,Graham,No qualifying Interstate/freeway mainline section in HPMS filter,2024,0,0,0,0,0,0,0,0,0,0,0,0,0,0
"Greenlee County, Arizona",04011,AZ,Greenlee,No qualifying Interstate/freeway mainline section in HPMS filter,2024,0,0,0,0,0,0,0,0,0,0,0,0,0,0
"La Paz County, Arizona",04012,AZ,La Paz,Direct FIPS match,2024,70.7696,1916165.75,14.46583726,27076.1139,30540,70.7696,1916165.75,27076.1139,30540,0.0,0.0,0.0,,968
"Maricopa County, Arizona",04013,AZ,Maricopa,Direct FIPS match,2024,454.804,46166420.76,17.64776329,101508.3877,386198,213.5371,18383283.76,86089.4138,386198,241.2669,27783137.0,115155.1953,259590,6624
"Mohave County, Arizona",04015,AZ,Mohave,Direct FIPS match,2024,125.7905,2674195.0936,14.79915937,21259.1181,38827,122.4341,2613363.084,21345.059,38827,3.3564,60832.0096,18124.1835,19356,1690
"Navajo County, Arizona",04017,AZ,Navajo,Direct FIPS match,2024,56.6476,1164450.154,13.96776042,20556.0369,23072,56.6476,1164450.154,20556.0369,23072,0.0,0.0,0.0,,773
"Pima County, Arizona",04019,AZ,Pima,Direct FIPS match,2024,101.6488,6567554.3042,15.69765222,64610.2493,200421,97.4488,6430540.146,65988.9105,200421,4.2,137014.1582,32622.4186,63032,1589
"Pinal County, Arizona",04021,AZ,Pinal,Direct FIPS match,2024,103.9484,4333427.2755,15.28186954,41688.2537,69881,94.8383,4040640.92,42605.5815,67189,9.1101,292786.3555,32138.6544,69881,1408
"Santa Cruz County, Arizona",04023,AZ,Santa Cruz,Direct FIPS match,2024,29.7253,753088.3027,13.5319391,25334.9269,34826,29.7253,753088.3027,25334.9269,34826,0.0,0.0,0.0,,443
"Yavapai County, Arizona",04025,AZ,Yavapai,Direct FIPS match,2024,138.3752,3522420.2603,15.07465917,25455.5748,45761,124.116,3195214.44,25743.7755,45761,14.2592,327205.8203,22946.997,39706,1766
"Yuma County, Arizona",04027,AZ,Yuma,Direct FIPS match,2024,79.8222,1641081.259,14.3108665,20559.2086,57311,79.8222,1641081.259,20559.2086,57311,0.0,0.0,0.0,,966
"Arkansas County, Arkansas",05001,AR,Arkansas,No qualifying Interstate/freeway mainline section in HPMS filter,2024,0,0,0,0,0,0,0,0,0,0,0,0,0,0
"Ashley County, Arkansas",05003,AR,Ashley,No qualifying Interstate/freeway mainline section in HPMS filter,2024,0,0,0,0,0,0,0,0,0,0,0,0,0,0
"Baxter County, Arkansas",05005,AR,Baxter,No qualifying Interstate/freeway mainline section in HPMS filter,2024,0,0,0,0,0,0,0,0,0,0,0,0,0,0
"Benton County, Arkansas",05007,AR,Benton,Direct FIPS match,2024,31.253,1915671.0,14.46557903,61295.5876,109000,30.986,1905258.0,61487.7041,109000,0.267,10413.0,39000.0,39000,415
"Boone County, Arkansas",05009,AR,Boone,No qualifying Interstate/freeway mainline section in HPMS filter,2024,0,0,0,0,0,0,0,0,0,0,0,0,0,0
"Bradley County, Arkansas",05011,AR,Bradley,No qualifying Interstate/freeway mainline section in HPMS filter,2024,0,0,0,0,0,0,0,0,0,0,0,0,0,0
"Calhoun County, Arkansas",05013,AR,Calhoun,No qualifying Interstate/freeway mainline section in HPMS filter,2024,0,0,0,0,0,0,0,0,0,0,0,0,0,0
"Carroll County, Arkansas",05015,AR,Carroll,No qualifying Interstate/freeway mainline section in HPMS filter,2024,0,0,0,0,0,0,0,0,0,0,0,0,0,0
"Chicot County, Arkansas",05017,AR,Chicot,No qualifying Interstate/freeway mainline section in HPMS filter,2024,0,0,0,0,0,0,0,0,0,0,0,0,0,0
"Clark County, Arkansas",05019,AR,Clark,Direct FIPS match,2024,27.488,850361.0,13.65341742,30935.7174,36000,27.488,850361.0,30935.7174,36000,0.0,0.0,0.0,,340
"Clay County, Arkansas",05021,AR,Clay,No qualifying Interstate/freeway mainline section in HPMS filter,2024,0,0,0,0,0,0,0,0,0,0,0,0,0,0
"Cleburne County, Arkansas",05023,AR,Cleburne,No qualifying Interstate/freeway mainline section in HPMS filter,2024,0,0,0,0,0,0,0,0,0,0,0,0,0,0
"Cleveland County, Arkansas",05025,AR,Cleveland,No qualifying Interstate/freeway mainline section in HPMS filter,2024,0,0,0,0,0,0,0,0,0,0,0,0,0,0
"Columbia County, Arkansas",05027,AR,Columbia,No qualifying Interstate/freeway mainline section in HPMS filter,2024,0,0,0,0,0,0,0,0,0,0,0,0,0,0
"Conway County, Arkansas",05029,AR,Conway,Direct FIPS match,2024,21.448,742982.0,13.51842844,34641.0854,38000,21.448,742982.0,34641.0854,38000,0.0,0.0,0.0,,252
"Craighead County, Arkansas",05031,AR,Craighead,Direct FIPS match,2024,26.334,475783.6,13.07272051,18067.2742,36000,18.642,418554.0,22452.2047,36000,7.692,57229.6,7440.1456,21000,326
"Crawford County, Arkansas",05033,AR,Crawford,Direct FIPS match,2024,49.258,1478362.3,14.20644616,30012.6335,55000,49.258,1478362.3,30012.6335,55000,0.0,0.0,0.0,,634
"Crittenden County, Arkansas",05035,AR,Crittenden,Direct FIPS match,2024,50.071,1783784.1,14.39424813,35625.0944,75000,50.071,1783784.1,35625.0944,75000,0.0,0.0,0.0,,740
"Cross County, Arkansas",05037,AR,Cross,No qualifying Interstate/freeway mainline section in HPMS filter,2024,0,0,0,0,0,0,0,0,0,0,0,0,0,0
"Dallas County, Arkansas",05039,AR,Dallas,No qualifying Interstate/freeway mainline section in HPMS filter,2024,0,0,0,0,0,0,0,0,0,0,0,0,0,0
"Desha County, Arkansas",05041,AR,Desha,No qualifying Interstate/freeway mainline section in HPMS filter,2024,0,0,0,0,0,0,0,0,0,0,0,0,0,0
"Drew County, Arkansas",05043,AR,Drew,No qualifying Interstate/freeway mainline section in HPMS filter,2024,0,0,0,0,0,0,0,0,0,0,0,0,0,0
"Faulkner County, Arkansas",05045,AR,Faulkner,Direct FIPS match,2024,18.026,1149358.0,13.95471495,63761.1228,76000,18.026,1149358.0,63761.1228,76000,0.0,0.0,0.0,,231
"Franklin County, Arkansas",05047,AR,Franklin,Direct FIPS match,2024,19.359,525124.0,13.17139161,27125.5747,28000,19.359,525124.0,27125.5747,28000,0.0,0.0,0.0,,237
"Fulton County, Arkansas",05049,AR,Fulton,No qualifying Interstate/freeway mainline section in HPMS filter,2024,0,0,0,0,0,0,0,0,0,0,0,0,0,0
"Garland County, Arkansas",05051,AR,Garland,Direct FIPS match,2024,16.939,406319.0,12.91489631,23987.1893,44000,0.0,0.0,0.0,,16.939,406319.0,23987.1893,44000,264
"Grant County, Arkansas",05053,AR,Grant,Direct FIPS match,2024,1.547,37128.0,10.52215361,24000.0,24000,1.547,37128.0,24000.0,24000,0.0,0.0,0.0,,25
"Greene County, Arkansas",05055,AR,Greene,No qualifying Interstate/freeway mainline section in HPMS filter,2024,0,0,0,0,0,0,0,0,0,0,0,0,0,0
"Hempstead County, Arkansas",05057,AR,Hempstead,Direct FIPS match,2024,23.215,762931.0,13.54492418,32863.7088,38000,23.215,762931.0,32863.7088,38000,0.0,0.0,0.0,,301
"Hot Spring County, Arkansas",05059,AR,Hot Spring,Direct FIPS match,2024,24.898,886527.0,13.69506799,35606.3539,44000,24.898,886527.0,35606.3539,44000,0.0,0.0,0.0,,321
"Howard County, Arkansas",05061,AR,Howard,No qualifying Interstate/freeway mainline section in HPMS filter,2024,0,0,0,0,0,0,0,0,0,0,0,0,0,0
"Independence County, Arkansas",05063,AR,Independence,No qualifying Interstate/freeway mainline section in HPMS filter,2024,0,0,0,0,0,0,0,0,0,0,0,0,0,0
"Izard County, Arkansas",05065,AR,Izard,No qualifying Interstate/freeway mainline section in HPMS filter,2024,0,0,0,0,0,0,0,0,0,0,0,0,0,0
"Jackson County, Arkansas",05067,AR,Jackson,Direct FIPS match,2024,35.062,407082.0,12.91677237,11610.3474,13000,0.0,0.0,0.0,,35.062,407082.0,11610.3474,13000,387
"Jefferson County, Arkansas",05069,AR,Jefferson,Direct FIPS match,2024,28.802,709017.0,13.47163619,24616.9363,33000,28.802,709017.0,24616.9363,33000,0.0,0.0,0.0,,378
"Johnson County, Arkansas",05071,AR,Johnson,Direct FIPS match,2024,27.565,796080.0,13.58745622,28880.1016,33000,27.565,796080.0,28880.1016,33000,0.0,0.0,0.0,,346
"Lafayette County, Arkansas",05073,AR,Lafayette,No qualifying Interstate/freeway mainline section in HPMS filter,2024,0,0,0,0,0,0,0,0,0,0,0,0,0,0
"Lawrence County, Arkansas",05075,AR,Lawrence,Direct FIPS match,2024,14.624,117756.6,11.67638355,8052.2839,14000,0.0,0.0,0.0,,14.624,117756.6,8052.2839,14000,167
"Lee County, Arkansas",05077,AR,Lee,No qualifying Interstate/freeway mainline section in HPMS filter,2024,0,0,0,0,0,0,0,0,0,0,0,0,0,0
"Lincoln County, Arkansas",05079,AR,Lincoln,No qualifying Interstate/freeway mainline section in HPMS filter,2024,0,0,0,0,0,0,0,0,0,0,0,0,0,0
"Little River County, Arkansas",05081,AR,Little River,No qualifying Interstate/freeway mainline section in HPMS filter,2024,0,0,0,0,0,0,0,0,0,0,0,0,0,0
"Logan County, Arkansas",05083,AR,Logan,No qualifying Interstate/freeway mainline section in HPMS filter,2024,0,0,0,0,0,0,0,0,0,0,0,0,0,0
"Lonoke County, Arkansas",05085,AR,Lonoke,Direct FIPS match,2024,31.865,1300531.0,14.07828397,40813.7769,59000,21.735,887743.0,40843.9383,45000,10.13,412788.0,40749.0622,59000,404
"Madison County, Arkansas",05087,AR,Madison,No qualifying Interstate/freeway mainline section in HPMS filter,2024,0,0,0,0,0,0,0,0,0,0,0,0,0,0
"Marion County, Arkansas",05089,AR,Marion,No qualifying Interstate/freeway mainline section in HPMS filter,2024,0,0,0,0,0,0,0,0,0,0,0,0,0,0
"Miller County, Arkansas",05091,AR,Miller,Direct FIPS match,2024,60.198,1002794.2,13.81830186,16658.2644,38000,58.407,979511.2,16770.4419,38000,1.791,23283.0,13000.0,13000,797
"Mississippi County, Arkansas",05093,AR,Mississippi,Direct FIPS match,2024,44.398,1012430.0,13.82786493,22803.5047,26000,44.398,1012430.0,22803.5047,26000,0.0,0.0,0.0,,533
"Monroe County, Arkansas",05095,AR,Monroe,Direct FIPS match,2024,13.046,482702.0,13.08715684,37000.0,37000,13.046,482702.0,37000.0,37000,0.0,0.0,0.0,,168
"Montgomery County, Arkansas",05097,AR,Montgomery,No qualifying Interstate/freeway mainline section in HPMS filter,2024,0,0,0,0,0,0,0,0,0,0,0,0,0,0
"Nevada County, Arkansas",05099,AR,Nevada,Direct FIPS match,2024,12.941,427648.0,12.96605804,33045.9779,34000,12.941,427648.0,33045.9779,34000,0.0,0.0,0.0,,158
"Newton County, Arkansas",05101,AR,Newton,No qualifying Interstate/freeway mainline section in HPMS filter,2024,0,0,0,0,0,0,0,0,0,0,0,0,0,0
"Ouachita County, Arkansas",05103,AR,Ouachita,No qualifying Interstate/freeway mainline section in HPMS filter,2024,0,0,0,0,0,0,0,0,0,0,0,0,0,0
"Perry County, Arkansas",05105,AR,Perry,No qualifying Interstate/freeway mainline section in HPMS filter,2024,0,0,0,0,0,0,0,0,0,0,0,0,0,0
"Phillips County, Arkansas",05107,AR,Phillips,No qualifying Interstate/freeway mainline section in HPMS filter,2024,0,0,0,0,0,0,0,0,0,0,0,0,0,0
"Pike County, Arkansas",05109,AR,Pike,No qualifying Interstate/freeway mainline section in HPMS filter,2024,0,0,0,0,0,0,0,0,0,0,0,0,0,0
"Poinsett County, Arkansas",05111,AR,Poinsett,Direct FIPS match,2024,26.79,383475.0,12.85703232,14314.1097,19000,26.79,383475.0,14314.1097,19000,0.0,0.0,0.0,,343
"Polk County, Arkansas",05113,AR,Polk,No qualifying Interstate/freeway mainline section in HPMS filter,2024,0,0,0,0,0,0,0,0,0,0,0,0,0,0
"Pope County, Arkansas",05115,AR,Pope,Direct FIPS match,2024,27.312,954019.0,13.76843991,34930.3969,47000,27.312,954019.0,34930.3969,47000,0.0,0.0,0.0,,329
"Prairie County, Arkansas",05117,AR,Prairie,Direct FIPS match,2024,19.786,739767.0,13.5140919,37388.4059,38000,19.786,739767.0,37388.4059,38000,0.0,0.0,0.0,,232
"Pulaski County, Arkansas",05119,AR,Pulaski,Direct FIPS match,2024,106.421,7509268.0,15.83164868,70561.9004,133000,86.928,6339271.0,72925.5361,133000,19.493,1169997.0,60021.3923,84000,1491
"Randolph County, Arkansas",05121,AR,Randolph,No qualifying Interstate/freeway mainline section in HPMS filter,2024,0,0,0,0,0,0,0,0,0,0,0,0,0,0
"St. Francis County, Arkansas",05123,AR,St. Francis,Direct FIPS match,2024,24.104,1695190.0,14.34330598,70328.1613,112000,24.104,1695190.0,70328.1613,112000,0.0,0.0,0.0,,316
"Saline County, Arkansas",05125,AR,Saline,No qualifying Interstate/freeway mainline section in HPMS filter,2024,0,0,0,0,0,0,0,0,0,0,0,0,0,0
"Scott County, Arkansas",05127,AR,Scott,No qualifying Interstate/freeway mainline section in HPMS filter,2024,0,0,0,0,0,0,0,0,0,0,0,0,0,0
"Searcy County, Arkansas",05129,AR,Searcy,Direct FIPS match,2024,18.167,607545.0,13.31718317,33442.2304,62000,11.011,561787.0,51020.5249,62000,7.156,45758.0,6394.3544,22000,273
"Sebastian County, Arkansas",05131,AR,Sebastian,No qualifying Interstate/freeway mainline section in HPMS filter,2024,0,0,0,0,0,0,0,0,0,0,0,0,0,0
"Sevier County, Arkansas",05133,AR,Sevier,No qualifying Interstate/freeway mainline section in HPMS filter,2024,0,0,0,0,0,0,0,0,0,0,0,0,0,0
"Sharp County, Arkansas",05135,AR,Sharp,Direct FIPS match,2024,46.196,1619816.0,14.29782374,35063.9882,41000,46.196,1619816.0,35063.9882,41000,0.0,0.0,0.0,,579
"Stone County, Arkansas",05137,AR,Stone,No qualifying Interstate/freeway mainline section in HPMS filter,2024,0,0,0,0,0,0,0,0,0,0,0,0,0,0
"Union County, Arkansas",05139,AR,Union,Direct FIPS match,2024,10.764,91751.0,11.42684456,8523.8759,11000,0.0,0.0,0.0,,10.764,91751.0,8523.8759,11000,168
"Van Buren County, Arkansas",05141,AR,Van Buren,No qualifying Interstate/freeway mainline section in HPMS filter,2024,0,0,0,0,0,0,0,0,0,0,0,0,0,0
"Washington County, Arkansas",05143,AR,Washington,Direct FIPS match,2024,37.177,1841721.7,14.42621194,49539.277,108000,33.94,1761030.0,51886.5645,108000,3.237,80691.7,24927.9271,48000,514
"White County, Arkansas",05145,AR,White,Direct FIPS match,2024,41.469,933028.0,13.74619156,22499.4092,32000,0.0,0.0,0.0,,41.469,933028.0,22499.4092,32000,461
"Woodruff County, Arkansas",05147,AR,Woodruff,No qualifying Interstate/freeway mainline section in HPMS filter,2024,0,0,0,0,0,0,0,0,0,0,0,0,0,0
"Yell County, Arkansas",05149,AR,Yell,No qualifying Interstate/freeway mainline section in HPMS filter,2024,0,0,0,0,0,0,0,0,0,0,0,0,0,0
"Alameda County, California",06001,CA,Alameda,Direct FIPS match,2024,140.5513,19674913.43,16.794855,139983.8595,270000,118.0434,17664065.78,149640.4355,270000,22.5079,2010847.65,89339.6385,164000,4710
"Alpine County, California",06003,CA,Alpine,No qualifying Interstate/freeway mainline section in HPMS filter,2024,0,0,0,0,0,0,0,0,0,0,0,0,0,0
"Amador County, California",06005,CA,Amador,No qualifying Interstate/freeway mainline section in HPMS filter,2024,0,0,0,0,0,0,0,0,0,0,0,0,0,0
"Butte County, California",06007,CA,Butte,Direct FIPS match,2024,4.7885,95713.06,11.46912048,19988.109,30500,0.0,0.0,0.0,,4.7885,95713.06,19988.109,30500,122
"Calaveras County, California",06009,CA,Calaveras,No qualifying Interstate/freeway mainline section in HPMS filter,2024,0,0,0,0,0,0,0,0,0,0,0,0,0,0
"Colusa County, California",06011,CA,Colusa,Direct FIPS match,2024,34.3503,837829.87,13.63857153,24390.7585,32500,34.3503,837829.87,24390.7585,32500,0.0,0.0,0.0,,543
"Contra Costa County, California",06013,CA,Contra Costa,Direct FIPS match,2024,90.6809,12567331.874,16.34661138,138588.5217,270000,47.5759,7160570.364,150508.3533,270000,43.105,5406761.51,125432.3515,199000,2985
"Del Norte County, California",06015,CA,Del Norte,No qualifying Interstate/freeway mainline section in HPMS filter,2024,0,0,0,0,0,0,0,0,0,0,0,0,0,0
"El Dorado County, California",06017,CA,El Dorado,Direct FIPS match,2024,17.2471,1023946.4,13.83917572,59369.1925,102000,0.0,0.0,0.0,,17.2471,1023946.4,59369.1925,102000,388
"Fresno County, California",06019,CA,Fresno,Direct FIPS match,2024,136.4247,8902617.631,16.00185602,65256.6407,155000,66.2208,2816831.85,42536.965,45000,70.2039,6085785.781,86687.2892,155000,2661
"Glenn County, California",06021,CA,Glenn,Direct FIPS match,2024,28.8513,642482.135,13.37309585,22268.7413,27500,28.8513,642482.135,22268.7413,27500,0.0,0.0,0.0,,448
"Humboldt County, California",06023,CA,Humboldt,No qualifying Interstate/freeway mainline section in HPMS filter,2024,0,0,0,0,0,0,0,0,0,0,0,0,0,0
"Imperial County, California",06025,CA,Imperial,Direct FIPS match,2024,94.0554,2222583.438,14.61418124,23630.5777,44148,94.0554,2222583.438,23630.5777,44148,0.0,0.0,0.0,,1426
"Inyo County, California",06027,CA,Inyo,No qualifying Interstate/freeway mainline section in HPMS filter,2024,0,0,0,0,0,0,0,0,0,0,0,0,0,0
"Kern County, California",06029,CA,Kern,Direct FIPS match,2024,249.3258,11327930.395,16.24278204,45434.2487,135000,88.2557,4011462.92,45452.7347,89000,161.0701,7316467.475,45424.1195,135000,4121
"Kings County, California",06031,CA,Kings,Direct FIPS match,2024,45.8014,1692324.85,14.34161438,36949.1948,42000,26.6943,1027731.65,38500.0412,40000,19.1071,664593.2,34782.5259,42000,770
"Lake County, California",06033,CA,Lake,No qualifying Interstate/freeway mainline section in HPMS filter,2024,0,0,0,0,0,0,0,0,0,0,0,0,0,0
"Lassen County, California",06035,CA,Lassen,No qualifying Interstate/freeway mainline section in HPMS filter,2024,0,0,0,0,0,0,0,0,0,0,0,0,0,0
"Los Angeles County, California",06037,CA,Los Angeles,Direct FIPS match,2024,512.7445,88940897.55,18.30348265,173460.4614,345000,310.1356,54011031.06,174152.9546,345000,202.6089,34929866.49,172400.4547,324000,18555
"Madera County, California",06039,CA,Madera,Direct FIPS match,2024,29.3986,2074884.9,14.54541672,70577.6772,86000,0.0,0.0,0.0,,29.3986,2074884.9,70577.6772,86000,586
"Marin County, California",06041,CA,Marin,Direct FIPS match,2024,36.0803,4182546.2494,15.24643101,115923.267,186000,4.7854,684149.4964,142966.0,142966,31.2949,3498396.753,111788.079,186000,960
"Mariposa County, California",06043,CA,Mariposa,No qualifying Interstate/freeway mainline section in HPMS filter,2024,0,0,0,0,0,0,0,0,0,0,0,0,0,0
"Mendocino County, California",06045,CA,Mendocino,No qualifying Interstate/freeway mainline section in HPMS filter,2024,0,0,0,0,0,0,0,0,0,0,0,0,0,0
"Merced County, California",06047,CA,Merced,Direct FIPS match,2024,69.9349,3323540.15,15.01654138,47523.3417,90500,32.4099,1269115.4,39158.2634,44750,37.525,2054424.75,54748.1612,90500,1388
"Modoc County, California",06049,CA,Modoc,No qualifying Interstate/freeway mainline section in HPMS filter,2024,0,0,0,0,0,0,0,0,0,0,0,0,0,0
"Mono County, California",06051,CA,Mono,No qualifying Interstate/freeway mainline section in HPMS filter,2024,0,0,0,0,0,0,0,0,0,0,0,0,0,0
"Monterey County, California",06053,CA,Monterey,Direct FIPS match,2024,123.666,4996013.048,15.42415096,40399.2451,92000,0.0,0.0,0.0,,123.666,4996013.048,40399.2451,92000,2406
"Napa County, California",06055,CA,Napa,Direct FIPS match,2024,10.7023,709067.35,13.4717072,66253.7352,122000,1.1837,140891.5,119026.358,122000,9.5186,568175.85,59691.1153,68000,237
"Nevada County, California",06057,CA,Nevada,Direct FIPS match,2024,35.016,1116247.375,13.92548396,31878.2092,39250,35.016,1116247.375,31878.2092,39250,0.0,0.0,0.0,,716
"Orange County, California",06059,CA,Orange,Direct FIPS match,2024,190.0916,26667634.45,17.09896123,140288.337,386600,70.3717,13108282.97,186272.0805,386600,119.7199,13559351.48,113258.961,272100,6825
"Placer County, California",06061,CA,Placer,Direct FIPS match,2024,76.5874,4693483.475,15.36168582,61282.7107,236000,65.8893,3762139.125,57097.8767,236000,10.6981,931344.35,87056.9868,124000,1642
"Plumas County, California",06063,CA,Plumas,No qualifying Interstate/freeway mainline section in HPMS filter,2024,0,0,0,0,0,0,0,0,0,0,0,0,0,0
"Riverside County, California",06065,CA,Riverside,Direct FIPS match,2024,291.3806,30775839.72,17.24224055,105620.7576,274000,244.8882,22279093.01,90976.5885,237000,46.4924,8496746.71,182755.6054,274000,6388
"Sacramento County, California",06067,CA,Sacramento,Direct FIPS match,2024,119.2483,14749447.609,16.50671626,123686.8585,236000,54.6675,7075109.8,129420.7674,236000,64.5808,7674337.809,118833.1177,230000,3253
"San Benito County, California",06069,CA,San Benito,Direct FIPS match,2024,7.4068,319381.875,12.6741459,43120.089,61000,0.0,0.0,0.0,,7.4068,319381.875,43120.089,61000,165
"San Bernardino County, California",06071,CA,San Bernardino,Direct FIPS match,2024,458.6906,33446210.67,17.32544908,72916.7126,229000,398.5589,25159516.48,63126.2192,228000,60.1317,8286694.19,137809.0789,229000,9262
"San Diego County, California",06073,CA,San Diego,Direct FIPS match,2024,354.0994,43834174.72,17.59592434,123790.593,330000,224.9553,31245527.34,138896.6045,330000,129.1441,12588647.38,97477.5261,222500,10348
"San Francisco County, California",06075,CA,San Francisco,Direct FIPS match,2024,21.2228,2848038.578,14.86214145,134197.1172,231000,11.8274,1513217.85,127941.7158,231000,9.3954,1334820.728,142071.7296,226000,702
"San Joaquin County, California",06077,CA,San Joaquin,Direct FIPS match,2024,129.2243,10914997.715,16.20564843,84465.5201,152000,78.9251,6115122.565,77480.0737,152000,50.2992,4799875.15,95426.471,147000,3224
"San Luis Obispo County, California",06079,CA,San Luis Obispo,Direct FIPS match,2024,69.1472,3750234.75,15.13732926,54235.5258,84000,0.0,0.0,0.0,,69.1472,3750234.75,54235.5258,84000,1528
"San Mateo County, California",06081,CA,San Mateo,Direct FIPS match,2024,73.0362,10443531.16,16.16149341,142991.1627,251000,30.0033,3479806.06,115980.7774,196000,43.0329,6963725.1,161823.2817,251000,2304
"Santa Barbara County, California",06083,CA,Santa Barbara,Direct FIPS match,2024,90.5885,4308570.905,15.27611706,47562.0074,130000,0.0,0.0,0.0,,90.5885,4308570.905,47562.0074,130000,1892
"Santa Clara County, California",06085,CA,Santa Clara,Direct FIPS match,2024,141.7309,18656990.352,16.74173151,131636.7168,273000,42.4498,6391729.552,150571.488,233000,99.2811,12265260.8,123540.7424,273000,4366
"Santa Cruz County, California",06087,CA,Santa Cruz,Direct FIPS match,2024,30.1372,1946395.45,14.48149025,64584.482,90000,0.0,0.0,0.0,,30.1372,1946395.45,64584.482,90000,739
"Shasta County, California",06089,CA,Shasta,Direct FIPS match,2024,65.0678,1930231.99,14.47315127,29664.934,69000,65.0678,1930231.99,29664.934,69000,0.0,0.0,0.0,,1385
"Sierra County, California",06091,CA,Sierra,Direct FIPS match,2024,1.688,57393.8,10.95770899,34001.0664,35000,1.688,57393.8,34001.0664,35000,0.0,0.0,0.0,,28
"Siskiyou County, California",06093,CA,Siskiyou,Direct FIPS match,2024,68.8011,1111872.069,13.9215566,16160.6729,44148,68.8011,1111872.069,16160.6729,44148,0.0,0.0,0.0,,1337
"Solano County, California",06095,CA,Solano,Direct FIPS match,2024,85.0594,10417206.3851,16.15896955,122469.7845,230000,74.5333,9982052.79,133927.4229,230000,10.5261,435153.5951,41340.439,101000,2150
"Sonoma County, California",06097,CA,Sonoma,Direct FIPS match,2024,54.0235,3820216.515,15.15581792,70713.9766,143000,0.0,0.0,0.0,,54.0235,3820216.515,70713.9766,143000,1253
"Stanislaus County, California",06099,CA,Stanislaus,Direct FIPS match,2024,53.1953,4364047.675,15.28891078,82038.2191,148000,28.1624,1326096.275,47087.4739,51000,25.0329,3037951.4,121358.3484,148000,1060
"Sutter County, California",06101,CA,Sutter,Direct FIPS match,2024,17.546,612329.49,13.32502743,34898.5233,53000,0.0,0.0,0.0,,17.546,612329.49,34898.5233,53000,283
"Tehama County, California",06103,CA,Tehama,Direct FIPS match,2024,40.6417,1379875.9,14.13750485,33952.219,45000,40.6417,1379875.9,33952.219,45000,0.0,0.0,0.0,,782
"Trinity County, California",06105,CA,Trinity,No qualifying Interstate/freeway mainline section in HPMS filter,2024,0,0,0,0,0,0,0,0,0,0,0,0,0,0
"Tulare County, California",06107,CA,Tulare,Direct FIPS match,2024,73.9833,4101972.55,15.22697877,55444.574,75500,0.0,0.0,0.0,,73.9833,4101972.55,55444.574,75500,1495
"Tuolumne County, California",06109,CA,Tuolumne,No qualifying Interstate/freeway mainline section in HPMS filter,2024,0,0,0,0,0,0,0,0,0,0,0,0,0,0
"Ventura County, California",06111,CA,Ventura,Direct FIPS match,2024,79.6641,7578064.25,15.84076848,95125.2101,180000,0.0,0.0,0.0,,79.6641,7578064.25,95125.2101,180000,2122
"Yolo County, California",06113,CA,Yolo,Direct FIPS match,2024,77.4194,3952394.108,15.18983231,51051.7274,151000,66.2199,3699072.153,55860.431,151000,11.1995,253321.955,22619.0415,40500,1536
"Yuba County, California",06115,CA,Yuba,Direct FIPS match,2024,12.55,498640.2366,13.11964215,39732.2898,83500,0.0,0.0,0.0,,12.55,498640.2366,39732.2898,83500,233
"Adams County, Colorado",08001,CO,Adams,Direct FIPS match,2024,103.729,7472852.0,15.82678741,72042.0712,278000,65.302,5554447.0,85057.839,278000,38.427,1918405.0,49923.3612,169000,1502
"Alamosa County, Colorado",08003,CO,Alamosa,No qualifying Interstate/freeway mainline section in HPMS filter,2024,0,0,0,0,0,0,0,0,0,0,0,0,0,0
"Arapahoe County, Colorado",08005,CO,Arapahoe,Direct FIPS match,2024,70.702,4458461.0,15.31031442,63059.8993,263000,41.617,2910062.0,69924.8384,263000,29.085,1548399.0,53237.0294,88000,968
"Archuleta County, Colorado",08007,CO,Archuleta,No qualifying Interstate/freeway mainline section in HPMS filter,2024,0,0,0,0,0,0,0,0,0,0,0,0,0,0
"Baca County, Colorado",08009,CO,Baca,No qualifying Interstate/freeway mainline section in HPMS filter,2024,0,0,0,0,0,0,0,0,0,0,0,0,0,0
"Bent County, Colorado",08011,CO,Bent,No qualifying Interstate/freeway mainline section in HPMS filter,2024,0,0,0,0,0,0,0,0,0,0,0,0,0,0
"Boulder County, Colorado",08013,CO,Boulder,Direct FIPS match,2024,31.106,1421203.3,14.16701517,45689.0407,90000,0.0,0.0,0.0,,31.106,1421203.3,45689.0407,90000,560
"Broomfield County, Colorado",08014,CO,Broomfield,Direct FIPS match,2024,13.159,821776.0,13.61922435,62449.7302,137000,2.692,355538.0,132072.0654,137000,10.467,466238.0,44543.6133,94000,215
"Chaffee County, Colorado",08015,CO,Chaffee,No qualifying Interstate/freeway mainline section in HPMS filter,2024,0,0,0,0,0,0,0,0,0,0,0,0,0,0
"Cheyenne County, Colorado",08017,CO,Cheyenne,No qualifying Interstate/freeway mainline section in HPMS filter,2024,0,0,0,0,0,0,0,0,0,0,0,0,0,0
"Clear Creek County, Colorado",08019,CO,Clear Creek,Direct FIPS match,2024,33.244,1406420.0,14.15655874,42305.98,57000,33.244,1406420.0,42305.98,57000,0.0,0.0,0.0,,446
"Conejos County, Colorado",08021,CO,Conejos,No qualifying Interstate/freeway mainline section in HPMS filter,2024,0,0,0,0,0,0,0,0,0,0,0,0,0,0
"Costilla County, Colorado",08023,CO,Costilla,No qualifying Interstate/freeway mainline section in HPMS filter,2024,0,0,0,0,0,0,0,0,0,0,0,0,0,0
"Crowley County, Colorado",08025,CO,Crowley,No qualifying Interstate/freeway mainline section in HPMS filter,2024,0,0,0,0,0,0,0,0,0,0,0,0,0,0
"Custer County, Colorado",08027,CO,Custer,No qualifying Interstate/freeway mainline section in HPMS filter,2024,0,0,0,0,0,0,0,0,0,0,0,0,0,0
"Delta County, Colorado",08029,CO,Delta,No qualifying Interstate/freeway mainline section in HPMS filter,2024,0,0,0,0,0,0,0,0,0,0,0,0,0,0
"Denver County, Colorado",08031,CO,Denver,Direct FIPS match,2024,52.753,8046242.0,15.90071583,152526.7189,289000,30.603,6073505.0,198461.0986,289000,22.15,1972737.0,89062.6185,156000,855
"Dolores County, Colorado",08033,CO,Dolores,No qualifying Interstate/freeway mainline section in HPMS filter,2024,0,0,0,0,0,0,0,0,0,0,0,0,0,0
"Douglas County, Colorado",08035,CO,Douglas,Direct FIPS match,2024,47.823,4832498.0,15.39087428,101049.6623,197000,31.657,3466727.0,109509.0185,197000,16.166,1365771.0,84484.1643,120000,631
"Eagle County, Colorado",08037,CO,Eagle,Direct FIPS match,2024,60.012,1733410.0,14.3656017,28884.3898,40000,60.012,1733410.0,28884.3898,40000,0.0,0.0,0.0,,785
"Elbert County, Colorado",08039,CO,Elbert,Direct FIPS match,2024,27.222,362178.0,12.79989384,13304.6066,14000,27.222,362178.0,13304.6066,14000,0.0,0.0,0.0,,312
"El Paso County, Colorado",08041,CO,El Paso,Direct FIPS match,2024,96.187,6200382.0,15.64012162,64461.7464,151000,46.898,4244728.0,90509.7872,151000,49.289,1955654.0,39677.2911,68000,1408
"Fremont County, Colorado",08043,CO,Fremont,Direct FIPS match,2024,6.233,111911.0,11.62546813,17954.5965,19000,0.0,0.0,0.0,,6.233,111911.0,17954.5965,19000,93
"Garfield County, Colorado",08045,CO,Garfield,Direct FIPS match,2024,65.458,1584290.0,14.27564755,24203.1532,37000,65.458,1584290.0,24203.1532,37000,0.0,0.0,0.0,,831
"Gilpin County, Colorado",08047,CO,Gilpin,No qualifying Interstate/freeway mainline section in HPMS filter,2024,0,0,0,0,0,0,0,0,0,0,0,0,0,0
"Grand County, Colorado",08049,CO,Grand,No qualifying Interstate/freeway mainline section in HPMS filter,2024,0,0,0,0,0,0,0,0,0,0,0,0,0,0
"Gunnison County, Colorado",08051,CO,Gunnison,Direct FIPS match,2024,5.54,44865.9,10.71145561,8098.5379,14000,0.0,0.0,0.0,,5.54,44865.9,8098.5379,14000,76
"Hinsdale County, Colorado",08053,CO,Hinsdale,No qualifying Interstate/freeway mainline section in HPMS filter,2024,0,0,0,0,0,0,0,0,0,0,0,0,0,0
"Huerfano County, Colorado",08055,CO,Huerfano,Direct FIPS match,2024,29.792,399257.0,12.8973631,13401.4836,15000,29.792,399257.0,13401.4836,15000,0.0,0.0,0.0,,351
"Jackson County, Colorado",08057,CO,Jackson,No qualifying Interstate/freeway mainline section in HPMS filter,2024,0,0,0,0,0,0,0,0,0,0,0,0,0,0
"Jefferson County, Colorado",08059,CO,Jefferson,Direct FIPS match,2024,72.555,5004482.0,15.42584467,68975.0121,162000,24.195,2110951.0,87247.4065,162000,48.36,2893531.0,59833.1472,131000,1093
"Kiowa County, Colorado",08061,CO,Kiowa,No qualifying Interstate/freeway mainline section in HPMS filter,2024,0,0,0,0,0,0,0,0,0,0,0,0,0,0
"Kit Carson County, Colorado",08063,CO,Kit Carson,Direct FIPS match,2024,59.939,624298.0,13.3443847,10415.5558,11000,59.939,624298.0,10415.5558,11000,0.0,0.0,0.0,,661
"Lake County, Colorado",08065,CO,Lake,No qualifying Interstate/freeway mainline section in HPMS filter,2024,0,0,0,0,0,0,0,0,0,0,0,0,0,0
"La Plata County, Colorado",08067,CO,La Plata,No qualifying Interstate/freeway mainline section in HPMS filter,2024,0,0,0,0,0,0,0,0,0,0,0,0,0,0
"Larimer County, Colorado",08069,CO,Larimer,Direct FIPS match,2024,46.023,2191337.0,14.60002287,47613.9539,89000,38.758,2022334.0,52178.4922,89000,7.265,169003.0,23262.629,27000,726
"Las Animas County, Colorado",08071,CO,Las Animas,Direct FIPS match,2024,39.099,529863.0,13.18037565,13551.83,17000,39.099,529863.0,13551.83,17000,0.0,0.0,0.0,,490
"Lincoln County, Colorado",08073,CO,Lincoln,Direct FIPS match,2024,30.453,327067.0,12.69792338,10740.0585,14000,30.453,327067.0,10740.0585,14000,0.0,0.0,0.0,,341
"Logan County, Colorado",08075,CO,Logan,Direct FIPS match,2024,47.625,428388.1,12.96778717,8995.0257,12000,47.625,428388.1,8995.0257,12000,0.0,0.0,0.0,,529
"Mesa County, Colorado",08077,CO,Mesa,Direct FIPS match,2024,65.534,1186065.3,13.98615276,18098.4725,25000,65.534,1186065.3,18098.4725,25000,0.0,0.0,0.0,,809
"Mineral County, Colorado",08079,CO,Mineral,No qualifying Interstate/freeway mainline section in HPMS filter,2024,0,0,0,0,0,0,0,0,0,0,0,0,0,0
"Moffat County, Colorado",08081,CO,Moffat,No qualifying Interstate/freeway mainline section in HPMS filter,2024,0,0,0,0,0,0,0,0,0,0,0,0,0,0
"Montezuma County, Colorado",08083,CO,Montezuma,No qualifying Interstate/freeway mainline section in HPMS filter,2024,0,0,0,0,0,0,0,0,0,0,0,0,0,0
"Montrose County, Colorado",08085,CO,Montrose,No qualifying Interstate/freeway mainline section in HPMS filter,2024,0,0,0,0,0,0,0,0,0,0,0,0,0,0
"Morgan County, Colorado",08087,CO,Morgan,Direct FIPS match,2024,38.179,662659.0,13.40401732,17356.6358,22000,38.179,662659.0,17356.6358,22000,0.0,0.0,0.0,,469
"Otero County, Colorado",08089,CO,Otero,No qualifying Interstate/freeway mainline section in HPMS filter,2024,0,0,0,0,0,0,0,0,0,0,0,0,0,0
"Ouray County, Colorado",08091,CO,Ouray,No qualifying Interstate/freeway mainline section in HPMS filter,2024,0,0,0,0,0,0,0,0,0,0,0,0,0,0
"Park County, Colorado",08093,CO,Park,No qualifying Interstate/freeway mainline section in HPMS filter,2024,0,0,0,0,0,0,0,0,0,0,0,0,0,0
"Phillips County, Colorado",08095,CO,Phillips,No qualifying Interstate/freeway mainline section in HPMS filter,2024,0,0,0,0,0,0,0,0,0,0,0,0,0,0
"Pitkin County, Colorado",08097,CO,Pitkin,No qualifying Interstate/freeway mainline section in HPMS filter,2024,0,0,0,0,0,0,0,0,0,0,0,0,0,0
"Prowers County, Colorado",08099,CO,Prowers,No qualifying Interstate/freeway mainline section in HPMS filter,2024,0,0,0,0,0,0,0,0,0,0,0,0,0,0
"Pueblo County, Colorado",08101,CO,Pueblo,Direct FIPS match,2024,79.742,2157142.5,14.58429545,27051.5224,81000,47.454,1499008.0,31588.6543,81000,32.288,658134.5,20383.2538,49000,1098
"Rio Blanco County, Colorado",08103,CO,Rio Blanco,No qualifying Interstate/freeway mainline section in HPMS filter,2024,0,0,0,0,0,0,0,0,0,0,0,0,0,0
"Rio Grande County, Colorado",08105,CO,Rio Grande,No qualifying Interstate/freeway mainline section in HPMS filter,2024,0,0,0,0,0,0,0,0,0,0,0,0,0,0
"Routt County, Colorado",08107,CO,Routt,No qualifying Interstate/freeway mainline section in HPMS filter,2024,0,0,0,0,0,0,0,0,0,0,0,0,0,0
"Saguache County, Colorado",08109,CO,Saguache,No qualifying Interstate/freeway mainline section in HPMS filter,2024,0,0,0,0,0,0,0,0,0,0,0,0,0,0
"San Juan County, Colorado",08111,CO,San Juan,No qualifying Interstate/freeway mainline section in HPMS filter,2024,0,0,0,0,0,0,0,0,0,0,0,0,0,0
"San Miguel County, Colorado",08113,CO,San Miguel,No qualifying Interstate/freeway mainline section in HPMS filter,2024,0,0,0,0,0,0,0,0,0,0,0,0,0,0
"Sedgwick County, Colorado",08115,CO,Sedgwick,Direct FIPS match,2024,26.723,224974.3,12.3237459,8418.7516,8800,26.723,224974.3,8418.7516,8800,0.0,0.0,0.0,,296
"Summit County, Colorado",08117,CO,Summit,Direct FIPS match,2024,24.167,789078.0,13.57862172,32651.0531,44000,24.167,789078.0,32651.0531,44000,0.0,0.0,0.0,,309
"Teller County, Colorado",08119,CO,Teller,No qualifying Interstate/freeway mainline section in HPMS filter,2024,0,0,0,0,0,0,0,0,0,0,0,0,0,0
"Washington County, Colorado",08121,CO,Washington,Direct FIPS match,2024,10.627,127524.0,11.7560677,12000.0,12000,10.627,127524.0,12000.0,12000,0.0,0.0,0.0,,114
"Weld County, Colorado",08123,CO,Weld,Direct FIPS match,2024,121.732,4401271.0,15.29740415,36155.4152,133000,64.592,2934502.0,45431.3537,133000,57.14,1466769.0,25669.741,49000,1781
"Yuma County, Colorado",08125,CO,Yuma,No qualifying Interstate/freeway mainline section in HPMS filter,2024,0,0,0,0,0,0,0,0,0,0,0,0,0,0
"Capitol Planning Region, Connecticut",09110,CT,Capitol Planning Region,MISSING - HPMS 2024 uses 8 legacy CT counties; current master uses 9 planning regions,2024,,,,,,,,,,,,,,
"Greater Bridgeport Planning Region, Connecticut",09120,CT,Greater Bridgeport Planning Region,MISSING - HPMS 2024 uses 8 legacy CT counties; current master uses 9 planning regions,2024,,,,,,,,,,,,,,
"Lower Connecticut River Valley Planning Region, Connecticut",09130,CT,Lower Connecticut River Valley Planning Region,MISSING - HPMS 2024 uses 8 legacy CT counties; current master uses 9 planning regions,2024,,,,,,,,,,,,,,
"Naugatuck Valley Planning Region, Connecticut",09140,CT,Naugatuck Valley Planning Region,MISSING - HPMS 2024 uses 8 legacy CT counties; current master uses 9 planning regions,2024,,,,,,,,,,,,,,
"Northeastern Connecticut Planning Region, Connecticut",09150,CT,Northeastern Connecticut Planning Region,MISSING - HPMS 2024 uses 8 legacy CT counties; current master uses 9 planning regions,2024,,,,,,,,,,,,,,
"Northwest Hills Planning Region, Connecticut",09160,CT,Northwest Hills Planning Region,MISSING - HPMS 2024 uses 8 legacy CT counties; current master uses 9 planning regions,2024,,,,,,,,,,,,,,
"South Central Connecticut Planning Region, Connecticut",09170,CT,South Central Connecticut Planning Region,MISSING - HPMS 2024 uses 8 legacy CT counties; current master uses 9 planning regions,2024,,,,,,,,,,,,,,
"Southeastern Connecticut Planning Region, Connecticut",09180,CT,Southeastern Connecticut Planning Region,MISSING - HPMS 2024 uses 8 legacy CT counties; current master uses 9 planning regions,2024,,,,,,,,,,,,,,
"Western Connecticut Planning Region, Connecticut",09190,CT,Western Connecticut Planning Region,MISSING - HPMS 2024 uses 8 legacy CT counties; current master uses 9 planning regions,2024,,,,,,,,,,,,,,
"Kent County, Delaware",10001,DE,Kent,Direct FIPS match,2024,27.52,1231619.56,14.02384139,44753.6177,55808,0.0,0.0,0.0,,27.52,1231619.56,44753.6177,55808,374
"New Castle County, Delaware",10003,DE,New Castle,Direct FIPS match,2024,82.06,6277551.26,15.65249069,76499.5279,218571,40.61,3964379.61,97620.7735,218571,41.45,2313171.65,55806.3124,106680,1156
"Sussex County, Delaware",10005,DE,Sussex,No qualifying Interstate/freeway mainline section in HPMS filter,2024,0,0,0,0,0,0,0,0,0,0,0,0,0,0
"District of Columbia, District of Columbia",11001,DC,District of Columbia,Direct FIPS match,2024,28.1677,2417161.074,14.69810471,85813.2213,243160,11.825,1377161.216,116461.8364,243160,16.3427,1039999.858,63636.9668,156221,491
"Alachua County, Florida",12001,FL,Alachua,Direct FIPS match,2024,35.19,2418200.0,14.69853443,68718.3859,98500,35.19,2418200.0,68718.3859,98500,0.0,0.0,0.0,,399
"Baker County, Florida",12003,FL,Baker,Direct FIPS match,2024,25.462,774402.07,13.55984778,30414.0315,41500,25.462,774402.07,30414.0315,41500,0.0,0.0,0.0,,277
"Bay County, Florida",12005,FL,Bay,No qualifying Interstate/freeway mainline section in HPMS filter,2024,0,0,0,0,0,0,0,0,0,0,0,0,0,0
"Bradford County, Florida",12007,FL,Bradford,No qualifying Interstate/freeway mainline section in HPMS filter,2024,0,0,0,0,0,0,0,0,0,0,0,0,0,0
"Brevard County, Florida",12009,FL,Brevard,Direct FIPS match,2024,101.481,6159576.775,15.63351879,60696.8474,108500,72.707,5064893.271,69661.7007,108500,28.774,1094683.504,38044.1893,63000,1343
"Broward County, Florida",12011,FL,Broward,Direct FIPS match,2024,137.988,18110462.314,16.71200041,131246.6469,301000,83.561,11802249.67,141241.1253,301000,54.427,6308212.644,115902.2662,159200,1878
"Calhoun County, Florida",12013,FL,Calhoun,No qualifying Interstate/freeway mainline section in HPMS filter,2024,0,0,0,0,0,0,0,0,0,0,0,0,0,0
"Charlotte County, Florida",12015,FL,Charlotte,Direct FIPS match,2024,21.968,1552332.608,14.25526991,70663.3562,76000,21.968,1552332.608,70663.3562,76000,0.0,0.0,0.0,,271
"Citrus County, Florida",12017,FL,Citrus,Direct FIPS match,2024,12.171,119357.4,11.68988601,9806.7045,10000,0.0,0.0,0.0,,12.171,119357.4,9806.7045,10000,130
"Clay County, Florida",12019,FL,Clay,Direct FIPS match,2024,6.244,105546.9,11.56692016,16903.7316,24400,0.0,0.0,0.0,,6.244,105546.9,16903.7316,24400,86
"Collier County, Florida",12021,FL,Collier,Direct FIPS match,2024,63.613,2512877.142,14.73693932,39502.5725,115657,63.613,2512877.142,39502.5725,115657,0.0,0.0,0.0,,778
"Columbia County, Florida",12023,FL,Columbia,Direct FIPS match,2024,51.137,2128610.805,14.57098059,41625.6488,58000,51.137,2128610.805,41625.6488,58000,0.0,0.0,0.0,,570
"DeSoto County, Florida",12027,FL,DeSoto,No qualifying Interstate/freeway mainline section in HPMS filter,2024,0,0,0,0,0,0,0,0,0,0,0,0,0,0
"Dixie County, Florida",12029,FL,Dixie,No qualifying Interstate/freeway mainline section in HPMS filter,2024,0,0,0,0,0,0,0,0,0,0,0,0,0,0
"Duval County, Florida",12031,FL,Duval,Direct FIPS match,2024,182.086,15758018.13,16.57285994,86541.6239,182000,120.135,12494113.13,104000.6087,182000,61.951,3263905.0,52685.2674,158500,2467
"Escambia County, Florida",12033,FL,Escambia,Direct FIPS match,2024,25.507,1620644.673,14.29833519,63537.2515,93500,25.507,1620644.673,63537.2515,93500,0.0,0.0,0.0,,323
"Flagler County, Florida",12035,FL,Flagler,Direct FIPS match,2024,18.729,1495727.32,14.21812382,79861.5687,92438,18.729,1495727.32,79861.5687,92438,0.0,0.0,0.0,,216
"Franklin County, Florida",12037,FL,Franklin,No qualifying Interstate/freeway mainline section in HPMS filter,2024,0,0,0,0,0,0,0,0,0,0,0,0,0,0
"Gadsden County, Florida",12039,FL,Gadsden,Direct FIPS match,2024,33.508,1018706.496,13.83404522,30401.889,40000,33.508,1018706.496,30401.889,40000,0.0,0.0,0.0,,360
"Gilchrist County, Florida",12041,FL,Gilchrist,No qualifying Interstate/freeway mainline section in HPMS filter,2024,0,0,0,0,0,0,0,0,0,0,0,0,0,0
"Glades County, Florida",12043,FL,Glades,No qualifying Interstate/freeway mainline section in HPMS filter,2024,0,0,0,0,0,0,0,0,0,0,0,0,0,0
"Gulf County, Florida",12045,FL,Gulf,No qualifying Interstate/freeway mainline section in HPMS filter,2024,0,0,0,0,0,0,0,0,0,0,0,0,0,0
"Hamilton County, Florida",12047,FL,Hamilton,Direct FIPS match,2024,28.746,1194710.255,13.99341509,41560.9217,48915,28.746,1194710.255,41560.9217,48915,0.0,0.0,0.0,,306
"Hardee County, Florida",12049,FL,Hardee,No qualifying Interstate/freeway mainline section in HPMS filter,2024,0,0,0,0,0,0,0,0,0,0,0,0,0,0
"Hendry County, Florida",12051,FL,Hendry,No qualifying Interstate/freeway mainline section in HPMS filter,2024,0,0,0,0,0,0,0,0,0,0,0,0,0,0
"Hernando County, Florida",12053,FL,Hernando,Direct FIPS match,2024,30.121,1050553.426,13.86482861,34877.7738,66000,11.468,741439.0,64652.8601,66000,18.653,309114.426,16571.8343,25300,397
"Highlands County, Florida",12055,FL,Highlands,No qualifying Interstate/freeway mainline section in HPMS filter,2024,0,0,0,0,0,0,0,0,0,0,0,0,0,0
"Hillsborough County, Florida",12057,FL,Hillsborough,Direct FIPS match,2024,132.743,15320599.696,16.54470893,115415.4998,259000,88.231,12703220.0,143976.8335,259000,44.512,2617379.696,58801.6646,114088,1988
"Holmes County, Florida",12059,FL,Holmes,Direct FIPS match,2024,15.451,321018.805,12.6792581,20776.5714,25965,15.451,321018.805,20776.5714,25965,0.0,0.0,0.0,,188
"Indian River County, Florida",12061,FL,Indian River,Direct FIPS match,2024,29.178,1377748.68,14.13596206,47218.7497,57584,19.198,996512.68,51907.1091,57584,9.98,381236.0,38200.0,38200,354
"Jackson County, Florida",12063,FL,Jackson,Direct FIPS match,2024,33.26,820042.122,13.61711221,24655.5058,27125,33.26,820042.122,24655.5058,27125,0.0,0.0,0.0,,358
"Jefferson County, Florida",12065,FL,Jefferson,Direct FIPS match,2024,19.487,597167.051,13.29995385,30644.3809,32500,19.487,597167.051,30644.3809,32500,0.0,0.0,0.0,,222
"Lafayette County, Florida",12067,FL,Lafayette,No qualifying Interstate/freeway mainline section in HPMS filter,2024,0,0,0,0,0,0,0,0,0,0,0,0,0,0
"Lake County, Florida",12069,FL,Lake,Direct FIPS match,2024,32.5177,1637525.392,14.30869736,50357.971,79800,0.0,0.0,0.0,,32.5177,1637525.392,50357.971,79800,403
"Lee County, Florida",12071,FL,Lee,Direct FIPS match,2024,39.568,3925067.74,15.18289442,99198.0322,125280,34.138,3597988.74,105395.4168,125280,5.43,327079.0,60235.5433,67500,504
"Leon County, Florida",12073,FL,Leon,Direct FIPS match,2024,22.2,993909.72,13.80940266,44770.7081,71529,22.2,993909.72,44770.7081,71529,0.0,0.0,0.0,,297
"Levy County, Florida",12075,FL,Levy,No qualifying Interstate/freeway mainline section in HPMS filter,2024,0,0,0,0,0,0,0,0,0,0,0,0,0,0
"Liberty County, Florida",12077,FL,Liberty,No qualifying Interstate/freeway mainline section in HPMS filter,2024,0,0,0,0,0,0,0,0,0,0,0,0,0,0
"Madison County, Florida",12079,FL,Madison,Direct FIPS match,2024,32.99,844547.24,13.64655714,25600.0982,30639,32.99,844547.24,25600.0982,30639,0.0,0.0,0.0,,360
"Manatee County, Florida",12081,FL,Manatee,Direct FIPS match,2024,28.893,2952270.5,14.89808543,102179.4379,148000,28.592,2948357.5,103118.2673,148000,0.301,3913.0,13000.0,13000,389
"Marion County, Florida",12083,FL,Marion,Direct FIPS match,2024,38.282,3631633.0,15.10519324,94865.2892,140500,38.282,3631633.0,94865.2892,140500,0.0,0.0,0.0,,440
"Martin County, Florida",12085,FL,Martin,Direct FIPS match,2024,45.066,3539937.88,15.07962002,78550.0794,115500,24.817,2354752.78,94884.667,115500,20.249,1185185.1,58530.5497,64900,557
"Miami-Dade County, Florida",12086,FL,Miami-Dade,Direct FIPS match,2024,140.808,19982883.04,16.81038667,141915.8218,324500,28.381,5521876.9,194562.4502,311000,112.427,14461006.14,128625.7406,324500,2345
"Monroe County, Florida",12087,FL,Monroe,No qualifying Interstate/freeway mainline section in HPMS filter,2024,0,0,0,0,0,0,0,0,0,0,0,0,0,0
"Nassau County, Florida",12089,FL,Nassau,Direct FIPS match,2024,12.945,881306.752,13.68916217,68080.8615,75666,12.945,881306.752,68080.8615,75666,0.0,0.0,0.0,,141
"Okaloosa County, Florida",12091,FL,Okaloosa,Direct FIPS match,2024,24.554,727315.5,13.49711701,29621.0597,35000,24.554,727315.5,29621.0597,35000,0.0,0.0,0.0,,280
"Okeechobee County, Florida",12093,FL,Okeechobee,Direct FIPS match,2024,7.472,285430.4,12.561757,38200.0,38200,0.0,0.0,0.0,,7.472,285430.4,38200.0,38200,106
"Orange County, Florida",12095,FL,Orange,Direct FIPS match,2024,188.893,19161837.0,16.76843125,101442.8115,256500,24.673,5298121.5,214733.5752,256500,164.22,13863715.5,84421.6021,222000,2804
"Osceola County, Florida",12097,FL,Osceola,Direct FIPS match,2024,85.665,4306150.7,15.27555519,50267.3285,145500,7.885,1034773.0,131233.1008,145500,77.78,3271377.7,42059.3687,112900,1058
"Palm Beach County, Florida",12099,FL,Palm Beach,Direct FIPS match,2024,90.579,13317193.112,16.40456655,147022.9646,262000,46.018,9581427.852,208210.4362,262000,44.561,3735765.26,83834.8614,118700,1171
"Pasco County, Florida",12101,FL,Pasco,Direct FIPS match,2024,40.482,2819130.63,14.85193946,69639.1144,135287,20.617,1944614.13,94320.9065,135287,19.865,874516.5,44022.9801,62800,514
"Pinellas County, Florida",12103,FL,Pinellas,Direct FIPS match,2024,38.712,3815332.451,15.15453862,98556.8416,177000,31.287,3625423.351,115876.3496,177000,7.425,189909.1,25576.9832,31500,538
"Polk County, Florida",12105,FL,Polk,Direct FIPS match,2024,56.402,4155611.428,15.23997037,73678.441,147000,32.022,3456899.188,107953.8813,147000,24.38,698712.24,28659.2387,48300,789
"Putnam County, Florida",12107,FL,Putnam,No qualifying Interstate/freeway mainline section in HPMS filter,2024,0,0,0,0,0,0,0,0,0,0,0,0,0,0
"St. Johns County, Florida",12109,FL,St. Johns,Direct FIPS match,2024,37.051,3205264.0,14.98030533,86509.5139,117000,34.855,3085110.0,88512.6955,117000,2.196,120154.0,54714.9362,61500,431
"St. Lucie County, Florida",12111,FL,St. Lucie,Direct FIPS match,2024,62.218,3689297.288,15.12094683,59296.3015,103500,27.259,2134118.644,78290.4231,103500,34.959,1555178.644,44485.7875,64900,768
"Santa Rosa County, Florida",12113,FL,Santa Rosa,Direct FIPS match,2024,23.294,1009695.0,13.82515985,43345.7113,73000,23.294,1009695.0,43345.7113,73000,0.0,0.0,0.0,,275
"Sarasota County, Florida",12115,FL,Sarasota,Direct FIPS match,2024,42.615,4052094.0,15.21474459,95086.0964,150500,42.615,4052094.0,95086.0964,150500,0.0,0.0,0.0,,545
"Seminole County, Florida",12117,FL,Seminole,Direct FIPS match,2024,34.818,3219836.3,14.98484139,92476.1991,206250,14.135,2167298.7,153328.5249,206250,20.683,1052537.6,50889.02,78500,481
"Sumter County, Florida",12119,FL,Sumter,Direct FIPS match,2024,39.666,2611157.041,14.77530437,65828.5948,94000,28.996,2034326.671,70158.8726,94000,10.67,576830.37,54060.9531,56058,469
"Suwannee County, Florida",12121,FL,Suwannee,Direct FIPS match,2024,29.164,854133.45,13.6578439,29287.2531,48000,29.164,854133.45,29287.2531,48000,0.0,0.0,0.0,,322
"Taylor County, Florida",12123,FL,Taylor,No qualifying Interstate/freeway mainline section in HPMS filter,2024,0,0,0,0,0,0,0,0,0,0,0,0,0,0
"Union County, Florida",12125,FL,Union,No qualifying Interstate/freeway mainline section in HPMS filter,2024,0,0,0,0,0,0,0,0,0,0,0,0,0,0
"Volusia County, Florida",12127,FL,Volusia,Direct FIPS match,2024,73.725,5317944.2,15.48659755,72132.1695,136500,73.725,5317944.2,72132.1695,136500,0.0,0.0,0.0,,907
"Wakulla County, Florida",12129,FL,Wakulla,No qualifying Interstate/freeway mainline section in HPMS filter,2024,0,0,0,0,0,0,0,0,0,0,0,0,0,0
"Walton County, Florida",12131,FL,Walton,Direct FIPS match,2024,27.454,701272.471,13.46065321,25543.5445,26500,27.454,701272.471,25543.5445,26500,0.0,0.0,0.0,,291
"Washington County, Florida",12133,FL,Washington,Direct FIPS match,2024,16.882,367963.441,12.81574158,21796.1996,24247,16.882,367963.441,21796.1996,24247,0.0,0.0,0.0,,200
"Appling County, Georgia",13001,GA,Appling,No qualifying Interstate/freeway mainline section in HPMS filter,2024,0,0,0,0,0,0,0,0,0,0,0,0,0,0
"Atkinson County, Georgia",13003,GA,Atkinson,No qualifying Interstate/freeway mainline section in HPMS filter,2024,0,0,0,0,0,0,0,0,0,0,0,0,0,0
"Bacon County, Georgia",13005,GA,Bacon,No qualifying Interstate/freeway mainline section in HPMS filter,2024,0,0,0,0,0,0,0,0,0,0,0,0,0,0
"Baker County, Georgia",13007,GA,Baker,No qualifying Interstate/freeway mainline section in HPMS filter,2024,0,0,0,0,0,0,0,0,0,0,0,0,0,0
"Baldwin County, Georgia",13009,GA,Baldwin,No qualifying Interstate/freeway mainline section in HPMS filter,2024,0,0,0,0,0,0,0,0,0,0,0,0,0,0
"Banks County, Georgia",13011,GA,Banks,Direct FIPS match,2024,6.4734,319097.21,12.6732542,49293.6031,50000,6.4734,319097.21,49293.6031,50000,0.0,0.0,0.0,,94
"Barrow County, Georgia",13013,GA,Barrow,Direct FIPS match,2024,2.4041,172236.12,12.05662741,71642.6605,78000,2.4041,172236.12,71642.6605,78000,0.0,0.0,0.0,,38
"Bartow County, Georgia",13015,GA,Bartow,Direct FIPS match,2024,29.9459,2696114.24,14.80732249,90032.8339,119000,29.9459,2696114.24,90032.8339,119000,0.0,0.0,0.0,,412
"Ben Hill County, Georgia",13017,GA,Ben Hill,No qualifying Interstate/freeway mainline section in HPMS filter,2024,0,0,0,0,0,0,0,0,0,0,0,0,0,0
"Berrien County, Georgia",13019,GA,Berrien,No qualifying Interstate/freeway mainline section in HPMS filter,2024,0,0,0,0,0,0,0,0,0,0,0,0,0,0
"Bibb County, Georgia",13021,GA,Bibb,Direct FIPS match,2024,42.2528,2458956.55,14.71524806,58196.2982,95600,42.2528,2458956.55,58196.2982,95600,0.0,0.0,0.0,,702
"Bleckley County, Georgia",13023,GA,Bleckley,Direct FIPS match,2024,1.633,43809.51,10.68762902,26827.624,26900,1.633,43809.51,26827.624,26900,0.0,0.0,0.0,,27
"Brantley County, Georgia",13025,GA,Brantley,No qualifying Interstate/freeway mainline section in HPMS filter,2024,0,0,0,0,0,0,0,0,0,0,0,0,0,0
"Brooks County, Georgia",13027,GA,Brooks,No qualifying Interstate/freeway mainline section in HPMS filter,2024,0,0,0,0,0,0,0,0,0,0,0,0,0,0
"Bryan County, Georgia",13029,GA,Bryan,Direct FIPS match,2024,20.5565,1229991.38,14.02251853,59834.6693,95100,20.5565,1229991.38,59834.6693,95100,0.0,0.0,0.0,,260
"Bulloch County, Georgia",13031,GA,Bulloch,Direct FIPS match,2024,26.0896,821606.79,13.61901842,31491.7358,39000,26.0896,821606.79,31491.7358,39000,0.0,0.0,0.0,,321
"Burke County, Georgia",13033,GA,Burke,No qualifying Interstate/freeway mainline section in HPMS filter,2024,0,0,0,0,0,0,0,0,0,0,0,0,0,0
"Butts County, Georgia",13035,GA,Butts,Direct FIPS match,2024,5.4437,506312.09,13.13491051,93008.8157,95300,5.4437,506312.09,93008.8157,95300,0.0,0.0,0.0,,75
"Calhoun County, Georgia",13037,GA,Calhoun,No qualifying Interstate/freeway mainline section in HPMS filter,2024,0,0,0,0,0,0,0,0,0,0,0,0,0,0
"Camden County, Georgia",13039,GA,Camden,Direct FIPS match,2024,27.668,1753366.02,14.37704851,63371.6214,74200,27.668,1753366.02,63371.6214,74200,0.0,0.0,0.0,,370
"Candler County, Georgia",13043,GA,Candler,Direct FIPS match,2024,17.3959,446679.48,13.00959881,25677.2849,27200,17.3959,446679.48,25677.2849,27200,0.0,0.0,0.0,,212
"Carroll County, Georgia",13045,GA,Carroll,Direct FIPS match,2024,15.8999,794322.15,13.58524565,49957.6821,76200,15.8999,794322.15,49957.6821,76200,0.0,0.0,0.0,,208
"Catoosa County, Georgia",13047,GA,Catoosa,Direct FIPS match,2024,13.4059,1256548.19,14.04387978,93730.9834,103000,13.4059,1256548.19,93730.9834,103000,0.0,0.0,0.0,,199
"Charlton County, Georgia",13049,GA,Charlton,No qualifying Interstate/freeway mainline section in HPMS filter,2024,0,0,0,0,0,0,0,0,0,0,0,0,0,0
"Chatham County, Georgia",13051,GA,Chatham,Direct FIPS match,2024,66.8642,3645843.548,15.1090986,54526.0924,97700,43.2885,2951817.71,68189.4201,97700,23.5757,694025.838,29438.1858,61600,1191
"Chattahoochee County, Georgia",13053,GA,Chattahoochee,No qualifying Interstate/freeway mainline section in HPMS filter,2024,0,0,0,0,0,0,0,0,0,0,0,0,0,0
"Chattooga County, Georgia",13055,GA,Chattooga,No qualifying Interstate/freeway mainline section in HPMS filter,2024,0,0,0,0,0,0,0,0,0,0,0,0,0,0
"Cherokee County, Georgia",13057,GA,Cherokee,Direct FIPS match,2024,26.0322,1762882.42,14.38246133,67719.3022,119000,26.0322,1762882.42,67719.3022,119000,0.0,0.0,0.0,,365
"Clarke County, Georgia",13059,GA,Clarke,Direct FIPS match,2024,14.8453,726235.03,13.49563035,48920.199,63300,0.0,0.0,0.0,,14.8453,726235.03,48920.199,63300,266
"Clay County, Georgia",13061,GA,Clay,No qualifying Interstate/freeway mainline section in HPMS filter,2024,0,0,0,0,0,0,0,0,0,0,0,0,0,0
"Clayton County, Georgia",13063,GA,Clayton,Direct FIPS match,2024,26.0159,3542780.96,15.08042284,136177.5284,223000,25.9235,3540554.12,136577.01,223000,0.0924,2226.84,24100.0,24100,434
"Clinch County, Georgia",13065,GA,Clinch,No qualifying Interstate/freeway mainline section in HPMS filter,2024,0,0,0,0,0,0,0,0,0,0,0,0,0,0
"Cobb County, Georgia",13067,GA,Cobb,Direct FIPS match,2024,35.3441,5917294.83,15.59339012,167419.5928,327000,35.3441,5917294.83,167419.5928,327000,0.0,0.0,0.0,,566
"Coffee County, Georgia",13069,GA,Coffee,No qualifying Interstate/freeway mainline section in HPMS filter,2024,0,0,0,0,0,0,0,0,0,0,0,0,0,0
"Colquitt County, Georgia",13071,GA,Colquitt,No qualifying Interstate/freeway mainline section in HPMS filter,2024,0,0,0,0,0,0,0,0,0,0,0,0,0,0
"Columbia County, Georgia",13073,GA,Columbia,Direct FIPS match,2024,16.9433,873931.31,13.6807582,51579.7578,78400,16.9433,873931.31,51579.7578,78400,0.0,0.0,0.0,,205
"Cook County, Georgia",13075,GA,Cook,Direct FIPS match,2024,21.2543,1124327.68,13.93269669,52898.8336,54300,21.2543,1124327.68,52898.8336,54300,0.0,0.0,0.0,,263
"Coweta County, Georgia",13077,GA,Coweta,Direct FIPS match,2024,23.3037,1791753.74,14.398706,76887.0926,94700,23.3037,1791753.74,76887.0926,94700,0.0,0.0,0.0,,301
"Crawford County, Georgia",13079,GA,Crawford,Direct FIPS match,2024,0.1368,13050.72,9.4766752,95400.0,95400,0.1368,13050.72,95400.0,95400,0.0,0.0,0.0,,4
"Crisp County, Georgia",13081,GA,Crisp,Direct FIPS match,2024,15.9126,824816.35,13.62291725,51834.166,57400,15.9126,824816.35,51834.166,57400,0.0,0.0,0.0,,272
"Dade County, Georgia",13083,GA,Dade,Direct FIPS match,2024,25.0795,630569.66,13.3543805,25142.8322,68800,25.0795,630569.66,25142.8322,68800,0.0,0.0,0.0,,332
"Dawson County, Georgia",13085,GA,Dawson,No qualifying Interstate/freeway mainline section in HPMS filter,2024,0,0,0,0,0,0,0,0,0,0,0,0,0,0
"Decatur County, Georgia",13087,GA,Decatur,Direct FIPS match,2024,4.8888,62113.163,11.03672931,12705.1962,19800,0.0,0.0,0.0,,4.8888,62113.163,12705.1962,19800,77
"DeKalb County, Georgia",13089,GA,DeKalb,Direct FIPS match,2024,66.9946,10602795.15,16.17662831,158263.4294,293000,55.4454,9509930.18,171518.8308,293000,11.5492,1092864.97,94626.898,114000,1119
"Dodge County, Georgia",13091,GA,Dodge,No qualifying Interstate/freeway mainline section in HPMS filter,2024,0,0,0,0,0,0,0,0,0,0,0,0,0,0
"Dooly County, Georgia",13093,GA,Dooly,Direct FIPS match,2024,18.283,1011888.94,13.82733037,55345.8918,56800,18.283,1011888.94,55345.8918,56800,0.0,0.0,0.0,,245
"Dougherty County, Georgia",13095,GA,Dougherty,Direct FIPS match,2024,8.6185,335771.81,12.72419005,38959.4257,48100,0.0,0.0,0.0,,8.6185,335771.81,38959.4257,48100,120
"Douglas County, Georgia",13097,GA,Douglas,Direct FIPS match,2024,18.8075,1931065.32,14.47358291,102675.2795,134000,18.8075,1931065.32,102675.2795,134000,0.0,0.0,0.0,,264
"Early County, Georgia",13099,GA,Early,No qualifying Interstate/freeway mainline section in HPMS filter,2024,0,0,0,0,0,0,0,0,0,0,0,0,0,0
"Echols County, Georgia",13101,GA,Echols,No qualifying Interstate/freeway mainline section in HPMS filter,2024,0,0,0,0,0,0,0,0,0,0,0,0,0,0
"Effingham County, Georgia",13103,GA,Effingham,Direct FIPS match,2024,3.5256,165386.14,12.01604431,46910.0692,64400,3.5256,165386.14,46910.0692,64400,0.0,0.0,0.0,,52
"Elbert County, Georgia",13105,GA,Elbert,No qualifying Interstate/freeway mainline section in HPMS filter,2024,0,0,0,0,0,0,0,0,0,0,0,0,0,0
"Emanuel County, Georgia",13107,GA,Emanuel,Direct FIPS match,2024,10.0725,237022.41,12.37591419,23531.6366,24100,10.0725,237022.41,23531.6366,24100,0.0,0.0,0.0,,130
"Evans County, Georgia",13109,GA,Evans,No qualifying Interstate/freeway mainline section in HPMS filter,2024,0,0,0,0,0,0,0,0,0,0,0,0,0,0
"Fannin County, Georgia",13111,GA,Fannin,No qualifying Interstate/freeway mainline section in HPMS filter,2024,0,0,0,0,0,0,0,0,0,0,0,0,0,0
"Fayette County, Georgia",13113,GA,Fayette,No qualifying Interstate/freeway mainline section in HPMS filter,2024,0,0,0,0,0,0,0,0,0,0,0,0,0,0
"Floyd County, Georgia",13115,GA,Floyd,Direct FIPS match,2024,3.0452,78504.45,11.27092333,25779.7353,33800,0.0,0.0,0.0,,3.0452,78504.45,25779.7353,33800,55
"Forsyth County, Georgia",13117,GA,Forsyth,Direct FIPS match,2024,14.8185,1207619.8,14.0041627,81494.0649,115000,0.0,0.0,0.0,,14.8185,1207619.8,81494.0649,115000,186
"Franklin County, Georgia",13119,GA,Franklin,Direct FIPS match,2024,21.4762,1012874.31,13.82830369,47162.641,48600,21.4762,1012874.31,47162.641,48600,0.0,0.0,0.0,,272
"Fulton County, Georgia",13121,GA,Fulton,Direct FIPS match,2024,111.4964,17599915.66,16.68340472,157851.8738,405000,74.2704,13473570.94,181412.3923,405000,37.226,4126344.72,110845.7723,204000,1876
"Gilmer County, Georgia",13123,GA,Gilmer,No qualifying Interstate/freeway mainline section in HPMS filter,2024,0,0,0,0,0,0,0,0,0,0,0,0,0,0
"Glascock County, Georgia",13125,GA,Glascock,No qualifying Interstate/freeway mainline section in HPMS filter,2024,0,0,0,0,0,0,0,0,0,0,0,0,0,0
"Glynn County, Georgia",13127,GA,Glynn,Direct FIPS match,2024,16.868,1031813.73,13.84682968,61169.8915,62500,16.868,1031813.73,61169.8915,62500,0.0,0.0,0.0,,218
"Gordon County, Georgia",13129,GA,Gordon,Direct FIPS match,2024,15.6544,1209767.2,14.00593933,77279.6913,79800,15.6544,1209767.2,77279.6913,79800,0.0,0.0,0.0,,217
"Grady County, Georgia",13131,GA,Grady,No qualifying Interstate/freeway mainline section in HPMS filter,2024,0,0,0,0,0,0,0,0,0,0,0,0,0,0
"Greene County, Georgia",13133,GA,Greene,Direct FIPS match,2024,16.3539,519523.81,13.16066985,31767.579,34200,16.3539,519523.81,31767.579,34200,0.0,0.0,0.0,,194
"Gwinnett County, Georgia",13135,GA,Gwinnett,Direct FIPS match,2024,58.0216,7028697.68,15.76551214,121139.3288,312000,35.2905,5451203.61,154466.6018,312000,22.7311,1577494.07,69398.0524,108000,879
"Habersham County, Georgia",13137,GA,Habersham,No qualifying Interstate/freeway mainline section in HPMS filter,2024,0,0,0,0,0,0,0,0,0,0,0,0,0,0
"Hall County, Georgia",13139,GA,Hall,Direct FIPS match,2024,17.714,1128262.07,13.9361899,63693.2409,71000,16.5775,1091098.52,65818.0377,71000,1.1365,37163.55,32700.0,32700,244
"Hancock County, Georgia",13141,GA,Hancock,No qualifying Interstate/freeway mainline section in HPMS filter,2024,0,0,0,0,0,0,0,0,0,0,0,0,0,0
"Haralson County, Georgia",13143,GA,Haralson,Direct FIPS match,2024,9.6037,393176.24,12.88201578,40940.0793,43600,9.6037,393176.24,40940.0793,43600,0.0,0.0,0.0,,129
"Harris County, Georgia",13145,GA,Harris,Direct FIPS match,2024,22.1908,684082.71,13.43583557,30827.3118,41000,22.1904,684078.03,30827.6566,41000,0.0004,4.68,11700.0,11700,266
"Hart County, Georgia",13147,GA,Hart,Direct FIPS match,2024,2.2511,106421.6,11.57517324,47275.3765,47500,2.2511,106421.6,47275.3765,47500,0.0,0.0,0.0,,35
"Heard County, Georgia",13149,GA,Heard,No qualifying Interstate/freeway mainline section in HPMS filter,2024,0,0,0,0,0,0,0,0,0,0,0,0,0,0
"Henry County, Georgia",13151,GA,Henry,Direct FIPS match,2024,21.2509,2818529.92,14.85172636,132631.0848,186000,21.2509,2818529.92,132631.0848,186000,0.0,0.0,0.0,,320
"Houston County, Georgia",13153,GA,Houston,Direct FIPS match,2024,16.8998,1037755.66,13.85257188,61406.3871,72400,16.8998,1037755.66,61406.3871,72400,0.0,0.0,0.0,,223
"Irwin County, Georgia",13155,GA,Irwin,No qualifying Interstate/freeway mainline section in HPMS filter,2024,0,0,0,0,0,0,0,0,0,0,0,0,0,0
"Jackson County, Georgia",13157,GA,Jackson,Direct FIPS match,2024,21.7547,1219231.66,14.01373225,56044.5173,64400,21.7547,1219231.66,56044.5173,64400,0.0,0.0,0.0,,286
"Jasper County, Georgia",13159,GA,Jasper,No qualifying Interstate/freeway mainline section in HPMS filter,2024,0,0,0,0,0,0,0,0,0,0,0,0,0,0
"Jeff Davis County, Georgia",13161,GA,Jeff Davis,No qualifying Interstate/freeway mainline section in HPMS filter,2024,0,0,0,0,0,0,0,0,0,0,0,0,0,0
"Jefferson County, Georgia",13163,GA,Jefferson,No qualifying Interstate/freeway mainline section in HPMS filter,2024,0,0,0,0,0,0,0,0,0,0,0,0,0,0
"Jenkins County, Georgia",13165,GA,Jenkins,No qualifying Interstate/freeway mainline section in HPMS filter,2024,0,0,0,0,0,0,0,0,0,0,0,0,0,0
"Johnson County, Georgia",13167,GA,Johnson,No qualifying Interstate/freeway mainline section in HPMS filter,2024,0,0,0,0,0,0,0,0,0,0,0,0,0,0
"Jones County, Georgia",13169,GA,Jones,No qualifying Interstate/freeway mainline section in HPMS filter,2024,0,0,0,0,0,0,0,0,0,0,0,0,0,0
"Lamar County, Georgia",13171,GA,Lamar,Direct FIPS match,2024,2.6788,237073.8,12.37613098,88500.0,88500,2.6788,237073.8,88500.0,88500,0.0,0.0,0.0,,38
"Lanier County, Georgia",13173,GA,Lanier,No qualifying Interstate/freeway mainline section in HPMS filter,2024,0,0,0,0,0,0,0,0,0,0,0,0,0,0
"Laurens County, Georgia",13175,GA,Laurens,Direct FIPS match,2024,31.8108,832636.39,13.63235352,26174.6448,27500,31.8108,832636.39,26174.6448,27500,0.0,0.0,0.0,,391
"Lee County, Georgia",13177,GA,Lee,No qualifying Interstate/freeway mainline section in HPMS filter,2024,0,0,0,0,0,0,0,0,0,0,0,0,0,0
"Liberty County, Georgia",13179,GA,Liberty,Direct FIPS match,2024,13.1907,832968.69,13.63275253,63148.1794,66700,13.1907,832968.69,63148.1794,66700,0.0,0.0,0.0,,178
"Lincoln County, Georgia",13181,GA,Lincoln,No qualifying Interstate/freeway mainline section in HPMS filter,2024,0,0,0,0,0,0,0,0,0,0,0,0,0,0
"Long County, Georgia",13183,GA,Long,No qualifying Interstate/freeway mainline section in HPMS filter,2024,0,0,0,0,0,0,0,0,0,0,0,0,0,0
"Lowndes County, Georgia",13185,GA,Lowndes,Direct FIPS match,2024,31.3554,1735114.74,14.36658468,55337.0309,60900,31.3554,1735114.74,55337.0309,60900,0.0,0.0,0.0,,367
"Lumpkin County, Georgia",13187,GA,Lumpkin,No qualifying Interstate/freeway mainline section in HPMS filter,2024,0,0,0,0,0,0,0,0,0,0,0,0,0,0
"McDuffie County, Georgia",13189,GA,McDuffie,Direct FIPS match,2024,11.8945,404335.88,12.91000367,33993.5163,38700,11.8945,404335.88,33993.5163,38700,0.0,0.0,0.0,,154
"McIntosh County, Georgia",13191,GA,McIntosh,Direct FIPS match,2024,21.9064,1358366.87,14.12179444,62007.7635,62400,21.9064,1358366.87,62007.7635,62400,0.0,0.0,0.0,,267
"Macon County, Georgia",13193,GA,Macon,No qualifying Interstate/freeway mainline section in HPMS filter,2024,0,0,0,0,0,0,0,0,0,0,0,0,0,0
"Madison County, Georgia",13195,GA,Madison,No qualifying Interstate/freeway mainline section in HPMS filter,2024,0,0,0,0,0,0,0,0,0,0,0,0,0,0
"Marion County, Georgia",13197,GA,Marion,No qualifying Interstate/freeway mainline section in HPMS filter,2024,0,0,0,0,0,0,0,0,0,0,0,0,0,0
"Meriwether County, Georgia",13199,GA,Meriwether,Direct FIPS match,2024,4.4343,258076.26,12.46101428,58200.0,58200,4.4343,258076.26,58200.0,58200,0.0,0.0,0.0,,61
"Miller County, Georgia",13201,GA,Miller,No qualifying Interstate/freeway mainline section in HPMS filter,2024,0,0,0,0,0,0,0,0,0,0,0,0,0,0
"Mitchell County, Georgia",13205,GA,Mitchell,No qualifying Interstate/freeway mainline section in HPMS filter,2024,0,0,0,0,0,0,0,0,0,0,0,0,0,0
"Monroe County, Georgia",13207,GA,Monroe,Direct FIPS match,2024,28.833,2204561.85,14.60603979,76459.6764,96300,28.833,2204561.85,76459.6764,96300,0.0,0.0,0.0,,394
"Montgomery County, Georgia",13209,GA,Montgomery,No qualifying Interstate/freeway mainline section in HPMS filter,2024,0,0,0,0,0,0,0,0,0,0,0,0,0,0
"Morgan County, Georgia",13211,GA,Morgan,Direct FIPS match,2024,24.3387,918056.9,13.73001574,37720.0467,40800,24.3387,918056.9,37720.0467,40800,0.0,0.0,0.0,,291
"Murray County, Georgia",13213,GA,Murray,No qualifying Interstate/freeway mainline section in HPMS filter,2024,0,0,0,0,0,0,0,0,0,0,0,0,0,0
"Muscogee County, Georgia",13215,GA,Muscogee,Direct FIPS match,2024,32.2811,1378810.99,14.13673281,42712.6396,74800,14.6044,770215.35,52738.5822,74800,17.6767,608595.64,34429.2566,62900,537
"Newton County, Georgia",13217,GA,Newton,Direct FIPS match,2024,15.0908,952691.75,13.76704773,63130.6326,86600,15.0908,952691.75,63130.6326,86600,0.0,0.0,0.0,,202
"Oconee County, Georgia",13219,GA,Oconee,Direct FIPS match,2024,4.0006,137068.08,11.82824031,34261.8807,42100,0.0,0.0,0.0,,4.0006,137068.08,34261.8807,42100,75
"Oglethorpe County, Georgia",13221,GA,Oglethorpe,No qualifying Interstate/freeway mainline section in HPMS filter,2024,0,0,0,0,0,0,0,0,0,0,0,0,0,0
"Paulding County, Georgia",13223,GA,Paulding,No qualifying Interstate/freeway mainline section in HPMS filter,2024,0,0,0,0,0,0,0,0,0,0,0,0,0,0
"Peach County, Georgia",13225,GA,Peach,Direct FIPS match,2024,11.097,925258.6,13.73782963,83379.1655,95400,11.097,925258.6,83379.1655,95400,0.0,0.0,0.0,,150
"Pickens County, Georgia",13227,GA,Pickens,Direct FIPS match,2024,0.829,26113.5,10.17024599,31500.0,31500,0.829,26113.5,31500.0,31500,0.0,0.0,0.0,,16
"Pierce County, Georgia",13229,GA,Pierce,No qualifying Interstate/freeway mainline section in HPMS filter,2024,0,0,0,0,0,0,0,0,0,0,0,0,0,0
"Pike County, Georgia",13231,GA,Pike,No qualifying Interstate/freeway mainline section in HPMS filter,2024,0,0,0,0,0,0,0,0,0,0,0,0,0,0
"Polk County, Georgia",13233,GA,Polk,No qualifying Interstate/freeway mainline section in HPMS filter,2024,0,0,0,0,0,0,0,0,0,0,0,0,0,0
"Pulaski County, Georgia",13235,GA,Pulaski,No qualifying Interstate/freeway mainline section in HPMS filter,2024,0,0,0,0,0,0,0,0,0,0,0,0,0,0
"Putnam County, Georgia",13237,GA,Putnam,No qualifying Interstate/freeway mainline section in HPMS filter,2024,0,0,0,0,0,0,0,0,0,0,0,0,0,0
"Quitman County, Georgia",13239,GA,Quitman,No qualifying Interstate/freeway mainline section in HPMS filter,2024,0,0,0,0,0,0,0,0,0,0,0,0,0,0
"Rabun County, Georgia",13241,GA,Rabun,No qualifying Interstate/freeway mainline section in HPMS filter,2024,0,0,0,0,0,0,0,0,0,0,0,0,0,0
"Randolph County, Georgia",13243,GA,Randolph,No qualifying Interstate/freeway mainline section in HPMS filter,2024,0,0,0,0,0,0,0,0,0,0,0,0,0,0
"Richmond County, Georgia",13245,GA,Richmond,Direct FIPS match,2024,29.721,1542548.871,14.24894737,51900.9748,97000,21.9927,1359013.03,61793.8239,97000,7.7283,183535.841,23748.5399,58000,541
"Rockdale County, Georgia",13247,GA,Rockdale,Direct FIPS match,2024,8.577,952912.08,13.76727897,111100.8604,134000,8.577,952912.08,111100.8604,134000,0.0,0.0,0.0,,97
"Schley County, Georgia",13249,GA,Schley,No qualifying Interstate/freeway mainline section in HPMS filter,2024,0,0,0,0,0,0,0,0,0,0,0,0,0,0
"Screven County, Georgia",13251,GA,Screven,No qualifying Interstate/freeway mainline section in HPMS filter,2024,0,0,0,0,0,0,0,0,0,0,0,0,0,0
"Seminole County, Georgia",13253,GA,Seminole,No qualifying Interstate/freeway mainline section in HPMS filter,2024,0,0,0,0,0,0,0,0,0,0,0,0,0,0
"Spalding County, Georgia",13255,GA,Spalding,Direct FIPS match,2024,4.6447,263557.89,12.48203211,56743.7918,95300,1.8833,179478.49,95300.0,95300,2.7614,84079.4,30448.106,32600,73
"Stephens County, Georgia",13257,GA,Stephens,No qualifying Interstate/freeway mainline section in HPMS filter,2024,0,0,0,0,0,0,0,0,0,0,0,0,0,0
"Stewart County, Georgia",13259,GA,Stewart,No qualifying Interstate/freeway mainline section in HPMS filter,2024,0,0,0,0,0,0,0,0,0,0,0,0,0,0
"Sumter County, Georgia",13261,GA,Sumter,No qualifying Interstate/freeway mainline section in HPMS filter,2024,0,0,0,0,0,0,0,0,0,0,0,0,0,0
"Talbot County, Georgia",13263,GA,Talbot,No qualifying Interstate/freeway mainline section in HPMS filter,2024,0,0,0,0,0,0,0,0,0,0,0,0,0,0
"Taliaferro County, Georgia",13265,GA,Taliaferro,Direct FIPS match,2024,10.1611,304253.29,12.62561911,29942.9481,30100,10.1611,304253.29,29942.9481,30100,0.0,0.0,0.0,,120
"Tattnall County, Georgia",13267,GA,Tattnall,No qualifying Interstate/freeway mainline section in HPMS filter,2024,0,0,0,0,0,0,0,0,0,0,0,0,0,0
"Taylor County, Georgia",13269,GA,Taylor,No qualifying Interstate/freeway mainline section in HPMS filter,2024,0,0,0,0,0,0,0,0,0,0,0,0,0,0
"Telfair County, Georgia",13271,GA,Telfair,No qualifying Interstate/freeway mainline section in HPMS filter,2024,0,0,0,0,0,0,0,0,0,0,0,0,0,0
"Terrell County, Georgia",13273,GA,Terrell,No qualifying Interstate/freeway mainline section in HPMS filter,2024,0,0,0,0,0,0,0,0,0,0,0,0,0,0
"Thomas County, Georgia",13275,GA,Thomas,No qualifying Interstate/freeway mainline section in HPMS filter,2024,0,0,0,0,0,0,0,0,0,0,0,0,0,0
"Tift County, Georgia",13277,GA,Tift,Direct FIPS match,2024,20.0859,1040937.14,13.85563292,51824.2718,59700,20.0859,1040937.14,51824.2718,59700,0.0,0.0,0.0,,260
"Toombs County, Georgia",13279,GA,Toombs,No qualifying Interstate/freeway mainline section in HPMS filter,2024,0,0,0,0,0,0,0,0,0,0,0,0,0,0
"Towns County, Georgia",13281,GA,Towns,No qualifying Interstate/freeway mainline section in HPMS filter,2024,0,0,0,0,0,0,0,0,0,0,0,0,0,0
"Treutlen County, Georgia",13283,GA,Treutlen,Direct FIPS match,2024,18.4257,420103.15,12.94825794,22799.8475,24500,18.4257,420103.15,22799.8475,24500,0.0,0.0,0.0,,227
"Troup County, Georgia",13285,GA,Troup,Direct FIPS match,2024,42.2821,1536895.36,14.24527559,36348.6052,58200,42.2821,1536895.36,36348.6052,58200,0.0,0.0,0.0,,584
"Turner County, Georgia",13287,GA,Turner,Direct FIPS match,2024,16.7714,804280.56,13.59770469,47955.4814,48600,16.7714,804280.56,47955.4814,48600,0.0,0.0,0.0,,217
"Twiggs County, Georgia",13289,GA,Twiggs,Direct FIPS match,2024,22.7583,564742.39,13.24412673,24814.788,26900,22.7583,564742.39,24814.788,26900,0.0,0.0,0.0,,263
"Union County, Georgia",13291,GA,Union,No qualifying Interstate/freeway mainline section in HPMS filter,2024,0,0,0,0,0,0,0,0,0,0,0,0,0,0
"Upson County, Georgia",13293,GA,Upson,No qualifying Interstate/freeway mainline section in HPMS filter,2024,0,0,0,0,0,0,0,0,0,0,0,0,0,0
"Walker County, Georgia",13295,GA,Walker,No qualifying Interstate/freeway mainline section in HPMS filter,2024,0,0,0,0,0,0,0,0,0,0,0,0,0,0
"Walton County, Georgia",13297,GA,Walton,Direct FIPS match,2024,1.4566,59429.28,10.99255914,40800.0,40800,1.4566,59429.28,40800.0,40800,0.0,0.0,0.0,,21
"Ware County, Georgia",13299,GA,Ware,No qualifying Interstate/freeway mainline section in HPMS filter,2024,0,0,0,0,0,0,0,0,0,0,0,0,0,0
"Warren County, Georgia",13301,GA,Warren,Direct FIPS match,2024,13.0475,381537.77,12.85196775,29242.2127,30900,13.0475,381537.77,29242.2127,30900,0.0,0.0,0.0,,155
"Washington County, Georgia",13303,GA,Washington,No qualifying Interstate/freeway mainline section in HPMS filter,2024,0,0,0,0,0,0,0,0,0,0,0,0,0,0
"Wayne County, Georgia",13305,GA,Wayne,No qualifying Interstate/freeway mainline section in HPMS filter,2024,0,0,0,0,0,0,0,0,0,0,0,0,0,0
"Webster County, Georgia",13307,GA,Webster,No qualifying Interstate/freeway mainline section in HPMS filter,2024,0,0,0,0,0,0,0,0,0,0,0,0,0,0
"Wheeler County, Georgia",13309,GA,Wheeler,No qualifying Interstate/freeway mainline section in HPMS filter,2024,0,0,0,0,0,0,0,0,0,0,0,0,0,0
"White County, Georgia",13311,GA,White,No qualifying Interstate/freeway mainline section in HPMS filter,2024,0,0,0,0,0,0,0,0,0,0,0,0,0,0
"Whitfield County, Georgia",13313,GA,Whitfield,Direct FIPS match,2024,18.5981,1538623.43,14.24639935,82730.1407,88200,18.5981,1538623.43,82730.1407,88200,0.0,0.0,0.0,,243
"Wilcox County, Georgia",13315,GA,Wilcox,No qualifying Interstate/freeway mainline section in HPMS filter,2024,0,0,0,0,0,0,0,0,0,0,0,0,0,0
"Wilkes County, Georgia",13317,GA,Wilkes,No qualifying Interstate/freeway mainline section in HPMS filter,2024,0,0,0,0,0,0,0,0,0,0,0,0,0,0
"Wilkinson County, Georgia",13319,GA,Wilkinson,No qualifying Interstate/freeway mainline section in HPMS filter,2024,0,0,0,0,0,0,0,0,0,0,0,0,0,0
"Worth County, Georgia",13321,GA,Worth,No qualifying Interstate/freeway mainline section in HPMS filter,2024,0,0,0,0,0,0,0,0,0,0,0,0,0,0
"Hawaii County, Hawaii",15001,HI,Hawaii,No qualifying Interstate/freeway mainline section in HPMS filter,2024,0,0,0,0,0,0,0,0,0,0,0,0,0,0
"Honolulu County, Hawaii",15003,HI,Honolulu,Direct FIPS match,2024,88.494,6394144.448,15.67089336,72255.1184,231429,54.859,5091763.793,92815.4686,231429,33.635,1302380.655,38720.9946,77873,3755
"Kalawao County, Hawaii",15005,HI,Kalawao,No qualifying Interstate/freeway mainline section in HPMS filter,2024,0,0,0,0,0,0,0,0,0,0,0,0,0,0
"Kauai County, Hawaii",15007,HI,Kauai,No qualifying Interstate/freeway mainline section in HPMS filter,2024,0,0,0,0,0,0,0,0,0,0,0,0,0,0
"Maui County, Hawaii",15009,HI,Maui,No qualifying Interstate/freeway mainline section in HPMS filter,2024,0,0,0,0,0,0,0,0,0,0,0,0,0,0
"Ada County, Idaho",16001,ID,Ada,Direct FIPS match,2024,44.2295,2804222.95,14.84663739,63401.6426,147500,36.1497,2605599.1,72078.0283,147500,8.0798,198623.85,24582.7681,36000,681
"Adams County, Idaho",16003,ID,Adams,Direct FIPS match,2024,25.8548,73737.21,11.2082764,2851.9737,5400,0.0,0.0,0.0,,25.8548,73737.21,2851.9737,5400,344
"Bannock County, Idaho",16005,ID,Bannock,Direct FIPS match,2024,59.378,1093184.95,13.90460688,18410.6058,38000,59.378,1093184.95,18410.6058,38000,0.0,0.0,0.0,,766
"Bear Lake County, Idaho",16007,ID,Bear Lake,No qualifying Interstate/freeway mainline section in HPMS filter,2024,0,0,0,0,0,0,0,0,0,0,0,0,0,0
"Benewah County, Idaho",16009,ID,Benewah,No qualifying Interstate/freeway mainline section in HPMS filter,2024,0,0,0,0,0,0,0,0,0,0,0,0,0,0
"Bingham County, Idaho",16011,ID,Bingham,Direct FIPS match,2024,31.9272,858286.6,13.66269452,26882.6142,28000,31.9272,858286.6,26882.6142,28000,0.0,0.0,0.0,,415
"Blaine County, Idaho",16013,ID,Blaine,No qualifying Interstate/freeway mainline section in HPMS filter,2024,0,0,0,0,0,0,0,0,0,0,0,0,0,0
"Boise County, Idaho",16015,ID,Boise,No qualifying Interstate/freeway mainline section in HPMS filter,2024,0,0,0,0,0,0,0,0,0,0,0,0,0,0
"Bonner County, Idaho",16017,ID,Bonner,Direct FIPS match,2024,25.8595,347666.2,12.75900098,13444.4285,18500,0.0,0.0,0.0,,25.8595,347666.2,13444.4285,18500,658
"Bonneville County, Idaho",16019,ID,Bonneville,Direct FIPS match,2024,26.1396,578182.9,13.26764726,22119.0416,39000,15.7804,253858.2,16086.9306,30500,10.3592,324324.7,31307.8906,39000,404
"Boundary County, Idaho",16021,ID,Boundary,No qualifying Interstate/freeway mainline section in HPMS filter,2024,0,0,0,0,0,0,0,0,0,0,0,0,0,0
"Butte County, Idaho",16023,ID,Butte,No qualifying Interstate/freeway mainline section in HPMS filter,2024,0,0,0,0,0,0,0,0,0,0,0,0,0,0
"Camas County, Idaho",16025,ID,Camas,No qualifying Interstate/freeway mainline section in HPMS filter,2024,0,0,0,0,0,0,0,0,0,0,0,0,0,0
"Canyon County, Idaho",16027,ID,Canyon,Direct FIPS match,2024,22.744,1514000.05,14.23026641,66567.0089,122000,22.744,1514000.05,66567.0089,122000,0.0,0.0,0.0,,342
"Caribou County, Idaho",16029,ID,Caribou,No qualifying Interstate/freeway mainline section in HPMS filter,2024,0,0,0,0,0,0,0,0,0,0,0,0,0,0
"Cassia County, Idaho",16031,ID,Cassia,Direct FIPS match,2024,62.9815,702956.64,13.46305191,11161.3194,19500,62.9815,702956.64,11161.3194,19500,0.0,0.0,0.0,,744
"Clark County, Idaho",16033,ID,Clark,Direct FIPS match,2024,37.1223,133743.99,11.80369021,3602.7937,3700,37.1223,133743.99,3602.7937,3700,0.0,0.0,0.0,,431
"Clearwater County, Idaho",16035,ID,Clearwater,No qualifying Interstate/freeway mainline section in HPMS filter,2024,0,0,0,0,0,0,0,0,0,0,0,0,0,0
"Custer County, Idaho",16037,ID,Custer,No qualifying Interstate/freeway mainline section in HPMS filter,2024,0,0,0,0,0,0,0,0,0,0,0,0,0,0
"Elmore County, Idaho",16039,ID,Elmore,Direct FIPS match,2024,59.6509,1374983.85,14.13395327,23050.5131,29000,59.6509,1374983.85,23050.5131,29000,0.0,0.0,0.0,,709
"Franklin County, Idaho",16041,ID,Franklin,No qualifying Interstate/freeway mainline section in HPMS filter,2024,0,0,0,0,0,0,0,0,0,0,0,0,0,0
"Fremont County, Idaho",16043,ID,Fremont,Direct FIPS match,2024,9.8441,120932.03,11.7029922,12284.7218,15500,0.0,0.0,0.0,,9.8441,120932.03,12284.7218,15500,161
"Gem County, Idaho",16045,ID,Gem,No qualifying Interstate/freeway mainline section in HPMS filter,2024,0,0,0,0,0,0,0,0,0,0,0,0,0,0
"Gooding County, Idaho",16047,ID,Gooding,Direct FIPS match,2024,29.0432,579100.7,13.26923339,19939.287,25000,29.0432,579100.7,19939.287,25000,0.0,0.0,0.0,,336
"Idaho County, Idaho",16049,ID,Idaho,No qualifying Interstate/freeway mainline section in HPMS filter,2024,0,0,0,0,0,0,0,0,0,0,0,0,0,0
"Jefferson County, Idaho",16051,ID,Jefferson,Direct FIPS match,2024,39.3658,382972.78,12.85572181,9728.5659,36000,31.1516,154303.08,4953.2955,6300,8.2142,228669.7,27838.3409,36000,467
"Jerome County, Idaho",16053,ID,Jerome,Direct FIPS match,2024,39.1679,932699.25,13.74583915,23812.848,29000,39.1679,932699.25,23812.848,29000,0.0,0.0,0.0,,485
"Kootenai County, Idaho",16055,ID,Kootenai,Direct FIPS match,2024,39.9163,1237989.95,14.02900042,31014.6469,66000,39.9116,1237931.2,31016.8272,66000,0.0047,58.75,12500.0,12500,545
"Latah County, Idaho",16057,ID,Latah,Direct FIPS match,2024,15.8911,114772.14,11.65071276,7222.4163,13000,0.0,0.0,0.0,,15.8911,114772.14,7222.4163,13000,287
"Lemhi County, Idaho",16059,ID,Lemhi,No qualifying Interstate/freeway mainline section in HPMS filter,2024,0,0,0,0,0,0,0,0,0,0,0,0,0,0
"Lewis County, Idaho",16061,ID,Lewis,No qualifying Interstate/freeway mainline section in HPMS filter,2024,0,0,0,0,0,0,0,0,0,0,0,0,0,0
"Lincoln County, Idaho",16063,ID,Lincoln,No qualifying Interstate/freeway mainline section in HPMS filter,2024,0,0,0,0,0,0,0,0,0,0,0,0,0,0
"Madison County, Idaho",16065,ID,Madison,Direct FIPS match,2024,14.0835,348233.3,12.76063081,24726.3322,33000,0.0,0.0,0.0,,14.0835,348233.3,24726.3322,33000,203
"Minidoka County, Idaho",16067,ID,Minidoka,Direct FIPS match,2024,15.4854,324944.6,12.69141306,20983.9333,22000,15.4854,324944.6,20983.9333,22000,0.0,0.0,0.0,,195
"Nez Perce County, Idaho",16069,ID,Nez Perce,Direct FIPS match,2024,13.9453,125905.86,11.74329771,9028.5516,12000,0.0,0.0,0.0,,13.9453,125905.86,9028.5516,12000,192
"Oneida County, Idaho",16071,ID,Oneida,Direct FIPS match,2024,39.4045,479740.6,13.0810029,12174.7668,13500,39.4045,479740.6,12174.7668,13500,0.0,0.0,0.0,,457
"Owyhee County, Idaho",16073,ID,Owyhee,No qualifying Interstate/freeway mainline section in HPMS filter,2024,0,0,0,0,0,0,0,0,0,0,0,0,0,0
"Payette County, Idaho",16075,ID,Payette,Direct FIPS match,2024,17.2656,492816.7,13.10789461,28543.271,31500,17.2656,492816.7,28543.271,31500,0.0,0.0,0.0,,217
"Power County, Idaho",16077,ID,Power,Direct FIPS match,2024,40.9452,421033.4,12.95046982,10282.8512,14500,40.9452,421033.4,10282.8512,14500,0.0,0.0,0.0,,492
"Shoshone County, Idaho",16079,ID,Shoshone,Direct FIPS match,2024,33.824,436809.92,12.9872557,12914.2006,20000,33.824,436809.92,12914.2006,20000,0.0,0.0,0.0,,525
"Teton County, Idaho",16081,ID,Teton,No qualifying Interstate/freeway mainline section in HPMS filter,2024,0,0,0,0,0,0,0,0,0,0,0,0,0,0
"Twin Falls County, Idaho",16083,ID,Twin Falls,Direct FIPS match,2024,7.6882,111198.19,11.61907838,14463.4882,33500,0.0,0.0,0.0,,7.6882,111198.19,14463.4882,33500,114
"Valley County, Idaho",16085,ID,Valley,No qualifying Interstate/freeway mainline section in HPMS filter,2024,0,0,0,0,0,0,0,0,0,0,0,0,0,0
"Washington County, Idaho",16087,ID,Washington,No qualifying Interstate/freeway mainline section in HPMS filter,2024,0,0,0,0,0,0,0,0,0,0,0,0,0,0
"Adams County, Illinois",17001,IL,Adams,Direct FIPS match,2024,18.89,172763.88,12.05968687,9145.7851,12916,18.89,172763.88,9145.7851,12916,0.0,0.0,0.0,,220
"Alexander County, Illinois",17003,IL,Alexander,Direct FIPS match,2024,8.06,89905.39,11.4065243,11154.5149,15000,4.29,56370.0,13139.8601,15000,3.77,33535.39,8895.3289,9440,110
"Bond County, Illinois",17005,IL,Bond,Direct FIPS match,2024,20.51,504202.61,13.13073545,24583.2574,26522,20.51,504202.61,24583.2574,26522,0.0,0.0,0.0,,237
"Boone County, Illinois",17007,IL,Boone,Direct FIPS match,2024,12.78,698514.76,13.45671302,54656.867,57176,12.78,698514.76,54656.867,57176,0.0,0.0,0.0,,146
"Brown County, Illinois",17009,IL,Brown,No qualifying Interstate/freeway mainline section in HPMS filter,2024,0,0,0,0,0,0,0,0,0,0,0,0,0,0
"Bureau County, Illinois",17011,IL,Bureau,Direct FIPS match,2024,49.3,783115.64,13.57103693,15884.6986,25243,49.3,783115.64,15884.6986,25243,0.0,0.0,0.0,,581
"Calhoun County, Illinois",17013,IL,Calhoun,No qualifying Interstate/freeway mainline section in HPMS filter,2024,0,0,0,0,0,0,0,0,0,0,0,0,0,0
"Carroll County, Illinois",17015,IL,Carroll,No qualifying Interstate/freeway mainline section in HPMS filter,2024,0,0,0,0,0,0,0,0,0,0,0,0,0,0
"Cass County, Illinois",17017,IL,Cass,No qualifying Interstate/freeway mainline section in HPMS filter,2024,0,0,0,0,0,0,0,0,0,0,0,0,0,0
"Champaign County, Illinois",17019,IL,Champaign,Direct FIPS match,2024,77.48,1949215.74,14.48293818,25157.6631,50589,77.48,1949215.74,25157.6631,50589,0.0,0.0,0.0,,926
"Christian County, Illinois",17021,IL,Christian,No qualifying Interstate/freeway mainline section in HPMS filter,2024,0,0,0,0,0,0,0,0,0,0,0,0,0,0
"Clark County, Illinois",17023,IL,Clark,Direct FIPS match,2024,27.9,658978.77,13.39844811,23619.3108,27607,27.9,658978.77,23619.3108,27607,0.0,0.0,0.0,,312
"Clay County, Illinois",17025,IL,Clay,Direct FIPS match,2024,0.32,5963.2,8.69353021,18635.0,18635,0.32,5963.2,18635.0,18635,0.0,0.0,0.0,,5
"Clinton County, Illinois",17027,IL,Clinton,Direct FIPS match,2024,7.5,229237.5,12.34251823,30565.0,30565,7.5,229237.5,30565.0,30565,0.0,0.0,0.0,,91
"Coles County, Illinois",17029,IL,Coles,Direct FIPS match,2024,21.38,450327.25,13.01773204,21063.0145,22381,21.38,450327.25,21063.0145,22381,0.0,0.0,0.0,,248
"Cook County, Illinois",17031,IL,Cook,Direct FIPS match,2024,233.73,32272998.06,17.2897415,138078.116,342000,213.91,30949701.48,144685.6224,342000,19.82,1323296.58,66765.7205,132900,3609
"Crawford County, Illinois",17033,IL,Crawford,No qualifying Interstate/freeway mainline section in HPMS filter,2024,0,0,0,0,0,0,0,0,0,0,0,0,0,0
"Cumberland County, Illinois",17035,IL,Cumberland,Direct FIPS match,2024,30.03,653497.92,13.39009616,21761.5025,23170,30.03,653497.92,21761.5025,23170,0.0,0.0,0.0,,336
"DeKalb County, Illinois",17037,IL,DeKalb,Direct FIPS match,2024,18.26,512179.39,13.14643217,28049.2547,32264,18.26,512179.39,28049.2547,32264,0.0,0.0,0.0,,203
"De Witt County, Illinois",17039,IL,De Witt,Direct FIPS match,2024,22.27,266989.18,12.49496716,11988.7373,21198,5.18,108627.56,20970.5714,21198,17.09,158361.62,9266.3324,10511,290
"Douglas County, Illinois",17041,IL,Douglas,Direct FIPS match,2024,16.19,339602.33,12.73553354,20976.055,22381,16.19,339602.33,20976.055,22381,0.0,0.0,0.0,,186
"DuPage County, Illinois",17043,IL,DuPage,Direct FIPS match,2024,56.97,7598497.27,15.84346119,133377.1682,212500,54.26,7511806.11,138440.953,212500,2.71,86691.16,31989.3579,50948,786
"Edgar County, Illinois",17045,IL,Edgar,No qualifying Interstate/freeway mainline section in HPMS filter,2024,0,0,0,0,0,0,0,0,0,0,0,0,0,0
"Edwards County, Illinois",17047,IL,Edwards,No qualifying Interstate/freeway mainline section in HPMS filter,2024,0,0,0,0,0,0,0,0,0,0,0,0,0,0
"Effingham County, Illinois",17049,IL,Effingham,Direct FIPS match,2024,46.83,1142803.62,13.94899599,24403.2377,48082,46.83,1142803.62,24403.2377,48082,0.0,0.0,0.0,,540
"Fayette County, Illinois",17051,IL,Fayette,Direct FIPS match,2024,34.77,786568.94,13.57543692,22622.0575,26691,34.77,786568.94,22622.0575,26691,0.0,0.0,0.0,,397
"Ford County, Illinois",17053,IL,Ford,Direct FIPS match,2024,6.35,123684.96,11.72550105,19477.9465,20804,6.35,123684.96,19477.9465,20804,0.0,0.0,0.0,,69
"Franklin County, Illinois",17055,IL,Franklin,Direct FIPS match,2024,18.58,677698.57,13.42645936,36474.627,39800,18.58,677698.57,36474.627,39800,0.0,0.0,0.0,,214
"Fulton County, Illinois",17057,IL,Fulton,No qualifying Interstate/freeway mainline section in HPMS filter,2024,0,0,0,0,0,0,0,0,0,0,0,0,0,0
"Gallatin County, Illinois",17059,IL,Gallatin,No qualifying Interstate/freeway mainline section in HPMS filter,2024,0,0,0,0,0,0,0,0,0,0,0,0,0,0
"Greene County, Illinois",17061,IL,Greene,No qualifying Interstate/freeway mainline section in HPMS filter,2024,0,0,0,0,0,0,0,0,0,0,0,0,0,0
"Grundy County, Illinois",17063,IL,Grundy,Direct FIPS match,2024,35.18,1080697.3,13.89311796,30719.0819,53745,35.18,1080697.3,30719.0819,53745,0.0,0.0,0.0,,394
"Hamilton County, Illinois",17065,IL,Hamilton,No qualifying Interstate/freeway mainline section in HPMS filter,2024,0,0,0,0,0,0,0,0,0,0,0,0,0,0
"Hancock County, Illinois",17067,IL,Hancock,No qualifying Interstate/freeway mainline section in HPMS filter,2024,0,0,0,0,0,0,0,0,0,0,0,0,0,0
"Hardin County, Illinois",17069,IL,Hardin,No qualifying Interstate/freeway mainline section in HPMS filter,2024,0,0,0,0,0,0,0,0,0,0,0,0,0,0
"Henderson County, Illinois",17071,IL,Henderson,No qualifying Interstate/freeway mainline section in HPMS filter,2024,0,0,0,0,0,0,0,0,0,0,0,0,0,0
"Henry County, Illinois",17073,IL,Henry,Direct FIPS match,2024,56.8,971351.97,13.78644519,17101.2671,23277,56.8,971351.97,17101.2671,23277,0.0,0.0,0.0,,668
"Iroquois County, Illinois",17075,IL,Iroquois,Direct FIPS match,2024,38.47,679080.61,13.42849659,17652.2124,19128,38.47,679080.61,17652.2124,19128,0.0,0.0,0.0,,434
"Jackson County, Illinois",17077,IL,Jackson,No qualifying Interstate/freeway mainline section in HPMS filter,2024,0,0,0,0,0,0,0,0,0,0,0,0,0,0
"Jasper County, Illinois",17079,IL,Jasper,No qualifying Interstate/freeway mainline section in HPMS filter,2024,0,0,0,0,0,0,0,0,0,0,0,0,0,0
"Jefferson County, Illinois",17081,IL,Jefferson,Direct FIPS match,2024,49.79,1261988.47,14.04819998,25346.2235,42800,49.79,1261988.47,25346.2235,42800,0.0,0.0,0.0,,595
"Jersey County, Illinois",17083,IL,Jersey,No qualifying Interstate/freeway mainline section in HPMS filter,2024,0,0,0,0,0,0,0,0,0,0,0,0,0,0
"Jo Daviess County, Illinois",17085,IL,Jo Daviess,No qualifying Interstate/freeway mainline section in HPMS filter,2024,0,0,0,0,0,0,0,0,0,0,0,0,0,0
"Johnson County, Illinois",17087,IL,Johnson,Direct FIPS match,2024,26.3,519588.15,13.16079368,19756.2034,20700,26.3,519588.15,19756.2034,20700,0.0,0.0,0.0,,293
"Kane County, Illinois",17089,IL,Kane,Direct FIPS match,2024,43.96,2482472.79,14.72476612,56471.1736,107409,35.01,2208498.56,63081.9354,107409,8.95,273974.23,30611.6458,47657,534
"Kankakee County, Illinois",17091,IL,Kankakee,Direct FIPS match,2024,23.08,612389.97,13.3251262,26533.3609,34968,23.08,612389.97,26533.3609,34968,0.0,0.0,0.0,,269
"Kendall County, Illinois",17093,IL,Kendall,No qualifying Interstate/freeway mainline section in HPMS filter,2024,0,0,0,0,0,0,0,0,0,0,0,0,0,0
"Knox County, Illinois",17095,IL,Knox,Direct FIPS match,2024,42.28,640127.1,13.36942359,15140.1868,19656,34.23,555950.19,16241.6065,19656,8.05,84176.91,10456.759,14640,483
"Lake County, Illinois",17097,IL,Lake,Direct FIPS match,2024,28.67,3196473.18,14.97755894,111491.9142,178687,25.55,3174245.48,124236.6137,178687,3.12,22227.7,7124.2628,14034,347
"LaSalle County, Illinois",17099,IL,LaSalle,Direct FIPS match,2024,66.51,1525576.46,14.23788356,22937.5501,31761,66.51,1525576.46,22937.5501,31761,0.0,0.0,0.0,,748
"Lawrence County, Illinois",17101,IL,Lawrence,No qualifying Interstate/freeway mainline section in HPMS filter,2024,0,0,0,0,0,0,0,0,0,0,0,0,0,0
"Lee County, Illinois",17103,IL,Lee,Direct FIPS match,2024,49.19,841331.56,13.64274229,17103.7113,20174,49.19,841331.56,17103.7113,20174,0.0,0.0,0.0,,543
"Livingston County, Illinois",17105,IL,Livingston,Direct FIPS match,2024,30.37,651579.11,13.38715563,21454.6958,23070,30.37,651579.11,21454.6958,23070,0.0,0.0,0.0,,342
"Logan County, Illinois",17107,IL,Logan,Direct FIPS match,2024,41.74,938033.68,13.7515422,22473.2554,34410,41.74,938033.68,22473.2554,34410,0.0,0.0,0.0,,487
"McDonough County, Illinois",17109,IL,McDonough,No qualifying Interstate/freeway mainline section in HPMS filter,2024,0,0,0,0,0,0,0,0,0,0,0,0,0,0
"McHenry County, Illinois",17111,IL,McHenry,Direct FIPS match,2024,9.01,539996.33,13.19931947,59933.0,59933,9.01,539996.33,59933.0,59933,0.0,0.0,0.0,,94
"McLean County, Illinois",17113,IL,McLean,Direct FIPS match,2024,97.59,2239412.31,14.62172447,22947.1494,44589,86.62,2107639.35,24332.0174,44589,10.97,131772.96,12012.1203,14741,1148
"Macon County, Illinois",17115,IL,Macon,Direct FIPS match,2024,57.59,628241.93,13.3506822,10908.8719,24636,31.56,411548.41,13040.1904,15311,26.03,216693.52,8324.7607,24636,692
"Macoupin County, Illinois",17117,IL,Macoupin,Direct FIPS match,2024,11.26,325972.53,12.69457146,28949.603,29973,11.26,325972.53,28949.603,29973,0.0,0.0,0.0,,116
"Madison County, Illinois",17119,IL,Madison,Direct FIPS match,2024,94.9,3195136.59,14.97714071,33668.4572,57211,73.67,2738258.93,37169.2538,57211,21.23,456877.66,21520.3797,36853,1175
"Marion County, Illinois",17121,IL,Marion,Direct FIPS match,2024,27.98,505627.77,13.13355802,18071.0425,21000,27.98,505627.77,18071.0425,21000,0.0,0.0,0.0,,316
"Marshall County, Illinois",17123,IL,Marshall,Direct FIPS match,2024,12.59,201289.17,12.21250278,15988.0199,16268,12.59,201289.17,15988.0199,16268,0.0,0.0,0.0,,141
"Mason County, Illinois",17125,IL,Mason,No qualifying Interstate/freeway mainline section in HPMS filter,2024,0,0,0,0,0,0,0,0,0,0,0,0,0,0
"Massac County, Illinois",17127,IL,Massac,Direct FIPS match,2024,15.09,319031.0,12.67304669,21141.882,31400,15.09,319031.0,21141.882,31400,0.0,0.0,0.0,,183
"Menard County, Illinois",17129,IL,Menard,No qualifying Interstate/freeway mainline section in HPMS filter,2024,0,0,0,0,0,0,0,0,0,0,0,0,0,0
"Mercer County, Illinois",17131,IL,Mercer,No qualifying Interstate/freeway mainline section in HPMS filter,2024,0,0,0,0,0,0,0,0,0,0,0,0,0,0
"Monroe County, Illinois",17133,IL,Monroe,Direct FIPS match,2024,4.88,234635.39,12.36579232,48081.0225,53486,3.55,185558.39,52269.969,53486,1.33,49077.0,36900.0,36900,66
"Montgomery County, Illinois",17135,IL,Montgomery,Direct FIPS match,2024,26.73,762508.48,13.54437022,28526.318,30565,26.73,762508.48,28526.318,30565,0.0,0.0,0.0,,292
"Morgan County, Illinois",17137,IL,Morgan,Direct FIPS match,2024,22.4,267702.48,12.49763523,11951.0036,15001,22.4,267702.48,11951.0036,15001,0.0,0.0,0.0,,257
"Moultrie County, Illinois",17139,IL,Moultrie,No qualifying Interstate/freeway mainline section in HPMS filter,2024,0,0,0,0,0,0,0,0,0,0,0,0,0,0
"Ogle County, Illinois",17141,IL,Ogle,Direct FIPS match,2024,26.31,712896.34,13.47709271,27096.022,32339,26.31,712896.34,27096.022,32339,0.0,0.0,0.0,,316
"Peoria County, Illinois",17143,IL,Peoria,Direct FIPS match,2024,44.58,1032647.72,13.84763763,23163.9237,66935,34.48,847241.01,24571.955,66935,10.1,185406.71,18357.1,28675,558
"Perry County, Illinois",17145,IL,Perry,No qualifying Interstate/freeway mainline section in HPMS filter,2024,0,0,0,0,0,0,0,0,0,0,0,0,0,0
"Piatt County, Illinois",17147,IL,Piatt,Direct FIPS match,2024,25.4,386738.14,12.86550569,15225.911,22480,25.4,386738.14,15225.911,22480,0.0,0.0,0.0,,293
"Pike County, Illinois",17149,IL,Pike,Direct FIPS match,2024,43.2,419899.9,12.94777401,9719.9051,16268,43.2,419899.9,9719.9051,16268,0.0,0.0,0.0,,521
"Pope County, Illinois",17151,IL,Pope,No qualifying Interstate/freeway mainline section in HPMS filter,2024,0,0,0,0,0,0,0,0,0,0,0,0,0,0
"Pulaski County, Illinois",17153,IL,Pulaski,Direct FIPS match,2024,17.72,215894.0,12.28254746,12183.6343,12600,17.72,215894.0,12183.6343,12600,0.0,0.0,0.0,,201
"Putnam County, Illinois",17155,IL,Putnam,Direct FIPS match,2024,0.93,2658.87,7.88603253,2859.0,2859,0.93,2658.87,2859.0,2859,0.0,0.0,0.0,,10
"Randolph County, Illinois",17157,IL,Randolph,No qualifying Interstate/freeway mainline section in HPMS filter,2024,0,0,0,0,0,0,0,0,0,0,0,0,0,0
"Richland County, Illinois",17159,IL,Richland,No qualifying Interstate/freeway mainline section in HPMS filter,2024,0,0,0,0,0,0,0,0,0,0,0,0,0,0
"Rock Island County, Illinois",17161,IL,Rock Island,Direct FIPS match,2024,38.61,880524.58,13.68827426,22805.6094,80798,34.71,835954.36,24083.9631,80798,3.9,44570.22,11428.2615,13227,513
"St. Clair County, Illinois",17163,IL,St. Clair,Direct FIPS match,2024,52.7,2809810.29,14.84862788,53317.0833,113200,51.1,2785401.01,54508.826,113200,1.6,24409.28,15255.8,24131,712
"Saline County, Illinois",17165,IL,Saline,No qualifying Interstate/freeway mainline section in HPMS filter,2024,0,0,0,0,0,0,0,0,0,0,0,0,0,0
"Sangamon County, Illinois",17167,IL,Sangamon,Direct FIPS match,2024,74.36,1993097.6,14.50520107,26803.3566,54314,74.36,1993097.6,26803.3566,54314,0.0,0.0,0.0,,863
"Schuyler County, Illinois",17169,IL,Schuyler,No qualifying Interstate/freeway mainline section in HPMS filter,2024,0,0,0,0,0,0,0,0,0,0,0,0,0,0
"Scott County, Illinois",17171,IL,Scott,Direct FIPS match,2024,14.75,137319.24,11.830071,9309.779,9761,14.75,137319.24,9309.779,9761,0.0,0.0,0.0,,174
"Shelby County, Illinois",17173,IL,Shelby,Direct FIPS match,2024,7.35,84458.35,11.34402563,11490.932,18635,3.59,66899.65,18635.0,18635,3.76,17558.7,4669.867,5817,80
"Stark County, Illinois",17175,IL,Stark,No qualifying Interstate/freeway mainline section in HPMS filter,2024,0,0,0,0,0,0,0,0,0,0,0,0,0,0
"Stephenson County, Illinois",17177,IL,Stephenson,No qualifying Interstate/freeway mainline section in HPMS filter,2024,0,0,0,0,0,0,0,0,0,0,0,0,0,0
"Tazewell County, Illinois",17179,IL,Tazewell,Direct FIPS match,2024,42.48,996072.13,13.81157596,23448.0257,66935,42.48,996072.13,23448.0257,66935,0.0,0.0,0.0,,516
"Union County, Illinois",17181,IL,Union,Direct FIPS match,2024,17.01,212508.21,12.26674061,12493.134,15677,17.01,212508.21,12493.134,15677,0.0,0.0,0.0,,208
"Vermilion County, Illinois",17183,IL,Vermilion,Direct FIPS match,2024,22.31,525120.33,13.17138462,23537.442,29063,22.31,525120.33,23537.442,29063,0.0,0.0,0.0,,267
"Wabash County, Illinois",17185,IL,Wabash,No qualifying Interstate/freeway mainline section in HPMS filter,2024,0,0,0,0,0,0,0,0,0,0,0,0,0,0
"Warren County, Illinois",17187,IL,Warren,Direct FIPS match,2024,11.15,97964.28,11.49236841,8786.0341,9644,0.0,0.0,0.0,,11.15,97964.28,8786.0341,9644,138
"Washington County, Illinois",17189,IL,Washington,Direct FIPS match,2024,25.74,735309.47,13.5080481,28566.8015,30565,25.74,735309.47,28566.8015,30565,0.0,0.0,0.0,,293
"Wayne County, Illinois",17191,IL,Wayne,Direct FIPS match,2024,25.2,270760.68,12.5089943,10744.4714,11300,25.2,270760.68,10744.4714,11300,0.0,0.0,0.0,,284
"White County, Illinois",17193,IL,White,Direct FIPS match,2024,14.58,162187.0,11.99651144,11123.9369,14900,14.58,162187.0,11123.9369,14900,0.0,0.0,0.0,,173
"Whiteside County, Illinois",17195,IL,Whiteside,Direct FIPS match,2024,31.49,415269.09,12.93668441,13187.3322,17174,31.49,415269.09,13187.3322,17174,0.0,0.0,0.0,,367
"Will County, Illinois",17197,IL,Will,Direct FIPS match,2024,87.2,5783049.4,15.57044185,66319.3739,131900,87.2,5783049.4,66319.3739,131900,0.0,0.0,0.0,,1102
"Williamson County, Illinois",17199,IL,Williamson,Direct FIPS match,2024,20.42,694692.0,13.4512253,34020.1763,39800,20.42,694692.0,34020.1763,39800,0.0,0.0,0.0,,238
"Winnebago County, Illinois",17201,IL,Winnebago,Direct FIPS match,2024,39.36,1758286.81,14.37985106,44671.921,74227,26.76,1462602.01,54656.2784,74227,12.6,295684.8,23467.0476,36348,529
"Woodford County, Illinois",17203,IL,Woodford,Direct FIPS match,2024,28.34,569965.36,13.25333262,20111.6923,28001,28.34,569965.36,20111.6923,28001,0.0,0.0,0.0,,310
"Adams County, Indiana",18001,IN,Adams,No qualifying Interstate/freeway mainline section in HPMS filter,2024,0,0,0,0,0,0,0,0,0,0,0,0,0,0
"Allen County, Indiana",18003,IN,Allen,Direct FIPS match,2024,95.7334,3064966.0148,14.93554737,32015.6394,76755,60.2514,2343562.762,38896.4034,76755,35.482,721403.2528,20331.5273,39079,2595
"Bartholomew County, Indiana",18005,IN,Bartholomew,Direct FIPS match,2024,22.5503,969378.3155,13.78441126,42987.38,52530,22.5503,969378.3155,42987.38,52530,0.0,0.0,0.0,,575
"Benton County, Indiana",18007,IN,Benton,No qualifying Interstate/freeway mainline section in HPMS filter,2024,0,0,0,0,0,0,0,0,0,0,0,0,0,0
"Blackford County, Indiana",18009,IN,Blackford,No qualifying Interstate/freeway mainline section in HPMS filter,2024,0,0,0,0,0,0,0,0,0,0,0,0,0,0
"Boone County, Indiana",18011,IN,Boone,Direct FIPS match,2024,35.3068,1821054.948,14.41492708,51578.0232,109093,35.3068,1821054.948,51578.0232,109093,0.0,0.0,0.0,,1014
"Brown County, Indiana",18013,IN,Brown,No qualifying Interstate/freeway mainline section in HPMS filter,2024,0,0,0,0,0,0,0,0,0,0,0,0,0,0
"Carroll County, Indiana",18015,IN,Carroll,No qualifying Interstate/freeway mainline section in HPMS filter,2024,0,0,0,0,0,0,0,0,0,0,0,0,0,0
"Cass County, Indiana",18017,IN,Cass,Direct FIPS match,2024,12.6713,91043.1736,11.41910009,7184.9908,13510,0.0,0.0,0.0,,12.6713,91043.1736,7184.9908,13510,460
"Clark County, Indiana",18019,IN,Clark,Direct FIPS match,2024,37.0061,1927813.4471,14.47189751,52094.4776,104828,30.7096,1822988.888,59362.1828,104828,6.2965,104824.5591,16648.0678,42928,1048
"Clay County, Indiana",18021,IN,Clay,Direct FIPS match,2024,12.5444,409806.5752,12.923443,32668.4875,33061,12.5444,409806.5752,32668.4875,33061,0.0,0.0,0.0,,268
"Clinton County, Indiana",18023,IN,Clinton,Direct FIPS match,2024,10.4953,546967.6691,13.2121468,52115.4868,52145,10.4953,546967.6691,52115.4868,52145,0.0,0.0,0.0,,250
"Crawford County, Indiana",18025,IN,Crawford,Direct FIPS match,2024,17.074,353982.508,12.7770056,20732.2542,29156,17.074,353982.508,20732.2542,29156,0.0,0.0,0.0,,413
"Daviess County, Indiana",18027,IN,Daviess,Direct FIPS match,2024,30.9136,268823.967,12.50181577,8695.9774,9038,30.9136,268823.967,8695.9774,9038,0.0,0.0,0.0,,705
"Dearborn County, Indiana",18029,IN,Dearborn,Direct FIPS match,2024,17.2418,534970.2879,13.18996836,31027.5196,39596,17.2418,534970.2879,31027.5196,39596,0.0,0.0,0.0,,452
"Decatur County, Indiana",18031,IN,Decatur,Direct FIPS match,2024,21.4674,574529.259,13.26130805,26762.8711,31260,21.4674,574529.259,26762.8711,31260,0.0,0.0,0.0,,539
"DeKalb County, Indiana",18033,IN,DeKalb,Direct FIPS match,2024,18.3787,680294.2332,13.43028215,37015.362,48094,18.3787,680294.2332,37015.362,48094,0.0,0.0,0.0,,430
"Delaware County, Indiana",18035,IN,Delaware,Direct FIPS match,2024,27.7865,794734.3652,13.58576446,28601.4563,46917,20.5406,702991.6342,34224.4936,46917,7.2459,91742.731,12661.33,19344,903
"Dubois County, Indiana",18037,IN,Dubois,Direct FIPS match,2024,3.318,55042.6884,10.91588248,16589.1165,17112,3.318,55042.6884,16589.1165,17112,0.0,0.0,0.0,,93
"Elkhart County, Indiana",18039,IN,Elkhart,Direct FIPS match,2024,30.9955,864275.142,13.66964761,27883.891,33718,21.3144,570659.0553,26773.4046,28543,9.6811,293616.0867,30328.7939,33718,644
"Fayette County, Indiana",18041,IN,Fayette,No qualifying Interstate/freeway mainline section in HPMS filter,2024,0,0,0,0,0,0,0,0,0,0,0,0,0,0
"Floyd County, Indiana",18043,IN,Floyd,Direct FIPS match,2024,15.932,880993.394,13.68880654,55297.0998,72904,15.6773,875811.0131,55864.9138,72904,0.2547,5182.3809,20347.0,20347,455
"Fountain County, Indiana",18045,IN,Fountain,Direct FIPS match,2024,16.9735,323862.4121,12.68807714,19080.4732,19505,16.9735,323862.4121,19080.4732,19505,0.0,0.0,0.0,,412
"Franklin County, Indiana",18047,IN,Franklin,Direct FIPS match,2024,4.3622,113635.31,11.64075836,26050.0,26050,4.3622,113635.31,26050.0,26050,0.0,0.0,0.0,,99
"Fulton County, Indiana",18049,IN,Fulton,No qualifying Interstate/freeway mainline section in HPMS filter,2024,0,0,0,0,0,0,0,0,0,0,0,0,0,0
"Gibson County, Indiana",18051,IN,Gibson,Direct FIPS match,2024,22.1686,321527.1816,12.68084048,14503.7206,31228,22.1686,321527.1816,14503.7206,31228,0.0,0.0,0.0,,604
"Grant County, Indiana",18053,IN,Grant,Direct FIPS match,2024,19.7988,576651.0042,13.26499425,29125.5533,31034,19.7988,576651.0042,29125.5533,31034,0.0,0.0,0.0,,528
"Greene County, Indiana",18055,IN,Greene,Direct FIPS match,2024,20.4145,215626.2431,12.28130647,10562.4063,14503,20.4145,215626.2431,10562.4063,14503,0.0,0.0,0.0,,360
"Hamilton County, Indiana",18057,IN,Hamilton,Direct FIPS match,2024,33.6542,2251254.5838,14.62699866,66893.7186,140121,13.4746,1292629.351,95930.8143,140121,20.1796,958625.2328,47504.6697,83379,1013
"Hancock County, Indiana",18059,IN,Hancock,Direct FIPS match,2024,19.1429,970591.8649,13.78566236,50702.4466,70123,19.1429,970591.8649,50702.4466,70123,0.0,0.0,0.0,,455
"Harrison County, Indiana",18061,IN,Harrison,Direct FIPS match,2024,17.3651,513270.0304,13.14855931,29557.5626,34685,17.3651,513270.0304,29557.5626,34685,0.0,0.0,0.0,,450
"Hendricks County, Indiana",18063,IN,Hendricks,Direct FIPS match,2024,26.7881,992414.9337,13.80789759,37046.8579,66162,26.7881,992414.9337,37046.8579,66162,0.0,0.0,0.0,,674
"Henry County, Indiana",18065,IN,Henry,Direct FIPS match,2024,20.3356,818804.6051,13.61560198,40264.5904,44025,20.3356,818804.6051,40264.5904,44025,0.0,0.0,0.0,,536
"Howard County, Indiana",18067,IN,Howard,Direct FIPS match,2024,11.5194,226517.4472,12.33058167,19663.997,22584,0.0,0.0,0.0,,11.5194,226517.4472,19663.997,22584,371
"Huntington County, Indiana",18069,IN,Huntington,Direct FIPS match,2024,44.5082,957558.3097,13.77214294,21514.1998,31148,20.2445,616841.912,30469.6047,31148,24.2637,340716.3977,14042.2276,21346,1314
"Jackson County, Indiana",18071,IN,Jackson,Direct FIPS match,2024,21.2876,801217.7993,13.59388935,37637.7703,41402,21.2876,801217.7993,37637.7703,41402,0.0,0.0,0.0,,519
"Jasper County, Indiana",18073,IN,Jasper,Direct FIPS match,2024,32.1493,1484681.001,14.21071117,46180.8189,50120,32.1493,1484681.001,46180.8189,50120,0.0,0.0,0.0,,832
"Jay County, Indiana",18075,IN,Jay,No qualifying Interstate/freeway mainline section in HPMS filter,2024,0,0,0,0,0,0,0,0,0,0,0,0,0,0
"Jefferson County, Indiana",18077,IN,Jefferson,No qualifying Interstate/freeway mainline section in HPMS filter,2024,0,0,0,0,0,0,0,0,0,0,0,0,0,0
"Jennings County, Indiana",18079,IN,Jennings,No qualifying Interstate/freeway mainline section in HPMS filter,2024,0,0,0,0,0,0,0,0,0,0,0,0,0,0
"Johnson County, Indiana",18081,IN,Johnson,Direct FIPS match,2024,23.2752,1478982.946,14.20686589,63543.297,105158,23.2752,1478982.946,63543.297,105158,0.0,0.0,0.0,,603
"Knox County, Indiana",18083,IN,Knox,Direct FIPS match,2024,9.093,127309.8618,11.75438711,14000.8646,21794,0.0,0.0,0.0,,9.093,127309.8618,14000.8646,21794,316
"Kosciusko County, Indiana",18085,IN,Kosciusko,Direct FIPS match,2024,23.1342,481281.6877,13.08421008,20803.9045,30795,0.0,0.0,0.0,,23.1342,481281.6877,20803.9045,30795,802
"LaGrange County, Indiana",18087,IN,LaGrange,Direct FIPS match,2024,24.805,625023.555,13.34554622,25197.4826,25561,24.805,625023.555,25197.4826,25561,0.0,0.0,0.0,,369
"Lake County, Indiana",18089,IN,Lake,Direct FIPS match,2024,73.2029,5288779.578,15.48109826,72248.2248,210354,64.5026,5090653.937,78921.6859,210354,8.7003,198125.641,22772.2769,54151,2003
"LaPorte County, Indiana",18091,IN,LaPorte,Direct FIPS match,2024,37.8386,1355706.336,14.1198339,35828.66,54951,37.8386,1355706.336,35828.66,54951,0.0,0.0,0.0,,754
"Lawrence County, Indiana",18093,IN,Lawrence,No qualifying Interstate/freeway mainline section in HPMS filter,2024,0,0,0,0,0,0,0,0,0,0,0,0,0,0
"Madison County, Indiana",18095,IN,Madison,Direct FIPS match,2024,17.897,1043129.853,13.85773718,58285.1792,74318,17.897,1043129.853,58285.1792,74318,0.0,0.0,0.0,,498
"Marion County, Indiana",18097,IN,Marion,Direct FIPS match,2024,125.6451,12798812.3214,16.36486302,101864.7947,192426,116.2347,12538681.5,107873.8234,192426,9.4104,260130.8214,27642.908,49422,3148
"Marshall County, Indiana",18099,IN,Marshall,Direct FIPS match,2024,32.4228,535960.8684,13.1918183,16530.3696,21536,0.0,0.0,0.0,,32.4228,535960.8684,16530.3696,21536,1001
"Martin County, Indiana",18101,IN,Martin,No qualifying Interstate/freeway mainline section in HPMS filter,2024,0,0,0,0,0,0,0,0,0,0,0,0,0,0
"Miami County, Indiana",18103,IN,Miami,Direct FIPS match,2024,12.8343,131382.2113,11.78587361,10236.8038,11657,0.0,0.0,0.0,,12.8343,131382.2113,10236.8038,11657,394
"Monroe County, Indiana",18105,IN,Monroe,Direct FIPS match,2024,26.8182,704771.2372,13.46562996,26279.5876,44245,26.8182,704771.2372,26279.5876,44245,0.0,0.0,0.0,,675
"Montgomery County, Indiana",18107,IN,Montgomery,Direct FIPS match,2024,23.2516,428439.5848,12.96790735,18426.241,19505,23.2516,428439.5848,18426.241,19505,0.0,0.0,0.0,,579
"Morgan County, Indiana",18109,IN,Morgan,Direct FIPS match,2024,30.1558,985538.3679,13.80094435,32681.5527,52477,30.1558,985538.3679,32681.5527,52477,0.0,0.0,0.0,,771
"Newton County, Indiana",18111,IN,Newton,Direct FIPS match,2024,2.917,138992.133,11.84217981,47649.0,47649,2.917,138992.133,47649.0,47649,0.0,0.0,0.0,,101
"Noble County, Indiana",18113,IN,Noble,No qualifying Interstate/freeway mainline section in HPMS filter,2024,0,0,0,0,0,0,0,0,0,0,0,0,0,0
"Ohio County, Indiana",18115,IN,Ohio,No qualifying Interstate/freeway mainline section in HPMS filter,2024,0,0,0,0,0,0,0,0,0,0,0,0,0,0
"Orange County, Indiana",18117,IN,Orange,No qualifying Interstate/freeway mainline section in HPMS filter,2024,0,0,0,0,0,0,0,0,0,0,0,0,0,0
"Owen County, Indiana",18119,IN,Owen,No qualifying Interstate/freeway mainline section in HPMS filter,2024,0,0,0,0,0,0,0,0,0,0,0,0,0,0
"Parke County, Indiana",18121,IN,Parke,No qualifying Interstate/freeway mainline section in HPMS filter,2024,0,0,0,0,0,0,0,0,0,0,0,0,0,0
"Perry County, Indiana",18123,IN,Perry,Direct FIPS match,2024,12.6786,211151.4116,12.26033548,16654.1583,17112,12.6786,211151.4116,16654.1583,17112,0.0,0.0,0.0,,358
"Pike County, Indiana",18125,IN,Pike,Direct FIPS match,2024,14.8656,144915.8778,11.8839156,9748.4042,10328,14.8656,144915.8778,9748.4042,10328,0.0,0.0,0.0,,348
"Porter County, Indiana",18127,IN,Porter,Direct FIPS match,2024,32.1493,1544075.638,14.24993664,48028.2817,83966,32.1493,1544075.638,48028.2817,83966,0.0,0.0,0.0,,730
"Posey County, Indiana",18129,IN,Posey,Direct FIPS match,2024,17.4161,254709.7237,12.44788376,14624.9576,15302,17.4161,254709.7237,14624.9576,15302,0.0,0.0,0.0,,436
"Pulaski County, Indiana",18131,IN,Pulaski,No qualifying Interstate/freeway mainline section in HPMS filter,2024,0,0,0,0,0,0,0,0,0,0,0,0,0,0
"Putnam County, Indiana",18133,IN,Putnam,Direct FIPS match,2024,20.5957,730497.0945,13.5014819,35468.4276,38511,20.5957,730497.0945,35468.4276,38511,0.0,0.0,0.0,,434
"Randolph County, Indiana",18135,IN,Randolph,No qualifying Interstate/freeway mainline section in HPMS filter,2024,0,0,0,0,0,0,0,0,0,0,0,0,0,0
"Ripley County, Indiana",18137,IN,Ripley,Direct FIPS match,2024,8.4437,241381.681,12.39413884,28587.1929,28841,8.4437,241381.681,28587.1929,28841,0.0,0.0,0.0,,215
"Rush County, Indiana",18139,IN,Rush,No qualifying Interstate/freeway mainline section in HPMS filter,2024,0,0,0,0,0,0,0,0,0,0,0,0,0,0
"St. Joseph County, Indiana",18141,IN,St. Joseph,Direct FIPS match,2024,58.742,1727481.3916,14.36217564,29407.9431,42130,25.2257,706559.9196,28009.5268,28543,33.5163,1020921.472,30460.4468,42130,1519
"Scott County, Indiana",18143,IN,Scott,Direct FIPS match,2024,11.5113,500198.9929,13.12276328,43452.8674,48812,11.5113,500198.9929,43452.8674,48812,0.0,0.0,0.0,,278
"Shelby County, Indiana",18145,IN,Shelby,Direct FIPS match,2024,27.2309,1047516.296,13.86193344,38467.9278,53996,27.2309,1047516.296,38467.9278,53996,0.0,0.0,0.0,,700
"Spencer County, Indiana",18147,IN,Spencer,Direct FIPS match,2024,9.1844,151316.8408,11.92713781,16475.4193,17112,9.1844,151316.8408,16475.4193,17112,0.0,0.0,0.0,,278
"Starke County, Indiana",18149,IN,Starke,Direct FIPS match,2024,8.6471,126424.4686,11.74740823,14620.4472,15766,0.0,0.0,0.0,,8.6471,126424.4686,14620.4472,15766,257
"Steuben County, Indiana",18151,IN,Steuben,Direct FIPS match,2024,41.1018,1053857.343,13.8679686,25640.175,33358,41.1018,1053857.343,25640.175,33358,0.0,0.0,0.0,,630
"Sullivan County, Indiana",18153,IN,Sullivan,No qualifying Interstate/freeway mainline section in HPMS filter,2024,0,0,0,0,0,0,0,0,0,0,0,0,0,0
"Switzerland County, Indiana",18155,IN,Switzerland,No qualifying Interstate/freeway mainline section in HPMS filter,2024,0,0,0,0,0,0,0,0,0,0,0,0,0,0
"Tippecanoe County, Indiana",18157,IN,Tippecanoe,Direct FIPS match,2024,23.6389,1173114.714,13.97517377,49626.4511,58189,23.6389,1173114.714,49626.4511,58189,0.0,0.0,0.0,,632
"Tipton County, Indiana",18159,IN,Tipton,Direct FIPS match,2024,1.4178,25310.5656,10.13901671,17852.0,17852,0.0,0.0,0.0,,1.4178,25310.5656,17852.0,17852,36
"Union County, Indiana",18161,IN,Union,No qualifying Interstate/freeway mainline section in HPMS filter,2024,0,0,0,0,0,0,0,0,0,0,0,0,0,0
"Vanderburgh County, Indiana",18163,IN,Vanderburgh,Direct FIPS match,2024,27.0777,687580.6552,13.44093587,25392.8751,38467,27.0777,687580.6552,25392.8751,38467,0.0,0.0,0.0,,848
"Vermillion County, Indiana",18165,IN,Vermillion,Direct FIPS match,2024,6.6041,134713.5039,11.81091303,20398.4652,22079,6.6041,134713.5039,20398.4652,22079,0.0,0.0,0.0,,164
"Vigo County, Indiana",18167,IN,Vigo,Direct FIPS match,2024,16.4403,493441.2262,13.10916106,30014.1254,33438,16.4403,493441.2262,30014.1254,33438,0.0,0.0,0.0,,420
"Wabash County, Indiana",18169,IN,Wabash,Direct FIPS match,2024,17.0876,171549.0781,12.0526305,10039.3899,11434,0.0,0.0,0.0,,17.0876,171549.0781,10039.3899,11434,504
"Warren County, Indiana",18171,IN,Warren,No qualifying Interstate/freeway mainline section in HPMS filter,2024,0,0,0,0,0,0,0,0,0,0,0,0,0,0
"Warrick County, Indiana",18173,IN,Warrick,Direct FIPS match,2024,26.7079,476690.2499,13.07462429,17848.2865,31417,26.7079,476690.2499,17848.2865,31417,0.0,0.0,0.0,,722
"Washington County, Indiana",18175,IN,Washington,No qualifying Interstate/freeway mainline section in HPMS filter,2024,0,0,0,0,0,0,0,0,0,0,0,0,0,0
"Wayne County, Indiana",18177,IN,Wayne,Direct FIPS match,2024,22.9699,895715.9241,13.70537971,38995.2035,44649,22.9699,895715.9241,38995.2035,44649,0.0,0.0,0.0,,685
"Wells County, Indiana",18179,IN,Wells,Direct FIPS match,2024,1.0744,33465.4112,10.41829756,31148.0,31148,1.0744,33465.4112,31148.0,31148,0.0,0.0,0.0,,26
"White County, Indiana",18181,IN,White,Direct FIPS match,2024,15.2715,671589.8319,13.41740455,43976.6776,46541,15.2715,671589.8319,43976.6776,46541,0.0,0.0,0.0,,372
"Whitley County, Indiana",18183,IN,Whitley,Direct FIPS match,2024,18.2163,432112.9309,12.97644456,23721.2239,27804,0.0,0.0,0.0,,18.2163,432112.9309,23721.2239,27804,605
"Adair County, Iowa",19001,IA,Adair,Direct FIPS match,2024,21.709,547058.5,13.21231285,25199.6177,28600,21.709,547058.5,25199.6177,28600,0.0,0.0,0.0,,281
"Adams County, Iowa",19003,IA,Adams,No qualifying Interstate/freeway mainline section in HPMS filter,2024,0,0,0,0,0,0,0,0,0,0,0,0,0,0
"Allamakee County, Iowa",19005,IA,Allamakee,No qualifying Interstate/freeway mainline section in HPMS filter,2024,0,0,0,0,0,0,0,0,0,0,0,0,0,0
"Appanoose County, Iowa",19007,IA,Appanoose,No qualifying Interstate/freeway mainline section in HPMS filter,2024,0,0,0,0,0,0,0,0,0,0,0,0,0,0
"Audubon County, Iowa",19009,IA,Audubon,No qualifying Interstate/freeway mainline section in HPMS filter,2024,0,0,0,0,0,0,0,0,0,0,0,0,0,0
"Benton County, Iowa",19011,IA,Benton,Direct FIPS match,2024,8.106,153198.2,11.93949431,18899.3585,22100,8.106,153198.2,18899.3585,22100,0.0,0.0,0.0,,101
"Black Hawk County, Iowa",19013,IA,Black Hawk,Direct FIPS match,2024,17.965,373459.8,12.83056832,20788.1881,40600,17.965,373459.8,20788.1881,40600,0.0,0.0,0.0,,263
"Boone County, Iowa",19015,IA,Boone,No qualifying Interstate/freeway mainline section in HPMS filter,2024,0,0,0,0,0,0,0,0,0,0,0,0,0,0
"Bremer County, Iowa",19017,IA,Bremer,No qualifying Interstate/freeway mainline section in HPMS filter,2024,0,0,0,0,0,0,0,0,0,0,0,0,0,0
"Buchanan County, Iowa",19019,IA,Buchanan,Direct FIPS match,2024,5.424,97253.0,11.48508139,17930.1254,18000,5.424,97253.0,17930.1254,18000,0.0,0.0,0.0,,68
"Buena Vista County, Iowa",19021,IA,Buena Vista,No qualifying Interstate/freeway mainline section in HPMS filter,2024,0,0,0,0,0,0,0,0,0,0,0,0,0,0
"Butler County, Iowa",19023,IA,Butler,No qualifying Interstate/freeway mainline section in HPMS filter,2024,0,0,0,0,0,0,0,0,0,0,0,0,0,0
"Calhoun County, Iowa",19025,IA,Calhoun,No qualifying Interstate/freeway mainline section in HPMS filter,2024,0,0,0,0,0,0,0,0,0,0,0,0,0,0
"Carroll County, Iowa",19027,IA,Carroll,No qualifying Interstate/freeway mainline section in HPMS filter,2024,0,0,0,0,0,0,0,0,0,0,0,0,0,0
"Cass County, Iowa",19029,IA,Cass,Direct FIPS match,2024,23.968,541335.7,13.20179673,22585.7685,22900,23.968,541335.7,22585.7685,22900,0.0,0.0,0.0,,302
"Cedar County, Iowa",19031,IA,Cedar,Direct FIPS match,2024,23.071,883814.6,13.69200372,38308.4652,40800,23.071,883814.6,38308.4652,40800,0.0,0.0,0.0,,295
"Cerro Gordo County, Iowa",19033,IA,Cerro Gordo,Direct FIPS match,2024,24.092,446408.0,13.00899085,18529.3043,22400,24.092,446408.0,18529.3043,22400,0.0,0.0,0.0,,342
"Cherokee County, Iowa",19035,IA,Cherokee,No qualifying Interstate/freeway mainline section in HPMS filter,2024,0,0,0,0,0,0,0,0,0,0,0,0,0,0
"Chickasaw County, Iowa",19037,IA,Chickasaw,No qualifying Interstate/freeway mainline section in HPMS filter,2024,0,0,0,0,0,0,0,0,0,0,0,0,0,0
"Clarke County, Iowa",19039,IA,Clarke,Direct FIPS match,2024,20.78,397206.8,12.89221485,19114.8604,20700,20.78,397206.8,19114.8604,20700,0.0,0.0,0.0,,245
"Clay County, Iowa",19041,IA,Clay,No qualifying Interstate/freeway mainline section in HPMS filter,2024,0,0,0,0,0,0,0,0,0,0,0,0,0,0
"Clayton County, Iowa",19043,IA,Clayton,No qualifying Interstate/freeway mainline section in HPMS filter,2024,0,0,0,0,0,0,0,0,0,0,0,0,0,0
"Clinton County, Iowa",19045,IA,Clinton,No qualifying Interstate/freeway mainline section in HPMS filter,2024,0,0,0,0,0,0,0,0,0,0,0,0,0,0
"Crawford County, Iowa",19047,IA,Crawford,No qualifying Interstate/freeway mainline section in HPMS filter,2024,0,0,0,0,0,0,0,0,0,0,0,0,0,0
"Dallas County, Iowa",19049,IA,Dallas,Direct FIPS match,2024,22.705,906251.2,13.71707291,39914.1687,91600,22.705,906251.2,39914.1687,91600,0.0,0.0,0.0,,294
"Davis County, Iowa",19051,IA,Davis,No qualifying Interstate/freeway mainline section in HPMS filter,2024,0,0,0,0,0,0,0,0,0,0,0,0,0,0
"Decatur County, Iowa",19053,IA,Decatur,Direct FIPS match,2024,22.739,356469.7,12.78400733,15676.5777,17600,22.739,356469.7,15676.5777,17600,0.0,0.0,0.0,,276
"Delaware County, Iowa",19055,IA,Delaware,No qualifying Interstate/freeway mainline section in HPMS filter,2024,0,0,0,0,0,0,0,0,0,0,0,0,0,0
"Des Moines County, Iowa",19057,IA,Des Moines,No qualifying Interstate/freeway mainline section in HPMS filter,2024,0,0,0,0,0,0,0,0,0,0,0,0,0,0
"Dickinson County, Iowa",19059,IA,Dickinson,No qualifying Interstate/freeway mainline section in HPMS filter,2024,0,0,0,0,0,0,0,0,0,0,0,0,0,0
"Dubuque County, Iowa",19061,IA,Dubuque,No qualifying Interstate/freeway mainline section in HPMS filter,2024,0,0,0,0,0,0,0,0,0,0,0,0,0,0
"Emmet County, Iowa",19063,IA,Emmet,No qualifying Interstate/freeway mainline section in HPMS filter,2024,0,0,0,0,0,0,0,0,0,0,0,0,0,0
"Fayette County, Iowa",19065,IA,Fayette,No qualifying Interstate/freeway mainline section in HPMS filter,2024,0,0,0,0,0,0,0,0,0,0,0,0,0,0
"Floyd County, Iowa",19067,IA,Floyd,No qualifying Interstate/freeway mainline section in HPMS filter,2024,0,0,0,0,0,0,0,0,0,0,0,0,0,0
"Franklin County, Iowa",19069,IA,Franklin,Direct FIPS match,2024,24.826,414092.1,12.93384611,16679.7752,17000,24.826,414092.1,16679.7752,17000,0.0,0.0,0.0,,306
"Fremont County, Iowa",19071,IA,Fremont,Direct FIPS match,2024,24.866,364886.2,12.80734354,14674.1012,17400,24.866,364886.2,14674.1012,17400,0.0,0.0,0.0,,316
"Greene County, Iowa",19073,IA,Greene,No qualifying Interstate/freeway mainline section in HPMS filter,2024,0,0,0,0,0,0,0,0,0,0,0,0,0,0
"Grundy County, Iowa",19075,IA,Grundy,No qualifying Interstate/freeway mainline section in HPMS filter,2024,0,0,0,0,0,0,0,0,0,0,0,0,0,0
"Guthrie County, Iowa",19077,IA,Guthrie,No qualifying Interstate/freeway mainline section in HPMS filter,2024,0,0,0,0,0,0,0,0,0,0,0,0,0,0
"Hamilton County, Iowa",19079,IA,Hamilton,Direct FIPS match,2024,23.943,553950.5,13.22483242,23136.2194,28400,23.943,553950.5,23136.2194,28400,0.0,0.0,0.0,,304
"Hancock County, Iowa",19081,IA,Hancock,No qualifying Interstate/freeway mainline section in HPMS filter,2024,0,0,0,0,0,0,0,0,0,0,0,0,0,0
"Hardin County, Iowa",19083,IA,Hardin,No qualifying Interstate/freeway mainline section in HPMS filter,2024,0,0,0,0,0,0,0,0,0,0,0,0,0,0
"Harrison County, Iowa",19085,IA,Harrison,Direct FIPS match,2024,27.254,459352.1,13.03757447,16854.4837,22700,27.254,459352.1,16854.4837,22700,0.0,0.0,0.0,,325
"Henry County, Iowa",19087,IA,Henry,No qualifying Interstate/freeway mainline section in HPMS filter,2024,0,0,0,0,0,0,0,0,0,0,0,0,0,0
"Howard County, Iowa",19089,IA,Howard,No qualifying Interstate/freeway mainline section in HPMS filter,2024,0,0,0,0,0,0,0,0,0,0,0,0,0,0
"Humboldt County, Iowa",19091,IA,Humboldt,No qualifying Interstate/freeway mainline section in HPMS filter,2024,0,0,0,0,0,0,0,0,0,0,0,0,0,0
"Ida County, Iowa",19093,IA,Ida,No qualifying Interstate/freeway mainline section in HPMS filter,2024,0,0,0,0,0,0,0,0,0,0,0,0,0,0
"Iowa County, Iowa",19095,IA,Iowa,Direct FIPS match,2024,24.683,750882.8,13.52900619,30421.0509,32800,24.683,750882.8,30421.0509,32800,0.0,0.0,0.0,,297
"Jackson County, Iowa",19097,IA,Jackson,No qualifying Interstate/freeway mainline section in HPMS filter,2024,0,0,0,0,0,0,0,0,0,0,0,0,0,0
"Jasper County, Iowa",19099,IA,Jasper,Direct FIPS match,2024,31.258,1056039.1,13.87003672,33784.6023,37800,31.258,1056039.1,33784.6023,37800,0.0,0.0,0.0,,393
"Jefferson County, Iowa",19101,IA,Jefferson,No qualifying Interstate/freeway mainline section in HPMS filter,2024,0,0,0,0,0,0,0,0,0,0,0,0,0,0
"Johnson County, Iowa",19103,IA,Johnson,Direct FIPS match,2024,35.483,1646865.2,14.31438477,46412.7949,60600,35.483,1646865.2,46412.7949,60600,0.0,0.0,0.0,,547
"Jones County, Iowa",19105,IA,Jones,No qualifying Interstate/freeway mainline section in HPMS filter,2024,0,0,0,0,0,0,0,0,0,0,0,0,0,0
"Keokuk County, Iowa",19107,IA,Keokuk,No qualifying Interstate/freeway mainline section in HPMS filter,2024,0,0,0,0,0,0,0,0,0,0,0,0,0,0
"Kossuth County, Iowa",19109,IA,Kossuth,No qualifying Interstate/freeway mainline section in HPMS filter,2024,0,0,0,0,0,0,0,0,0,0,0,0,0,0
"Lee County, Iowa",19111,IA,Lee,No qualifying Interstate/freeway mainline section in HPMS filter,2024,0,0,0,0,0,0,0,0,0,0,0,0,0,0
"Linn County, Iowa",19113,IA,Linn,Direct FIPS match,2024,30.147,1259515.2,14.04623824,41779.1223,82600,30.147,1259515.2,41779.1223,82600,0.0,0.0,0.0,,478
"Louisa County, Iowa",19115,IA,Louisa,No qualifying Interstate/freeway mainline section in HPMS filter,2024,0,0,0,0,0,0,0,0,0,0,0,0,0,0
"Lucas County, Iowa",19117,IA,Lucas,No qualifying Interstate/freeway mainline section in HPMS filter,2024,0,0,0,0,0,0,0,0,0,0,0,0,0,0
"Lyon County, Iowa",19119,IA,Lyon,No qualifying Interstate/freeway mainline section in HPMS filter,2024,0,0,0,0,0,0,0,0,0,0,0,0,0,0
"Madison County, Iowa",19121,IA,Madison,Direct FIPS match,2024,2.849,81145.7,11.30401391,28482.1692,28500,2.849,81145.7,28482.1692,28500,0.0,0.0,0.0,,33
"Mahaska County, Iowa",19123,IA,Mahaska,No qualifying Interstate/freeway mainline section in HPMS filter,2024,0,0,0,0,0,0,0,0,0,0,0,0,0,0
"Marion County, Iowa",19125,IA,Marion,No qualifying Interstate/freeway mainline section in HPMS filter,2024,0,0,0,0,0,0,0,0,0,0,0,0,0,0
"Marshall County, Iowa",19127,IA,Marshall,No qualifying Interstate/freeway mainline section in HPMS filter,2024,0,0,0,0,0,0,0,0,0,0,0,0,0,0
"Mills County, Iowa",19129,IA,Mills,Direct FIPS match,2024,18.357,304470.1,12.62633145,16586.0489,22900,18.357,304470.1,16586.0489,22900,0.0,0.0,0.0,,243
"Mitchell County, Iowa",19131,IA,Mitchell,No qualifying Interstate/freeway mainline section in HPMS filter,2024,0,0,0,0,0,0,0,0,0,0,0,0,0,0
"Monona County, Iowa",19133,IA,Monona,Direct FIPS match,2024,27.569,421947.1,12.9526376,15305.1289,15800,27.569,421947.1,15305.1289,15800,0.0,0.0,0.0,,307
"Monroe County, Iowa",19135,IA,Monroe,No qualifying Interstate/freeway mainline section in HPMS filter,2024,0,0,0,0,0,0,0,0,0,0,0,0,0,0
"Montgomery County, Iowa",19137,IA,Montgomery,No qualifying Interstate/freeway mainline section in HPMS filter,2024,0,0,0,0,0,0,0,0,0,0,0,0,0,0
"Muscatine County, Iowa",19139,IA,Muscatine,No qualifying Interstate/freeway mainline section in HPMS filter,2024,0,0,0,0,0,0,0,0,0,0,0,0,0,0
"O'Brien County, Iowa",19141,IA,O'Brien,No qualifying Interstate/freeway mainline section in HPMS filter,2024,0,0,0,0,0,0,0,0,0,0,0,0,0,0
"Osceola County, Iowa",19143,IA,Osceola,No qualifying Interstate/freeway mainline section in HPMS filter,2024,0,0,0,0,0,0,0,0,0,0,0,0,0,0
"Page County, Iowa",19145,IA,Page,No qualifying Interstate/freeway mainline section in HPMS filter,2024,0,0,0,0,0,0,0,0,0,0,0,0,0,0
"Palo Alto County, Iowa",19147,IA,Palo Alto,No qualifying Interstate/freeway mainline section in HPMS filter,2024,0,0,0,0,0,0,0,0,0,0,0,0,0,0
"Plymouth County, Iowa",19149,IA,Plymouth,No qualifying Interstate/freeway mainline section in HPMS filter,2024,0,0,0,0,0,0,0,0,0,0,0,0,0,0
"Pocahontas County, Iowa",19151,IA,Pocahontas,No qualifying Interstate/freeway mainline section in HPMS filter,2024,0,0,0,0,0,0,0,0,0,0,0,0,0,0
"Polk County, Iowa",19153,IA,Polk,Direct FIPS match,2024,63.444,4574269.6,15.33595781,72099.3254,139500,63.444,4574269.6,72099.3254,139500,0.0,0.0,0.0,,1072
"Pottawattamie County, Iowa",19155,IA,Pottawattamie,Direct FIPS match,2024,101.157,2162314.01,14.58668997,21375.8218,66500,101.157,2162314.01,21375.8218,66500,0.0,0.0,0.0,,1395
"Poweshiek County, Iowa",19157,IA,Poweshiek,Direct FIPS match,2024,24.87,696395.2,13.45367403,28001.4154,30200,24.87,696395.2,28001.4154,30200,0.0,0.0,0.0,,304
"Ringgold County, Iowa",19159,IA,Ringgold,No qualifying Interstate/freeway mainline section in HPMS filter,2024,0,0,0,0,0,0,0,0,0,0,0,0,0,0
"Sac County, Iowa",19161,IA,Sac,No qualifying Interstate/freeway mainline section in HPMS filter,2024,0,0,0,0,0,0,0,0,0,0,0,0,0,0
"Scott County, Iowa",19163,IA,Scott,Direct FIPS match,2024,44.6983,1552495.5,14.25537484,34732.7639,79800,44.6983,1552495.5,34732.7639,79800,0.0,0.0,0.0,,643
"Shelby County, Iowa",19165,IA,Shelby,No qualifying Interstate/freeway mainline section in HPMS filter,2024,0,0,0,0,0,0,0,0,0,0,0,0,0,0
"Sioux County, Iowa",19167,IA,Sioux,No qualifying Interstate/freeway mainline section in HPMS filter,2024,0,0,0,0,0,0,0,0,0,0,0,0,0,0
"Story County, Iowa",19169,IA,Story,Direct FIPS match,2024,25.229,931002.7,13.74401853,36902.0849,51000,25.229,931002.7,36902.0849,51000,0.0,0.0,0.0,,329
"Tama County, Iowa",19171,IA,Tama,No qualifying Interstate/freeway mainline section in HPMS filter,2024,0,0,0,0,0,0,0,0,0,0,0,0,0,0
"Taylor County, Iowa",19173,IA,Taylor,No qualifying Interstate/freeway mainline section in HPMS filter,2024,0,0,0,0,0,0,0,0,0,0,0,0,0,0
"Union County, Iowa",19175,IA,Union,No qualifying Interstate/freeway mainline section in HPMS filter,2024,0,0,0,0,0,0,0,0,0,0,0,0,0,0
"Van Buren County, Iowa",19177,IA,Van Buren,No qualifying Interstate/freeway mainline section in HPMS filter,2024,0,0,0,0,0,0,0,0,0,0,0,0,0,0
"Wapello County, Iowa",19179,IA,Wapello,No qualifying Interstate/freeway mainline section in HPMS filter,2024,0,0,0,0,0,0,0,0,0,0,0,0,0,0
"Warren County, Iowa",19181,IA,Warren,Direct FIPS match,2024,23.66,581238.4,13.272918,24566.2891,30900,23.66,581238.4,24566.2891,30900,0.0,0.0,0.0,,291
"Washington County, Iowa",19183,IA,Washington,No qualifying Interstate/freeway mainline section in HPMS filter,2024,0,0,0,0,0,0,0,0,0,0,0,0,0,0
"Wayne County, Iowa",19185,IA,Wayne,No qualifying Interstate/freeway mainline section in HPMS filter,2024,0,0,0,0,0,0,0,0,0,0,0,0,0,0
"Webster County, Iowa",19187,IA,Webster,No qualifying Interstate/freeway mainline section in HPMS filter,2024,0,0,0,0,0,0,0,0,0,0,0,0,0,0
"Winnebago County, Iowa",19189,IA,Winnebago,No qualifying Interstate/freeway mainline section in HPMS filter,2024,0,0,0,0,0,0,0,0,0,0,0,0,0,0
"Winneshiek County, Iowa",19191,IA,Winneshiek,No qualifying Interstate/freeway mainline section in HPMS filter,2024,0,0,0,0,0,0,0,0,0,0,0,0,0,0
"Woodbury County, Iowa",19193,IA,Woodbury,Direct FIPS match,2024,24.8228,594437.46,13.29537247,23947.2364,46300,24.8228,594437.46,23947.2364,46300,0.0,0.0,0.0,,370
"Worth County, Iowa",19195,IA,Worth,Direct FIPS match,2024,17.789,348483.1,12.76134788,19589.8083,21100,17.789,348483.1,19589.8083,21100,0.0,0.0,0.0,,209
"Wright County, Iowa",19197,IA,Wright,Direct FIPS match,2024,0.907,14903.0,9.60938491,16431.0915,16800,0.907,14903.0,16431.0915,16800,0.0,0.0,0.0,,17
"Allen County, Kansas",20001,KS,Allen,No qualifying Interstate/freeway mainline section in HPMS filter,2024,0,0,0,0,0,0,0,0,0,0,0,0,0,0
"Anderson County, Kansas",20003,KS,Anderson,No qualifying Interstate/freeway mainline section in HPMS filter,2024,0,0,0,0,0,0,0,0,0,0,0,0,0,0
"Atchison County, Kansas",20005,KS,Atchison,No qualifying Interstate/freeway mainline section in HPMS filter,2024,0,0,0,0,0,0,0,0,0,0,0,0,0,0
"Barber County, Kansas",20007,KS,Barber,No qualifying Interstate/freeway mainline section in HPMS filter,2024,0,0,0,0,0,0,0,0,0,0,0,0,0,0
"Barton County, Kansas",20009,KS,Barton,No qualifying Interstate/freeway mainline section in HPMS filter,2024,0,0,0,0,0,0,0,0,0,0,0,0,0,0
"Bourbon County, Kansas",20011,KS,Bourbon,Direct FIPS match,2024,17.2323,131743.476,11.78861954,7645.1475,14800,0.0,0.0,0.0,,17.2323,131743.476,7645.1475,14800,234
"Brown County, Kansas",20013,KS,Brown,No qualifying Interstate/freeway mainline section in HPMS filter,2024,0,0,0,0,0,0,0,0,0,0,0,0,0,0
"Butler County, Kansas",20015,KS,Butler,Direct FIPS match,2024,71.5837,1156263.34,13.96070497,16152.6065,33600,41.889,745413.71,17794.9751,18900,29.6947,410849.63,13835.7899,33600,871
"Chase County, Kansas",20017,KS,Chase,Direct FIPS match,2024,19.8429,339313.59,12.73468295,17100.0,17100,19.8429,339313.59,17100.0,17100,0.0,0.0,0.0,,216
"Chautauqua County, Kansas",20019,KS,Chautauqua,No qualifying Interstate/freeway mainline section in HPMS filter,2024,0,0,0,0,0,0,0,0,0,0,0,0,0,0
"Cherokee County, Kansas",20021,KS,Cherokee,No qualifying Interstate/freeway mainline section in HPMS filter,2024,0,0,0,0,0,0,0,0,0,0,0,0,0,0
"Cheyenne County, Kansas",20023,KS,Cheyenne,No qualifying Interstate/freeway mainline section in HPMS filter,2024,0,0,0,0,0,0,0,0,0,0,0,0,0,0
"Clark County, Kansas",20025,KS,Clark,No qualifying Interstate/freeway mainline section in HPMS filter,2024,0,0,0,0,0,0,0,0,0,0,0,0,0,0
"Clay County, Kansas",20027,KS,Clay,No qualifying Interstate/freeway mainline section in HPMS filter,2024,0,0,0,0,0,0,0,0,0,0,0,0,0,0
"Cloud County, Kansas",20029,KS,Cloud,Direct FIPS match,2024,21.6702,134652.975,11.81046362,6213.7394,6820,0.0,0.0,0.0,,21.6702,134652.975,6213.7394,6820,260
"Coffey County, Kansas",20031,KS,Coffey,Direct FIPS match,2024,13.3943,189599.72,12.15267567,14155.2541,15200,13.3943,189599.72,14155.2541,15200,0.0,0.0,0.0,,153
"Comanche County, Kansas",20033,KS,Comanche,No qualifying Interstate/freeway mainline section in HPMS filter,2024,0,0,0,0,0,0,0,0,0,0,0,0,0,0
"Cowley County, Kansas",20035,KS,Cowley,Direct FIPS match,2024,8.9404,106397.91,11.57495061,11900.7997,12200,0.0,0.0,0.0,,8.9404,106397.91,11900.7997,12200,117
"Crawford County, Kansas",20037,KS,Crawford,Direct FIPS match,2024,3.043,33573.35,10.42151766,11032.9773,11200,0.0,0.0,0.0,,3.043,33573.35,11032.9773,11200,51
"Decatur County, Kansas",20039,KS,Decatur,No qualifying Interstate/freeway mainline section in HPMS filter,2024,0,0,0,0,0,0,0,0,0,0,0,0,0,0
"Dickinson County, Kansas",20041,KS,Dickinson,Direct FIPS match,2024,23.4345,440439.99,12.99553175,18794.5119,20200,23.4345,440439.99,18794.5119,20200,0.0,0.0,0.0,,275
"Doniphan County, Kansas",20043,KS,Doniphan,Direct FIPS match,2024,4.0612,42253.148,10.65145781,10404.1042,16300,0.0,0.0,0.0,,4.0612,42253.148,10404.1042,16300,58
"Douglas County, Kansas",20045,KS,Douglas,Direct FIPS match,2024,50.175,1281102.089,14.06323205,25532.6774,45500,17.3202,675046.79,38974.5378,45500,32.8548,606055.299,18446.4766,29700,691
"Edwards County, Kansas",20047,KS,Edwards,No qualifying Interstate/freeway mainline section in HPMS filter,2024,0,0,0,0,0,0,0,0,0,0,0,0,0,0
"Elk County, Kansas",20049,KS,Elk,No qualifying Interstate/freeway mainline section in HPMS filter,2024,0,0,0,0,0,0,0,0,0,0,0,0,0,0
"Ellis County, Kansas",20051,KS,Ellis,Direct FIPS match,2024,31.1998,486816.86,13.09564533,15603.2045,16700,31.1998,486816.86,15603.2045,16700,0.0,0.0,0.0,,379
"Ellsworth County, Kansas",20053,KS,Ellsworth,Direct FIPS match,2024,23.2515,295907.42,12.59780529,12726.3798,15200,23.2515,295907.42,12726.3798,15200,0.0,0.0,0.0,,260
"Finney County, Kansas",20055,KS,Finney,Direct FIPS match,2024,14.6842,121788.52,11.71004959,8293.8478,10600,0.0,0.0,0.0,,14.6842,121788.52,8293.8478,10600,184
"Ford County, Kansas",20057,KS,Ford,No qualifying Interstate/freeway mainline section in HPMS filter,2024,0,0,0,0,0,0,0,0,0,0,0,0,0,0
"Franklin County, Kansas",20059,KS,Franklin,Direct FIPS match,2024,38.4882,529845.319,13.18034228,13766.4354,23600,31.0421,493806.92,15907.6519,23600,7.4461,36038.399,4839.9026,6710,467
"Geary County, Kansas",20061,KS,Geary,Direct FIPS match,2024,30.0091,591009.296,13.28958872,19694.3359,32400,26.536,546091.91,20579.2851,32400,3.4731,44917.386,12932.9377,14600,366
"Gove County, Kansas",20063,KS,Gove,Direct FIPS match,2024,37.4835,444071.81,13.00374381,11847.1277,12800,37.4835,444071.81,11847.1277,12800,0.0,0.0,0.0,,413
"Graham County, Kansas",20065,KS,Graham,No qualifying Interstate/freeway mainline section in HPMS filter,2024,0,0,0,0,0,0,0,0,0,0,0,0,0,0
"Grant County, Kansas",20067,KS,Grant,No qualifying Interstate/freeway mainline section in HPMS filter,2024,0,0,0,0,0,0,0,0,0,0,0,0,0,0
"Gray County, Kansas",20069,KS,Gray,No qualifying Interstate/freeway mainline section in HPMS filter,2024,0,0,0,0,0,0,0,0,0,0,0,0,0,0
"Greeley County, Kansas",20071,KS,Greeley,No qualifying Interstate/freeway mainline section in HPMS filter,2024,0,0,0,0,0,0,0,0,0,0,0,0,0,0
"Greenwood County, Kansas",20073,KS,Greenwood,No qualifying Interstate/freeway mainline section in HPMS filter,2024,0,0,0,0,0,0,0,0,0,0,0,0,0,0
"Hamilton County, Kansas",20075,KS,Hamilton,No qualifying Interstate/freeway mainline section in HPMS filter,2024,0,0,0,0,0,0,0,0,0,0,0,0,0,0
"Harper County, Kansas",20077,KS,Harper,No qualifying Interstate/freeway mainline section in HPMS filter,2024,0,0,0,0,0,0,0,0,0,0,0,0,0,0
"Harvey County, Kansas",20079,KS,Harvey,Direct FIPS match,2024,20.8372,405071.12,12.9118204,19439.8057,25500,20.8372,405071.12,19439.8057,25500,0.0,0.0,0.0,,289
"Haskell County, Kansas",20081,KS,Haskell,No qualifying Interstate/freeway mainline section in HPMS filter,2024,0,0,0,0,0,0,0,0,0,0,0,0,0,0
"Hodgeman County, Kansas",20083,KS,Hodgeman,No qualifying Interstate/freeway mainline section in HPMS filter,2024,0,0,0,0,0,0,0,0,0,0,0,0,0,0
"Jackson County, Kansas",20085,KS,Jackson,Direct FIPS match,2024,16.451,182179.134,12.11275122,11074.0462,15000,0.0,0.0,0.0,,16.451,182179.134,11074.0462,15000,174
"Jefferson County, Kansas",20087,KS,Jefferson,No qualifying Interstate/freeway mainline section in HPMS filter,2024,0,0,0,0,0,0,0,0,0,0,0,0,0,0
"Jewell County, Kansas",20089,KS,Jewell,No qualifying Interstate/freeway mainline section in HPMS filter,2024,0,0,0,0,0,0,0,0,0,0,0,0,0,0
"Johnson County, Kansas",20091,KS,Johnson,Direct FIPS match,2024,99.1557,6051160.84,15.61576085,61026.8582,182000,46.5752,3961270.55,85051.069,182000,52.5805,2089890.29,39746.4895,99600,1350
"Kearny County, Kansas",20093,KS,Kearny,No qualifying Interstate/freeway mainline section in HPMS filter,2024,0,0,0,0,0,0,0,0,0,0,0,0,0,0
"Kingman County, Kansas",20095,KS,Kingman,Direct FIPS match,2024,34.6731,214133.836,12.27436117,6175.7915,7020,0.0,0.0,0.0,,34.6731,214133.836,6175.7915,7020,437
"Kiowa County, Kansas",20097,KS,Kiowa,No qualifying Interstate/freeway mainline section in HPMS filter,2024,0,0,0,0,0,0,0,0,0,0,0,0,0,0
"Labette County, Kansas",20099,KS,Labette,No qualifying Interstate/freeway mainline section in HPMS filter,2024,0,0,0,0,0,0,0,0,0,0,0,0,0,0
"Lane County, Kansas",20101,KS,Lane,No qualifying Interstate/freeway mainline section in HPMS filter,2024,0,0,0,0,0,0,0,0,0,0,0,0,0,0
"Leavenworth County, Kansas",20103,KS,Leavenworth,Direct FIPS match,2024,16.544,566938.6,13.24800805,34268.5324,34600,16.544,566938.6,34268.5324,34600,0.0,0.0,0.0,,205
"Lincoln County, Kansas",20105,KS,Lincoln,Direct FIPS match,2024,7.2293,113771.2,11.64195348,15737.5126,17300,7.2293,113771.2,15737.5126,17300,0.0,0.0,0.0,,78
"Linn County, Kansas",20107,KS,Linn,Direct FIPS match,2024,25.3481,158342.696,11.97252324,6246.7284,7940,0.0,0.0,0.0,,25.3481,158342.696,6246.7284,7940,302
"Logan County, Kansas",20109,KS,Logan,Direct FIPS match,2024,0.8207,9027.7,9.10816367,11000.0,11000,0.8207,9027.7,11000.0,11000,0.0,0.0,0.0,,11
"Lyon County, Kansas",20111,KS,Lyon,Direct FIPS match,2024,54.4872,752306.256,13.5309001,13807.0273,21800,54.4872,752306.256,13807.0273,21800,0.0,0.0,0.0,,705
"McPherson County, Kansas",20113,KS,McPherson,Direct FIPS match,2024,51.0264,598701.483,13.30252006,11733.1711,18500,33.842,494695.44,14617.7956,18500,17.1844,104006.043,6052.3523,6810,643
"Marion County, Kansas",20115,KS,Marion,No qualifying Interstate/freeway mainline section in HPMS filter,2024,0,0,0,0,0,0,0,0,0,0,0,0,0,0
"Marshall County, Kansas",20117,KS,Marshall,Direct FIPS match,2024,7.4484,24509.614,10.10686153,3290.5878,4060,0.0,0.0,0.0,,7.4484,24509.614,3290.5878,4060,87
"Meade County, Kansas",20119,KS,Meade,No qualifying Interstate/freeway mainline section in HPMS filter,2024,0,0,0,0,0,0,0,0,0,0,0,0,0,0
"Miami County, Kansas",20121,KS,Miami,Direct FIPS match,2024,49.0666,616723.931,13.33217839,12569.1189,23600,2.8502,67264.72,23600.0,23600,46.2164,549459.211,11888.8362,18700,629
"Mitchell County, Kansas",20123,KS,Mitchell,No qualifying Interstate/freeway mainline section in HPMS filter,2024,0,0,0,0,0,0,0,0,0,0,0,0,0,0
"Montgomery County, Kansas",20125,KS,Montgomery,Direct FIPS match,2024,6.4257,38256.068,10.55208361,5953.6032,6780,0.0,0.0,0.0,,6.4257,38256.068,5953.6032,6780,83
"Morris County, Kansas",20127,KS,Morris,No qualifying Interstate/freeway mainline section in HPMS filter,2024,0,0,0,0,0,0,0,0,0,0,0,0,0,0
"Morton County, Kansas",20129,KS,Morton,No qualifying Interstate/freeway mainline section in HPMS filter,2024,0,0,0,0,0,0,0,0,0,0,0,0,0,0
"Nemaha County, Kansas",20131,KS,Nemaha,No qualifying Interstate/freeway mainline section in HPMS filter,2024,0,0,0,0,0,0,0,0,0,0,0,0,0,0
"Neosho County, Kansas",20133,KS,Neosho,No qualifying Interstate/freeway mainline section in HPMS filter,2024,0,0,0,0,0,0,0,0,0,0,0,0,0,0
"Ness County, Kansas",20135,KS,Ness,No qualifying Interstate/freeway mainline section in HPMS filter,2024,0,0,0,0,0,0,0,0,0,0,0,0,0,0
"Norton County, Kansas",20137,KS,Norton,No qualifying Interstate/freeway mainline section in HPMS filter,2024,0,0,0,0,0,0,0,0,0,0,0,0,0,0
"Osage County, Kansas",20139,KS,Osage,Direct FIPS match,2024,28.6008,322372.089,12.68346482,11271.4361,13200,22.0599,262212.7,11886.3957,13200,6.5409,60159.389,9197.4176,9930,332
"Osborne County, Kansas",20141,KS,Osborne,No qualifying Interstate/freeway mainline section in HPMS filter,2024,0,0,0,0,0,0,0,0,0,0,0,0,0,0
"Ottawa County, Kansas",20143,KS,Ottawa,Direct FIPS match,2024,24.4893,169793.116,12.0423419,6933.3593,8620,0.0,0.0,0.0,,24.4893,169793.116,6933.3593,8620,280
"Pawnee County, Kansas",20145,KS,Pawnee,No qualifying Interstate/freeway mainline section in HPMS filter,2024,0,0,0,0,0,0,0,0,0,0,0,0,0,0
"Phillips County, Kansas",20147,KS,Phillips,No qualifying Interstate/freeway mainline section in HPMS filter,2024,0,0,0,0,0,0,0,0,0,0,0,0,0,0
"Pottawatomie County, Kansas",20149,KS,Pottawatomie,No qualifying Interstate/freeway mainline section in HPMS filter,2024,0,0,0,0,0,0,0,0,0,0,0,0,0,0
"Pratt County, Kansas",20151,KS,Pratt,Direct FIPS match,2024,8.8079,55019.737,10.91546543,6246.6351,6700,0.0,0.0,0.0,,8.8079,55019.737,6246.6351,6700,115
"Rawlins County, Kansas",20153,KS,Rawlins,No qualifying Interstate/freeway mainline section in HPMS filter,2024,0,0,0,0,0,0,0,0,0,0,0,0,0,0
"Reno County, Kansas",20155,KS,Reno,Direct FIPS match,2024,25.1372,229292.166,12.34275666,9121.6272,11800,0.0,0.0,0.0,,25.1372,229292.166,9121.6272,11800,362
"Republic County, Kansas",20157,KS,Republic,Direct FIPS match,2024,24.6492,121172.259,11.70497669,4915.8698,6460,0.0,0.0,0.0,,24.6492,121172.259,4915.8698,6460,298
"Rice County, Kansas",20159,KS,Rice,No qualifying Interstate/freeway mainline section in HPMS filter,2024,0,0,0,0,0,0,0,0,0,0,0,0,0,0
"Riley County, Kansas",20161,KS,Riley,Direct FIPS match,2024,21.8837,346087.05,12.7544485,15814.8325,23700,5.9678,110637.84,18539.1333,18600,15.9159,235449.21,14793.3331,23700,296
"Rooks County, Kansas",20163,KS,Rooks,No qualifying Interstate/freeway mainline section in HPMS filter,2024,0,0,0,0,0,0,0,0,0,0,0,0,0,0
"Rush County, Kansas",20165,KS,Rush,No qualifying Interstate/freeway mainline section in HPMS filter,2024,0,0,0,0,0,0,0,0,0,0,0,0,0,0
"Russell County, Kansas",20167,KS,Russell,Direct FIPS match,2024,30.0432,413106.16,12.93146231,13750.4048,16700,30.0432,413106.16,13750.4048,16700,0.0,0.0,0.0,,346
"Saline County, Kansas",20169,KS,Saline,Direct FIPS match,2024,55.6008,956924.452,13.77148077,17210.6238,24100,49.5232,905736.38,18289.1328,24100,6.0776,51188.072,8422.4154,8620,693
"Scott County, Kansas",20171,KS,Scott,No qualifying Interstate/freeway mainline section in HPMS filter,2024,0,0,0,0,0,0,0,0,0,0,0,0,0,0
"Sedgwick County, Kansas",20173,KS,Sedgwick,Direct FIPS match,2024,142.9712,4582405.624,15.33773488,32051.2497,121000,60.4913,2149424.728,35532.7911,97200,82.4799,2432980.896,29497.8643,121000,2077
"Seward County, Kansas",20175,KS,Seward,No qualifying Interstate/freeway mainline section in HPMS filter,2024,0,0,0,0,0,0,0,0,0,0,0,0,0,0
"Shawnee County, Kansas",20177,KS,Shawnee,Direct FIPS match,2024,85.406,1987723.068,14.50250086,23273.8106,62000,53.0697,1468900.224,27678.6985,62000,32.3363,518822.844,16044.5952,47000,1271
"Sheridan County, Kansas",20179,KS,Sheridan,No qualifying Interstate/freeway mainline section in HPMS filter,2024,0,0,0,0,0,0,0,0,0,0,0,0,0,0
"Sherman County, Kansas",20181,KS,Sherman,Direct FIPS match,2024,35.2783,400751.85,12.90110018,11359.7268,12000,35.2783,400751.85,11359.7268,12000,0.0,0.0,0.0,,409
"Smith County, Kansas",20183,KS,Smith,No qualifying Interstate/freeway mainline section in HPMS filter,2024,0,0,0,0,0,0,0,0,0,0,0,0,0,0
"Stafford County, Kansas",20185,KS,Stafford,No qualifying Interstate/freeway mainline section in HPMS filter,2024,0,0,0,0,0,0,0,0,0,0,0,0,0,0
"Stanton County, Kansas",20187,KS,Stanton,No qualifying Interstate/freeway mainline section in HPMS filter,2024,0,0,0,0,0,0,0,0,0,0,0,0,0,0
"Stevens County, Kansas",20189,KS,Stevens,No qualifying Interstate/freeway mainline section in HPMS filter,2024,0,0,0,0,0,0,0,0,0,0,0,0,0,0
"Sumner County, Kansas",20191,KS,Sumner,Direct FIPS match,2024,33.3642,681001.42,13.43132114,20411.1419,25000,33.3642,681001.42,20411.1419,25000,0.0,0.0,0.0,,375
"Thomas County, Kansas",20193,KS,Thomas,Direct FIPS match,2024,39.5341,468075.98,13.05638805,11839.8036,12600,39.5341,468075.98,11839.8036,12600,0.0,0.0,0.0,,466
"Trego County, Kansas",20195,KS,Trego,Direct FIPS match,2024,30.5868,379845.75,12.84752316,12418.6169,13500,30.5868,379845.75,12418.6169,13500,0.0,0.0,0.0,,351
"Wabaunsee County, Kansas",20197,KS,Wabaunsee,Direct FIPS match,2024,24.5535,514649.17,13.15124267,20960.3181,22500,24.5535,514649.17,20960.3181,22500,0.0,0.0,0.0,,312
"Wallace County, Kansas",20199,KS,Wallace,No qualifying Interstate/freeway mainline section in HPMS filter,2024,0,0,0,0,0,0,0,0,0,0,0,0,0,0
"Washington County, Kansas",20201,KS,Washington,Direct FIPS match,2024,3.8505,9356.901,9.14397629,2430.0483,2520,0.0,0.0,0.0,,3.8505,9356.901,2430.0483,2520,44
"Wichita County, Kansas",20203,KS,Wichita,No qualifying Interstate/freeway mainline section in HPMS filter,2024,0,0,0,0,0,0,0,0,0,0,0,0,0,0
"Wilson County, Kansas",20205,KS,Wilson,Direct FIPS match,2024,1.9188,11543.922,9.35400097,6016.2195,6200,0.0,0.0,0.0,,1.9188,11543.922,6016.2195,6200,21
"Woodson County, Kansas",20207,KS,Woodson,No qualifying Interstate/freeway mainline section in HPMS filter,2024,0,0,0,0,0,0,0,0,0,0,0,0,0,0
"Wyandotte County, Kansas",20209,KS,Wyandotte,Direct FIPS match,2024,59.7696,3040716.734,14.92760414,50873.9683,112000,43.8483,2684721.31,61227.4891,112000,15.9213,355995.424,22359.6958,36100,1016
"Adair County, Kentucky",21001,KY,Adair,Direct FIPS match,2024,21.632,158552.305,11.97384612,7329.5259,8272,0.0,0.0,0.0,,21.632,158552.305,7329.5259,8272,303
"Allen County, Kentucky",21003,KY,Allen,No qualifying Interstate/freeway mainline section in HPMS filter,2024,0,0,0,0,0,0,0,0,0,0,0,0,0,0
"Anderson County, Kentucky",21005,KY,Anderson,Direct FIPS match,2024,13.168,232311.414,12.35583836,17642.1183,21427,0.0,0.0,0.0,,13.168,232311.414,17642.1183,21427,213
"Ballard County, Kentucky",21007,KY,Ballard,No qualifying Interstate/freeway mainline section in HPMS filter,2024,0,0,0,0,0,0,0,0,0,0,0,0,0,0
"Barren County, Kentucky",21009,KY,Barren,Direct FIPS match,2024,30.795,651402.997,13.38688531,21152.8819,53242,8.438,391395.489,46384.8648,53242,22.357,260007.508,11629.8031,14508,361
"Bath County, Kentucky",21011,KY,Bath,Direct FIPS match,2024,13.308,274069.568,12.5211409,20594.3469,22415,13.308,274069.568,20594.3469,22415,0.0,0.0,0.0,,158
"Bell County, Kentucky",21013,KY,Bell,No qualifying Interstate/freeway mainline section in HPMS filter,2024,0,0,0,0,0,0,0,0,0,0,0,0,0,0
"Boone County, Kentucky",21015,KY,Boone,Direct FIPS match,2024,33.983,2661928.261,14.7945617,78331.1733,185723,33.983,2661928.261,78331.1733,185723,0.0,0.0,0.0,,412
"Bourbon County, Kentucky",21017,KY,Bourbon,No qualifying Interstate/freeway mainline section in HPMS filter,2024,0,0,0,0,0,0,0,0,0,0,0,0,0,0
"Boyd County, Kentucky",21019,KY,Boyd,Direct FIPS match,2024,10.695,207816.66,12.24441634,19431.1978,22047,10.695,207816.66,19431.1978,22047,0.0,0.0,0.0,,128
"Boyle County, Kentucky",21021,KY,Boyle,No qualifying Interstate/freeway mainline section in HPMS filter,2024,0,0,0,0,0,0,0,0,0,0,0,0,0,0
"Bracken County, Kentucky",21023,KY,Bracken,No qualifying Interstate/freeway mainline section in HPMS filter,2024,0,0,0,0,0,0,0,0,0,0,0,0,0,0
"Breathitt County, Kentucky",21025,KY,Breathitt,No qualifying Interstate/freeway mainline section in HPMS filter,2024,0,0,0,0,0,0,0,0,0,0,0,0,0,0
"Breckinridge County, Kentucky",21027,KY,Breckinridge,No qualifying Interstate/freeway mainline section in HPMS filter,2024,0,0,0,0,0,0,0,0,0,0,0,0,0,0
"Bullitt County, Kentucky",21029,KY,Bullitt,Direct FIPS match,2024,19.872,1653787.739,14.31857942,83222.0078,109455,19.872,1653787.739,83222.0078,109455,0.0,0.0,0.0,,239
"Butler County, Kentucky",21031,KY,Butler,Direct FIPS match,2024,17.786,209513.12,12.25254641,11779.6649,14071,16.897,201962.843,11952.5858,14071,0.889,7550.277,8493.0,8493,221
"Caldwell County, Kentucky",21033,KY,Caldwell,Direct FIPS match,2024,18.701,240818.878,12.39180454,12877.3262,25242,18.701,240818.878,12877.3262,25242,0.0,0.0,0.0,,213
"Calloway County, Kentucky",21035,KY,Calloway,No qualifying Interstate/freeway mainline section in HPMS filter,2024,0,0,0,0,0,0,0,0,0,0,0,0,0,0
"Campbell County, Kentucky",21037,KY,Campbell,Direct FIPS match,2024,10.232,887122.95,13.69573999,86700.8356,104150,9.534,859475.868,90148.5072,104150,0.698,27647.082,39609.0,39609,151
"Carlisle County, Kentucky",21039,KY,Carlisle,No qualifying Interstate/freeway mainline section in HPMS filter,2024,0,0,0,0,0,0,0,0,0,0,0,0,0,0
"Carroll County, Kentucky",21041,KY,Carroll,Direct FIPS match,2024,14.625,543756.843,13.20625929,37179.9551,44505,14.625,543756.843,37179.9551,44505,0.0,0.0,0.0,,165
"Carter County, Kentucky",21043,KY,Carter,Direct FIPS match,2024,32.147,534555.369,13.18919247,16628.4683,22529,32.147,534555.369,16628.4683,22529,0.0,0.0,0.0,,368
"Casey County, Kentucky",21045,KY,Casey,No qualifying Interstate/freeway mainline section in HPMS filter,2024,0,0,0,0,0,0,0,0,0,0,0,0,0,0
"Christian County, Kentucky",21047,KY,Christian,Direct FIPS match,2024,51.638,1262404.066,14.04852924,24447.1913,48861,51.638,1262404.066,24447.1913,48861,0.0,0.0,0.0,,600
"Clark County, Kentucky",21049,KY,Clark,Direct FIPS match,2024,26.693,699531.974,13.45816821,26206.57,45072,14.78,525352.698,35544.8375,45072,11.913,174179.276,14620.9415,14791,427
"Clay County, Kentucky",21051,KY,Clay,No qualifying Interstate/freeway mainline section in HPMS filter,2024,0,0,0,0,0,0,0,0,0,0,0,0,0,0
"Clinton County, Kentucky",21053,KY,Clinton,No qualifying Interstate/freeway mainline section in HPMS filter,2024,0,0,0,0,0,0,0,0,0,0,0,0,0,0
"Crittenden County, Kentucky",21055,KY,Crittenden,No qualifying Interstate/freeway mainline section in HPMS filter,2024,0,0,0,0,0,0,0,0,0,0,0,0,0,0
"Cumberland County, Kentucky",21057,KY,Cumberland,No qualifying Interstate/freeway mainline section in HPMS filter,2024,0,0,0,0,0,0,0,0,0,0,0,0,0,0
"Daviess County, Kentucky",21059,KY,Daviess,Direct FIPS match,2024,31.696,575389.324,13.26280391,18153.3734,40316,10.711,140956.76,13160.0,13160,20.985,434432.564,20702.0521,40316,473
"Edmonson County, Kentucky",21061,KY,Edmonson,Direct FIPS match,2024,2.628,122651.388,11.71710952,46671.0,46671,2.628,122651.388,46671.0,46671,0.0,0.0,0.0,,30
"Elliott County, Kentucky",21063,KY,Elliott,No qualifying Interstate/freeway mainline section in HPMS filter,2024,0,0,0,0,0,0,0,0,0,0,0,0,0,0
"Estill County, Kentucky",21065,KY,Estill,No qualifying Interstate/freeway mainline section in HPMS filter,2024,0,0,0,0,0,0,0,0,0,0,0,0,0,0
"Fayette County, Kentucky",21067,KY,Fayette,Direct FIPS match,2024,49.016,3215468.17,14.98348384,65600.3789,105152,35.261,2295486.175,65099.8603,105152,13.755,919981.995,66883.4602,74842,620
"Fleming County, Kentucky",21069,KY,Fleming,No qualifying Interstate/freeway mainline section in HPMS filter,2024,0,0,0,0,0,0,0,0,0,0,0,0,0,0
"Floyd County, Kentucky",21071,KY,Floyd,No qualifying Interstate/freeway mainline section in HPMS filter,2024,0,0,0,0,0,0,0,0,0,0,0,0,0,0
"Franklin County, Kentucky",21073,KY,Franklin,Direct FIPS match,2024,13.128,604635.092,13.31238206,46056.9083,54931,13.128,604635.092,46056.9083,54931,0.0,0.0,0.0,,166
"Fulton County, Kentucky",21075,KY,Fulton,Direct FIPS match,2024,3.434,29708.946,10.29923715,8651.4112,10595,2.01,18029.298,8969.8,10595,1.424,11679.648,8202.0,8202,48
"Gallatin County, Kentucky",21077,KY,Gallatin,Direct FIPS match,2024,16.457,618903.588,13.3357064,37607.3153,39113,16.457,618903.588,37607.3153,39113,0.0,0.0,0.0,,191
"Garrard County, Kentucky",21079,KY,Garrard,No qualifying Interstate/freeway mainline section in HPMS filter,2024,0,0,0,0,0,0,0,0,0,0,0,0,0,0
"Grant County, Kentucky",21081,KY,Grant,Direct FIPS match,2024,23.024,1161327.298,13.96507499,50439.8583,60904,23.024,1161327.298,50439.8583,60904,0.0,0.0,0.0,,264
"Graves County, Kentucky",21083,KY,Graves,Direct FIPS match,2024,26.135,265593.755,12.48972695,10162.3782,17647,26.135,265593.755,10162.3782,17647,0.0,0.0,0.0,,310
"Grayson County, Kentucky",21085,KY,Grayson,Direct FIPS match,2024,31.216,372060.12,12.82681342,11918.8916,14121,0.0,0.0,0.0,,31.216,372060.12,11918.8916,14121,522
"Green County, Kentucky",21087,KY,Green,No qualifying Interstate/freeway mainline section in HPMS filter,2024,0,0,0,0,0,0,0,0,0,0,0,0,0,0
"Greenup County, Kentucky",21089,KY,Greenup,No qualifying Interstate/freeway mainline section in HPMS filter,2024,0,0,0,0,0,0,0,0,0,0,0,0,0,0
"Hancock County, Kentucky",21091,KY,Hancock,No qualifying Interstate/freeway mainline section in HPMS filter,2024,0,0,0,0,0,0,0,0,0,0,0,0,0,0
"Hardin County, Kentucky",21093,KY,Hardin,Direct FIPS match,2024,50.631,1759586.406,14.38058991,34753.1434,70541,24.647,1353104.152,54899.3448,70541,25.984,406482.254,15643.5597,30381,764
"Harlan County, Kentucky",21095,KY,Harlan,No qualifying Interstate/freeway mainline section in HPMS filter,2024,0,0,0,0,0,0,0,0,0,0,0,0,0,0
"Harrison County, Kentucky",21097,KY,Harrison,No qualifying Interstate/freeway mainline section in HPMS filter,2024,0,0,0,0,0,0,0,0,0,0,0,0,0,0
"Hart County, Kentucky",21099,KY,Hart,Direct FIPS match,2024,20.666,939463.294,13.75306509,45459.3678,46192,20.666,939463.294,45459.3678,46192,0.0,0.0,0.0,,230
"Henderson County, Kentucky",21101,KY,Henderson,Direct FIPS match,2024,31.29,440501.193,12.9956707,14078.0183,37004,10.949,151636.52,13849.3488,14334,20.341,288864.673,14201.1048,37004,362
"Henry County, Kentucky",21103,KY,Henry,Direct FIPS match,2024,13.359,519544.661,13.16070998,38890.9844,43207,13.359,519544.661,38890.9844,43207,0.0,0.0,0.0,,157
"Hickman County, Kentucky",21105,KY,Hickman,Direct FIPS match,2024,4.918,35301.404,10.47170634,7178.0,7178,4.918,35301.404,7178.0,7178,0.0,0.0,0.0,,50
"Hopkins County, Kentucky",21107,KY,Hopkins,Direct FIPS match,2024,48.25,756451.633,13.5363952,15677.7541,25474,43.152,690264.299,15996.1137,25474,5.098,66187.334,12983.0,12983,576
"Jackson County, Kentucky",21109,KY,Jackson,No qualifying Interstate/freeway mainline section in HPMS filter,2024,0,0,0,0,0,0,0,0,0,0,0,0,0,0
"Jefferson County, Kentucky",21111,KY,Jefferson,Direct FIPS match,2024,112.277,9640258.134,16.08145855,85861.3797,191445,96.831,8877015.521,91675.347,191445,15.446,763242.613,49413.6095,80027,1672
"Jessamine County, Kentucky",21113,KY,Jessamine,No qualifying Interstate/freeway mainline section in HPMS filter,2024,0,0,0,0,0,0,0,0,0,0,0,0,0,0
"Johnson County, Kentucky",21115,KY,Johnson,No qualifying Interstate/freeway mainline section in HPMS filter,2024,0,0,0,0,0,0,0,0,0,0,0,0,0,0
"Kenton County, Kentucky",21117,KY,Kenton,Direct FIPS match,2024,19.424,2328258.427,14.66063152,119865.0343,199120,19.424,2328258.427,119865.0343,199120,0.0,0.0,0.0,,361
"Knott County, Kentucky",21119,KY,Knott,No qualifying Interstate/freeway mainline section in HPMS filter,2024,0,0,0,0,0,0,0,0,0,0,0,0,0,0
"Knox County, Kentucky",21121,KY,Knox,No qualifying Interstate/freeway mainline section in HPMS filter,2024,0,0,0,0,0,0,0,0,0,0,0,0,0,0
"Larue County, Kentucky",21123,KY,Larue,Direct FIPS match,2024,4.039,187025.895,12.13900771,46305.0,46305,4.039,187025.895,46305.0,46305,0.0,0.0,0.0,,44
"Laurel County, Kentucky",21125,KY,Laurel,Direct FIPS match,2024,22.824,1030821.685,13.84586776,45163.9364,52082,22.824,1030821.685,45163.9364,52082,0.0,0.0,0.0,,270
"Lawrence County, Kentucky",21127,KY,Lawrence,No qualifying Interstate/freeway mainline section in HPMS filter,2024,0,0,0,0,0,0,0,0,0,0,0,0,0,0
"Lee County, Kentucky",21129,KY,Lee,No qualifying Interstate/freeway mainline section in HPMS filter,2024,0,0,0,0,0,0,0,0,0,0,0,0,0,0
"Leslie County, Kentucky",21131,KY,Leslie,No qualifying Interstate/freeway mainline section in HPMS filter,2024,0,0,0,0,0,0,0,0,0,0,0,0,0,0
"Letcher County, Kentucky",21133,KY,Letcher,No qualifying Interstate/freeway mainline section in HPMS filter,2024,0,0,0,0,0,0,0,0,0,0,0,0,0,0
"Lewis County, Kentucky",21135,KY,Lewis,No qualifying Interstate/freeway mainline section in HPMS filter,2024,0,0,0,0,0,0,0,0,0,0,0,0,0,0
"Lincoln County, Kentucky",21137,KY,Lincoln,No qualifying Interstate/freeway mainline section in HPMS filter,2024,0,0,0,0,0,0,0,0,0,0,0,0,0,0
"Livingston County, Kentucky",21139,KY,Livingston,Direct FIPS match,2024,4.528,140298.933,11.85153779,30984.7467,31467,4.528,140298.933,30984.7467,31467,0.0,0.0,0.0,,59
"Logan County, Kentucky",21141,KY,Logan,No qualifying Interstate/freeway mainline section in HPMS filter,2024,0,0,0,0,0,0,0,0,0,0,0,0,0,0
"Lyon County, Kentucky",21143,KY,Lyon,Direct FIPS match,2024,27.126,620031.791,13.33752764,22857.4722,32502,27.126,620031.791,22857.4722,32502,0.0,0.0,0.0,,319
"McCracken County, Kentucky",21145,KY,McCracken,Direct FIPS match,2024,17.32,710678.949,13.47397747,41032.2719,48157,17.32,710678.949,41032.2719,48157,0.0,0.0,0.0,,221
"McCreary County, Kentucky",21147,KY,McCreary,No qualifying Interstate/freeway mainline section in HPMS filter,2024,0,0,0,0,0,0,0,0,0,0,0,0,0,0
"McLean County, Kentucky",21149,KY,McLean,No qualifying Interstate/freeway mainline section in HPMS filter,2024,0,0,0,0,0,0,0,0,0,0,0,0,0,0
"Madison County, Kentucky",21151,KY,Madison,Direct FIPS match,2024,24.295,1633386.757,14.30616679,67231.3956,81268,24.295,1633386.757,67231.3956,81268,0.0,0.0,0.0,,281
"Magoffin County, Kentucky",21153,KY,Magoffin,Direct FIPS match,2024,11.517,25476.015,10.14553195,2212.0357,7672,0.0,0.0,0.0,,11.517,25476.015,2212.0357,7672,264
"Marion County, Kentucky",21155,KY,Marion,No qualifying Interstate/freeway mainline section in HPMS filter,2024,0,0,0,0,0,0,0,0,0,0,0,0,0,0
"Marshall County, Kentucky",21157,KY,Marshall,Direct FIPS match,2024,29.341,633260.028,13.35863798,21582.7691,33453,29.341,633260.028,21582.7691,33453,0.0,0.0,0.0,,355
"Martin County, Kentucky",21159,KY,Martin,No qualifying Interstate/freeway mainline section in HPMS filter,2024,0,0,0,0,0,0,0,0,0,0,0,0,0,0
"Mason County, Kentucky",21161,KY,Mason,No qualifying Interstate/freeway mainline section in HPMS filter,2024,0,0,0,0,0,0,0,0,0,0,0,0,0,0
"Meade County, Kentucky",21163,KY,Meade,No qualifying Interstate/freeway mainline section in HPMS filter,2024,0,0,0,0,0,0,0,0,0,0,0,0,0,0
"Menifee County, Kentucky",21165,KY,Menifee,No qualifying Interstate/freeway mainline section in HPMS filter,2024,0,0,0,0,0,0,0,0,0,0,0,0,0,0
"Mercer County, Kentucky",21167,KY,Mercer,Direct FIPS match,2024,3.972,64827.012,11.07949307,16321.0,16321,0.0,0.0,0.0,,3.972,64827.012,16321.0,16321,45
"Metcalfe County, Kentucky",21169,KY,Metcalfe,Direct FIPS match,2024,13.802,96997.218,11.48244789,7027.7654,7901,0.0,0.0,0.0,,13.802,96997.218,7027.7654,7901,294
"Monroe County, Kentucky",21171,KY,Monroe,No qualifying Interstate/freeway mainline section in HPMS filter,2024,0,0,0,0,0,0,0,0,0,0,0,0,0,0
"Montgomery County, Kentucky",21173,KY,Montgomery,Direct FIPS match,2024,11.387,282742.049,12.55229381,24830.2493,26884,11.387,282742.049,24830.2493,26884,0.0,0.0,0.0,,130
"Morgan County, Kentucky",21175,KY,Morgan,Direct FIPS match,2024,5.455,5394.995,8.59341229,989.0,989,0.0,0.0,0.0,,5.455,5394.995,989.0,989,125
"Muhlenberg County, Kentucky",21177,KY,Muhlenberg,Direct FIPS match,2024,22.251,257895.538,12.46031377,11590.2898,14748,0.0,0.0,0.0,,22.251,257895.538,11590.2898,14748,477
"Nelson County, Kentucky",21179,KY,Nelson,Direct FIPS match,2024,30.43,444770.78,13.00531658,14616.1939,16191,0.0,0.0,0.0,,30.43,444770.78,14616.1939,16191,339
"Nicholas County, Kentucky",21181,KY,Nicholas,No qualifying Interstate/freeway mainline section in HPMS filter,2024,0,0,0,0,0,0,0,0,0,0,0,0,0,0
"Ohio County, Kentucky",21183,KY,Ohio,Direct FIPS match,2024,46.279,495889.012,13.11410943,10715.2059,13160,24.41,299099.24,12253.1438,13160,21.869,196789.772,8998.572,11590,739
"Oldham County, Kentucky",21185,KY,Oldham,Direct FIPS match,2024,13.412,743042.555,13.51850994,55401.3238,71073,13.412,743042.555,55401.3238,71073,0.0,0.0,0.0,,158
"Owen County, Kentucky",21187,KY,Owen,No qualifying Interstate/freeway mainline section in HPMS filter,2024,0,0,0,0,0,0,0,0,0,0,0,0,0,0
"Owsley County, Kentucky",21189,KY,Owsley,No qualifying Interstate/freeway mainline section in HPMS filter,2024,0,0,0,0,0,0,0,0,0,0,0,0,0,0
"Pendleton County, Kentucky",21191,KY,Pendleton,No qualifying Interstate/freeway mainline section in HPMS filter,2024,0,0,0,0,0,0,0,0,0,0,0,0,0,0
"Perry County, Kentucky",21193,KY,Perry,No qualifying Interstate/freeway mainline section in HPMS filter,2024,0,0,0,0,0,0,0,0,0,0,0,0,0,0
"Pike County, Kentucky",21195,KY,Pike,No qualifying Interstate/freeway mainline section in HPMS filter,2024,0,0,0,0,0,0,0,0,0,0,0,0,0,0
"Powell County, Kentucky",21197,KY,Powell,Direct FIPS match,2024,24.087,253268.674,12.44221011,10514.7455,13278,0.0,0.0,0.0,,24.087,253268.674,10514.7455,13278,544
"Pulaski County, Kentucky",21199,KY,Pulaski,Direct FIPS match,2024,16.179,142667.807,11.86828119,8818.0856,10391,0.0,0.0,0.0,,16.179,142667.807,8818.0856,10391,338
"Robertson County, Kentucky",21201,KY,Robertson,No qualifying Interstate/freeway mainline section in HPMS filter,2024,0,0,0,0,0,0,0,0,0,0,0,0,0,0
"Rockcastle County, Kentucky",21203,KY,Rockcastle,Direct FIPS match,2024,22.641,997430.495,13.81293875,44054.1714,47185,22.641,997430.495,44054.1714,47185,0.0,0.0,0.0,,262
"Rowan County, Kentucky",21205,KY,Rowan,Direct FIPS match,2024,19.71,320152.713,12.67655651,16243.1615,21302,19.71,320152.713,16243.1615,21302,0.0,0.0,0.0,,215
"Russell County, Kentucky",21207,KY,Russell,Direct FIPS match,2024,14.296,116725.735,11.66759088,8164.9227,8252,0.0,0.0,0.0,,14.296,116725.735,8164.9227,8252,255
"Scott County, Kentucky",21209,KY,Scott,Direct FIPS match,2024,26.341,1309790.742,14.08537871,49724.4122,67317,26.341,1309790.742,49724.4122,67317,0.0,0.0,0.0,,324
"Shelby County, Kentucky",21211,KY,Shelby,Direct FIPS match,2024,22.329,1255586.565,14.0431142,56231.2045,69708,22.329,1255586.565,56231.2045,69708,0.0,0.0,0.0,,270
"Simpson County, Kentucky",21213,KY,Simpson,Direct FIPS match,2024,13.711,750987.799,13.52914602,54772.6496,55771,13.711,750987.799,54772.6496,55771,0.0,0.0,0.0,,151
"Spencer County, Kentucky",21215,KY,Spencer,No qualifying Interstate/freeway mainline section in HPMS filter,2024,0,0,0,0,0,0,0,0,0,0,0,0,0,0
"Taylor County, Kentucky",21217,KY,Taylor,No qualifying Interstate/freeway mainline section in HPMS filter,2024,0,0,0,0,0,0,0,0,0,0,0,0,0,0
"Todd County, Kentucky",21219,KY,Todd,No qualifying Interstate/freeway mainline section in HPMS filter,2024,0,0,0,0,0,0,0,0,0,0,0,0,0,0
"Trigg County, Kentucky",21221,KY,Trigg,Direct FIPS match,2024,12.441,326276.792,12.69550442,26225.9297,27952,12.441,326276.792,26225.9297,27952,0.0,0.0,0.0,,139
"Trimble County, Kentucky",21223,KY,Trimble,Direct FIPS match,2024,0.722,26017.27,10.16655426,36035.0,36035,0.722,26017.27,36035.0,36035,0.0,0.0,0.0,,10
"Union County, Kentucky",21225,KY,Union,No qualifying Interstate/freeway mainline section in HPMS filter,2024,0,0,0,0,0,0,0,0,0,0,0,0,0,0
"Warren County, Kentucky",21227,KY,Warren,Direct FIPS match,2024,49.425,2221088.829,14.61350855,44938.5701,72357,47.346,2195145.199,46363.8998,72357,2.079,25943.63,12478.8985,17256,555
"Washington County, Kentucky",21229,KY,Washington,Direct FIPS match,2024,5.54,86374.656,11.36646116,15591.0931,16749,0.0,0.0,0.0,,5.54,86374.656,15591.0931,16749,97
"Wayne County, Kentucky",21231,KY,Wayne,No qualifying Interstate/freeway mainline section in HPMS filter,2024,0,0,0,0,0,0,0,0,0,0,0,0,0,0
"Webster County, Kentucky",21233,KY,Webster,Direct FIPS match,2024,10.302,118021.808,11.67863317,11456.2035,12599,10.302,118021.808,11456.2035,12599,0.0,0.0,0.0,,119
"Whitley County, Kentucky",21235,KY,Whitley,Direct FIPS match,2024,27.943,1023426.772,13.83866811,36625.5152,42740,27.943,1023426.772,36625.5152,42740,0.0,0.0,0.0,,330
"Wolfe County, Kentucky",21237,KY,Wolfe,Direct FIPS match,2024,21.693,118949.465,11.68646242,5483.311,10904,0.0,0.0,0.0,,21.693,118949.465,5483.311,10904,353
"Woodford County, Kentucky",21239,KY,Woodford,Direct FIPS match,2024,16.862,510023.622,13.14221428,30246.9234,41642,7.675,303656.041,39564.305,41642,9.187,206367.581,22463.0,22463,197
"Acadia Parish, Louisiana",22001,LA,Acadia,Direct FIPS match,2024,26.9991,1350041.781,14.11564684,50003.2142,67596,26.9991,1350041.781,50003.2142,67596,0.0,0.0,0.0,,309
"Allen Parish, Louisiana",22003,LA,Allen,No qualifying Interstate/freeway mainline section in HPMS filter,2024,0,0,0,0,0,0,0,0,0,0,0,0,0,0
"Ascension Parish, Louisiana",22005,LA,Ascension,Direct FIPS match,2024,21.6642,1601602.508,14.28651588,73928.5322,104066,21.6642,1601602.508,73928.5322,104066,0.0,0.0,0.0,,275
"Assumption Parish, Louisiana",22007,LA,Assumption,Direct FIPS match,2024,3.2047,53903.054,10.89496097,16820.0,16820,0.0,0.0,0.0,,3.2047,53903.054,16820.0,16820,41
"Avoyelles Parish, Louisiana",22009,LA,Avoyelles,Direct FIPS match,2024,8.5954,137158.7532,11.82890161,15957.2275,17770,8.5954,137158.7532,15957.2275,17770,0.0,0.0,0.0,,96
"Beauregard Parish, Louisiana",22011,LA,Beauregard,No qualifying Interstate/freeway mainline section in HPMS filter,2024,0,0,0,0,0,0,0,0,0,0,0,0,0,0
"Bienville Parish, Louisiana",22013,LA,Bienville,Direct FIPS match,2024,17.2576,640031.447,13.36927415,37086.9325,44081,17.2576,640031.447,37086.9325,44081,0.0,0.0,0.0,,208
"Bossier Parish, Louisiana",22015,LA,Bossier,Direct FIPS match,2024,27.8609,1558969.662,14.25953633,55955.4667,100115,27.8609,1558969.662,55955.4667,100115,0.0,0.0,0.0,,376
"Caddo Parish, Louisiana",22017,LA,Caddo,Direct FIPS match,2024,86.8094,3653450.0646,15.11118278,42085.8808,100690,76.548,3230061.469,42196.5495,100690,10.2614,423388.5956,41260.3149,46804,1102
"Calcasieu Parish, Louisiana",22019,LA,Calcasieu,Direct FIPS match,2024,57.2307,3810064.578,15.15315696,66573.7896,110715,57.2307,3810064.578,66573.7896,110715,0.0,0.0,0.0,,752
"Caldwell Parish, Louisiana",22021,LA,Caldwell,No qualifying Interstate/freeway mainline section in HPMS filter,2024,0,0,0,0,0,0,0,0,0,0,0,0,0,0
"Cameron Parish, Louisiana",22023,LA,Cameron,No qualifying Interstate/freeway mainline section in HPMS filter,2024,0,0,0,0,0,0,0,0,0,0,0,0,0,0
"Catahoula Parish, Louisiana",22025,LA,Catahoula,No qualifying Interstate/freeway mainline section in HPMS filter,2024,0,0,0,0,0,0,0,0,0,0,0,0,0,0
"Claiborne Parish, Louisiana",22027,LA,Claiborne,No qualifying Interstate/freeway mainline section in HPMS filter,2024,0,0,0,0,0,0,0,0,0,0,0,0,0,0
"Concordia Parish, Louisiana",22029,LA,Concordia,No qualifying Interstate/freeway mainline section in HPMS filter,2024,0,0,0,0,0,0,0,0,0,0,0,0,0,0
"De Soto Parish, Louisiana",22031,LA,De Soto,Direct FIPS match,2024,35.9594,819060.6313,13.61591461,22777.372,29722,35.9594,819060.6313,22777.372,29722,0.0,0.0,0.0,,418
"East Baton Rouge Parish, Louisiana",22033,LA,East Baton Rouge,Direct FIPS match,2024,31.5688,3145417.86,14.96145762,99636.9156,206427,31.5688,3145417.86,99636.9156,206427,0.0,0.0,0.0,,462
"East Carroll Parish, Louisiana",22035,LA,East Carroll,No qualifying Interstate/freeway mainline section in HPMS filter,2024,0,0,0,0,0,0,0,0,0,0,0,0,0,0
"East Feliciana Parish, Louisiana",22037,LA,East Feliciana,No qualifying Interstate/freeway mainline section in HPMS filter,2024,0,0,0,0,0,0,0,0,0,0,0,0,0,0
"Evangeline Parish, Louisiana",22039,LA,Evangeline,Direct FIPS match,2024,4.3842,77421.5369,11.25703319,17659.2165,17923,4.3842,77421.5369,17659.2165,17923,0.0,0.0,0.0,,53
"Franklin Parish, Louisiana",22041,LA,Franklin,No qualifying Interstate/freeway mainline section in HPMS filter,2024,0,0,0,0,0,0,0,0,0,0,0,0,0,0
"Grant Parish, Louisiana",22043,LA,Grant,No qualifying Interstate/freeway mainline section in HPMS filter,2024,0,0,0,0,0,0,0,0,0,0,0,0,0,0
"Iberia Parish, Louisiana",22045,LA,Iberia,Direct FIPS match,2024,20.5048,542634.5521,13.2041932,26463.7818,53669,0.0,0.0,0.0,,20.5048,542634.5521,26463.7818,53669,259
"Iberville Parish, Louisiana",22047,LA,Iberville,Direct FIPS match,2024,14.805,868295.427,13.67428844,58648.7961,60274,14.805,868295.427,58648.7961,60274,0.0,0.0,0.0,,165
"Jackson Parish, Louisiana",22049,LA,Jackson,No qualifying Interstate/freeway mainline section in HPMS filter,2024,0,0,0,0,0,0,0,0,0,0,0,0,0,0
"Jefferson Parish, Louisiana",22051,LA,Jefferson,Direct FIPS match,2024,33.9728,2347309.1941,14.66878063,69093.7807,208725,15.7366,1704481.457,108313.1971,208725,18.2362,642827.7371,35250.0925,54157,433
"Jefferson Davis Parish, Louisiana",22053,LA,Jefferson Davis,Direct FIPS match,2024,22.4787,1402026.718,14.15343012,62371.3434,68139,22.4787,1402026.718,62371.3434,68139,0.0,0.0,0.0,,262
"Lafayette Parish, Louisiana",22055,LA,Lafayette,Direct FIPS match,2024,22.8551,1320656.384,14.09364019,57783.8812,85174,22.8551,1320656.384,57783.8812,85174,0.0,0.0,0.0,,298
"Lafourche Parish, Louisiana",22057,LA,Lafourche,Direct FIPS match,2024,15.252,218347.632,12.29384829,14316.0,14316,0.0,0.0,0.0,,15.252,218347.632,14316.0,14316,180
"La Salle Parish, Louisiana",22059,LA,La Salle,No qualifying Interstate/freeway mainline section in HPMS filter,2024,0,0,0,0,0,0,0,0,0,0,0,0,0,0
"Lincoln Parish, Louisiana",22061,LA,Lincoln,Direct FIPS match,2024,27.3436,1308236.671,14.0841915,47844.3464,59608,27.3436,1308236.671,47844.3464,59608,0.0,0.0,0.0,,310
"Livingston Parish, Louisiana",22063,LA,Livingston,Direct FIPS match,2024,25.7315,2051085.807,14.53388036,79711.0859,113393,25.7315,2051085.807,79711.0859,113393,0.0,0.0,0.0,,319
"Madison Parish, Louisiana",22065,LA,Madison,Direct FIPS match,2024,35.0235,883959.3636,13.6921675,25239.0356,27848,35.0235,883959.3636,25239.0356,27848,0.0,0.0,0.0,,408
"Morehouse Parish, Louisiana",22067,LA,Morehouse,No qualifying Interstate/freeway mainline section in HPMS filter,2024,0,0,0,0,0,0,0,0,0,0,0,0,0,0
"Natchitoches Parish, Louisiana",22069,LA,Natchitoches,Direct FIPS match,2024,50.8066,789281.1106,13.57887909,15535.0114,18537,50.8066,789281.1106,15535.0114,18537,0.0,0.0,0.0,,589
"Orleans Parish, Louisiana",22071,LA,Orleans,Direct FIPS match,2024,40.1305,4085222.5735,15.22288702,101798.4469,173443,39.905,4078276.497,102199.6366,173443,0.2255,6946.0765,30803.0,30803,532
"Ouachita Parish, Louisiana",22073,LA,Ouachita,Direct FIPS match,2024,28.4734,1534139.397,14.24348078,53879.7403,92237,28.4734,1534139.397,53879.7403,92237,0.0,0.0,0.0,,345
"Plaquemines Parish, Louisiana",22075,LA,Plaquemines,No qualifying Interstate/freeway mainline section in HPMS filter,2024,0,0,0,0,0,0,0,0,0,0,0,0,0,0
"Pointe Coupee Parish, Louisiana",22077,LA,Pointe Coupee,No qualifying Interstate/freeway mainline section in HPMS filter,2024,0,0,0,0,0,0,0,0,0,0,0,0,0,0
"Rapides Parish, Louisiana",22079,LA,Rapides,Direct FIPS match,2024,66.1046,1371775.642,14.13161728,20751.5913,43801,54.0464,1117357.696,20674.0448,43801,12.0582,254417.946,21099.1646,39293,814
"Red River Parish, Louisiana",22081,LA,Red River,No qualifying Interstate/freeway mainline section in HPMS filter,2024,0,0,0,0,0,0,0,0,0,0,0,0,0,0
"Richland Parish, Louisiana",22083,LA,Richland,Direct FIPS match,2024,27.5241,716922.3227,13.48272417,26047.0759,30686,27.5241,716922.3227,26047.0759,30686,0.0,0.0,0.0,,329
"Sabine Parish, Louisiana",22085,LA,Sabine,No qualifying Interstate/freeway mainline section in HPMS filter,2024,0,0,0,0,0,0,0,0,0,0,0,0,0,0
"St. Bernard Parish, Louisiana",22087,LA,St. Bernard,No qualifying Interstate/freeway mainline section in HPMS filter,2024,0,0,0,0,0,0,0,0,0,0,0,0,0,0
"St. Charles Parish, Louisiana",22089,LA,St. Charles,Direct FIPS match,2024,21.2002,854403.0114,13.65815944,40301.6486,58153,21.2002,854403.0114,40301.6486,58153,0.0,0.0,0.0,,254
"St. Helena Parish, Louisiana",22091,LA,St. Helena,No qualifying Interstate/freeway mainline section in HPMS filter,2024,0,0,0,0,0,0,0,0,0,0,0,0,0,0
"St. James Parish, Louisiana",22093,LA,St. James,Direct FIPS match,2024,6.8043,327418.8984,12.69899872,48119.4095,50464,6.8043,327418.8984,48119.4095,50464,0.0,0.0,0.0,,77
"St. John the Baptist Parish, Louisiana",22095,LA,St. John the Baptist,Direct FIPS match,2024,29.5429,983466.5308,13.7988399,33289.4378,50235,29.5429,983466.5308,33289.4378,50235,0.0,0.0,0.0,,319
"St. Landry Parish, Louisiana",22097,LA,St. Landry,Direct FIPS match,2024,33.3975,873292.6269,13.68002712,26148.4431,45972,33.3975,873292.6269,26148.4431,45972,0.0,0.0,0.0,,406
"St. Martin Parish, Louisiana",22099,LA,St. Martin,Direct FIPS match,2024,19.1311,896580.7312,13.70634473,46865.0904,51641,19.1311,896580.7312,46865.0904,51641,0.0,0.0,0.0,,217
"St. Mary Parish, Louisiana",22101,LA,St. Mary,Direct FIPS match,2024,32.5923,540332.1711,13.19994121,16578.5223,20901,0.0,0.0,0.0,,32.5923,540332.1711,16578.5223,20901,391
"St. Tammany Parish, Louisiana",22103,LA,St. Tammany,Direct FIPS match,2024,81.5453,4719973.2285,15.3673139,57881.6097,90432,62.2528,3949350.358,63440.5257,90432,19.2925,770622.8705,39944.1685,63530,987
"Tangipahoa Parish, Louisiana",22105,LA,Tangipahoa,Direct FIPS match,2024,69.9885,2547560.595,14.75064722,36399.7027,81520,69.9885,2547560.595,36399.7027,81520,0.0,0.0,0.0,,829
"Tensas Parish, Louisiana",22107,LA,Tensas,No qualifying Interstate/freeway mainline section in HPMS filter,2024,0,0,0,0,0,0,0,0,0,0,0,0,0,0
"Terrebonne Parish, Louisiana",22109,LA,Terrebonne,Direct FIPS match,2024,18.7263,312579.5847,12.65261759,16692.0099,16999,0.0,0.0,0.0,,18.7263,312579.5847,16692.0099,16999,220
"Union Parish, Louisiana",22111,LA,Union,No qualifying Interstate/freeway mainline section in HPMS filter,2024,0,0,0,0,0,0,0,0,0,0,0,0,0,0
"Vermilion Parish, Louisiana",22113,LA,Vermilion,No qualifying Interstate/freeway mainline section in HPMS filter,2024,0,0,0,0,0,0,0,0,0,0,0,0,0,0
"Vernon Parish, Louisiana",22115,LA,Vernon,No qualifying Interstate/freeway mainline section in HPMS filter,2024,0,0,0,0,0,0,0,0,0,0,0,0,0,0
"Washington Parish, Louisiana",22117,LA,Washington,No qualifying Interstate/freeway mainline section in HPMS filter,2024,0,0,0,0,0,0,0,0,0,0,0,0,0,0
"Webster Parish, Louisiana",22119,LA,Webster,Direct FIPS match,2024,16.2681,665156.5132,13.40777915,40887.1665,43040,16.2681,665156.5132,40887.1665,43040,0.0,0.0,0.0,,200
"West Baton Rouge Parish, Louisiana",22121,LA,West Baton Rouge,Direct FIPS match,2024,13.0284,893872.1005,13.7033191,68609.507,201825,13.0284,893872.1005,68609.507,201825,0.0,0.0,0.0,,154
"West Carroll Parish, Louisiana",22123,LA,West Carroll,No qualifying Interstate/freeway mainline section in HPMS filter,2024,0,0,0,0,0,0,0,0,0,0,0,0,0,0
"West Feliciana Parish, Louisiana",22125,LA,West Feliciana,No qualifying Interstate/freeway mainline section in HPMS filter,2024,0,0,0,0,0,0,0,0,0,0,0,0,0,0
"Winn Parish, Louisiana",22127,LA,Winn,No qualifying Interstate/freeway mainline section in HPMS filter,2024,0,0,0,0,0,0,0,0,0,0,0,0,0,0
"Androscoggin County, Maine",23001,ME,Androscoggin,Direct FIPS match,2024,18.23,335794.35,12.72425718,18419.8766,34264,16.92,304320.8,17985.8629,25580,1.31,31473.55,24025.6107,34264,267
"Aroostook County, Maine",23003,ME,Aroostook,Direct FIPS match,2024,43.72,180526.22,12.10363685,4129.145,8280,42.82,174729.0,4080.5465,4820,0.9,5797.22,6441.3556,8280,779
"Cumberland County, Maine",23005,ME,Cumberland,Direct FIPS match,2024,80.61,3367042.31,15.02954556,41769.5362,84580,68.35,3064188.6,44830.85,84580,12.26,302853.71,24702.5865,44082,1456
"Franklin County, Maine",23007,ME,Franklin,No qualifying Interstate/freeway mainline section in HPMS filter,2024,0,0,0,0,0,0,0,0,0,0,0,0,0,0
"Hancock County, Maine",23009,ME,Hancock,No qualifying Interstate/freeway mainline section in HPMS filter,2024,0,0,0,0,0,0,0,0,0,0,0,0,0,0
"Kennebec County, Maine",23011,ME,Kennebec,Direct FIPS match,2024,52.82,1442018.4,14.18155505,27300.6134,40760,52.82,1442018.4,27300.6134,40760,0.0,0.0,0.0,,887
"Knox County, Maine",23013,ME,Knox,No qualifying Interstate/freeway mainline section in HPMS filter,2024,0,0,0,0,0,0,0,0,0,0,0,0,0,0
"Lincoln County, Maine",23015,ME,Lincoln,No qualifying Interstate/freeway mainline section in HPMS filter,2024,0,0,0,0,0,0,0,0,0,0,0,0,0,0
"Oxford County, Maine",23017,ME,Oxford,No qualifying Interstate/freeway mainline section in HPMS filter,2024,0,0,0,0,0,0,0,0,0,0,0,0,0,0
"Penobscot County, Maine",23019,ME,Penobscot,Direct FIPS match,2024,109.54,1578898.52,14.27223866,14413.8992,51900,109.54,1578898.52,14413.8992,51900,0.0,0.0,0.0,,1973
"Piscataquis County, Maine",23021,ME,Piscataquis,No qualifying Interstate/freeway mainline section in HPMS filter,2024,0,0,0,0,0,0,0,0,0,0,0,0,0,0
"Sagadahoc County, Maine",23023,ME,Sagadahoc,Direct FIPS match,2024,21.3,599104.54,13.30319306,28126.9737,32442,18.31,519777.2,28387.6133,31880,2.99,79327.34,26530.8829,32442,402
"Somerset County, Maine",23025,ME,Somerset,Direct FIPS match,2024,16.69,363010.64,12.80219018,21750.1881,30240,16.69,363010.64,21750.1881,30240,0.0,0.0,0.0,,340
"Waldo County, Maine",23027,ME,Waldo,Direct FIPS match,2024,0.83,18243.4,9.81161346,21980.0,21980,0.83,18243.4,21980.0,21980,0.0,0.0,0.0,,10
"Washington County, Maine",23029,ME,Washington,No qualifying Interstate/freeway mainline section in HPMS filter,2024,0,0,0,0,0,0,0,0,0,0,0,0,0,0
"York County, Maine",23031,ME,York,Direct FIPS match,2024,41.53,2426577.14,14.70199265,58429.5001,83460,40.0,2406212.42,60155.3105,83460,1.53,20364.72,13310.2745,20064,641
"Allegany County, Maryland",24001,MD,Allegany,Direct FIPS match,2024,40.794,1036181.31,13.85105366,25400.3361,54920,40.794,1036181.31,25400.3361,54920,0.0,0.0,0.0,,506
"Anne Arundel County, Maryland",24003,MD,Anne Arundel,Direct FIPS match,2024,100.08,8143756.24,15.91276221,81372.4644,156061,36.64,3701359.27,101019.6307,156061,63.44,4442396.97,70025.1729,117290,1254
"Baltimore County, Maryland",24005,MD,Baltimore,Direct FIPS match,2024,120.041,11826573.226,16.28585961,98521.1155,220843,99.123,11136760.76,112352.9429,220843,20.918,689812.466,32976.9799,91340,1555
"Calvert County, Maryland",24009,MD,Calvert,No qualifying Interstate/freeway mainline section in HPMS filter,2024,0,0,0,0,0,0,0,0,0,0,0,0,0,0
"Caroline County, Maryland",24011,MD,Caroline,Direct FIPS match,2024,2.39,58276.0,10.97296278,24383.2636,24600,0.0,0.0,0.0,,2.39,58276.0,24383.2636,24600,30
"Carroll County, Maryland",24013,MD,Carroll,Direct FIPS match,2024,1.61,110463.11,11.61244595,68610.6273,70171,1.61,110463.11,68610.6273,70171,0.0,0.0,0.0,,19
"Cecil County, Maryland",24015,MD,Cecil,Direct FIPS match,2024,21.64,1509718.42,14.22743438,69765.1765,85262,18.5,1465413.02,79211.5146,85262,3.14,44305.4,14110.0,14110,257
"Charles County, Maryland",24017,MD,Charles,No qualifying Interstate/freeway mainline section in HPMS filter,2024,0,0,0,0,0,0,0,0,0,0,0,0,0,0
"Dorchester County, Maryland",24019,MD,Dorchester,No qualifying Interstate/freeway mainline section in HPMS filter,2024,0,0,0,0,0,0,0,0,0,0,0,0,0,0
"Frederick County, Maryland",24021,MD,Frederick,Direct FIPS match,2024,88.82,5106062.88,15.44593939,57487.7604,114450,39.46,3167330.57,80266.867,111131,49.36,1938732.31,39277.3969,114450,1053
"Garrett County, Maryland",24023,MD,Garrett,Direct FIPS match,2024,30.891,585734.576,13.28062373,18961.3342,24064,30.891,585734.576,18961.3342,24064,0.0,0.0,0.0,,370
"Harford County, Maryland",24025,MD,Harford,Direct FIPS match,2024,30.2,2452575.16,14.71264952,81211.098,156855,18.39,2044114.57,111153.5927,156855,11.81,408460.59,34585.9941,66713,382
"Howard County, Maryland",24027,MD,Howard,Direct FIPS match,2024,68.888,6736371.608,15.72303215,97787.3012,202840,31.06,3747993.52,120669.463,202840,37.828,2988378.088,78999.1035,142771,847
"Kent County, Maryland",24029,MD,Kent,Direct FIPS match,2024,8.715,123716.4,11.72575521,14195.8003,15790,0.0,0.0,0.0,,8.715,123716.4,14195.8003,15790,95
"Montgomery County, Maryland",24031,MD,Montgomery,Direct FIPS match,2024,71.872,8220210.92,15.92210655,114372.9258,243870,41.525,6719080.185,161808.0719,243870,30.347,1501130.735,49465.5398,66401,921
"Prince George's County, Maryland",24033,MD,Prince George's,Direct FIPS match,2024,108.262,12327520.817,16.32734487,113867.4772,242671,46.96,8043541.298,171284.951,242671,61.302,4283979.519,69883.1934,139391,1354
"Queen Anne's County, Maryland",24035,MD,Queen Anne's,Direct FIPS match,2024,39.49,1421184.89,14.16700221,35988.4753,76883,0.0,0.0,0.0,,39.49,1421184.89,35988.4753,76883,459
"St. Mary's County, Maryland",24037,MD,St. Mary's,No qualifying Interstate/freeway mainline section in HPMS filter,2024,0,0,0,0,0,0,0,0,0,0,0,0,0,0
"Somerset County, Maryland",24039,MD,Somerset,No qualifying Interstate/freeway mainline section in HPMS filter,2024,0,0,0,0,0,0,0,0,0,0,0,0,0,0
"Talbot County, Maryland",24041,MD,Talbot,No qualifying Interstate/freeway mainline section in HPMS filter,2024,0,0,0,0,0,0,0,0,0,0,0,0,0,0
"Washington County, Maryland",24043,MD,Washington,Direct FIPS match,2024,59.405,2940626.06,14.8941334,49501.3224,88972,59.405,2940626.06,49501.3224,88972,0.0,0.0,0.0,,692
"Wicomico County, Maryland",24045,MD,Wicomico,Direct FIPS match,2024,14.071,372102.36,12.82692694,26444.628,35740,0.0,0.0,0.0,,14.071,372102.36,26444.628,35740,161
"Worcester County, Maryland",24047,MD,Worcester,Direct FIPS match,2024,11.83,249278.7,12.42633084,21071.7413,31242,0.0,0.0,0.0,,11.83,249278.7,21071.7413,31242,142
"Baltimore City, Maryland",24510,MD,Baltimore,Direct FIPS match,2024,35.303,3194825.648,14.97704339,90497.2849,206082,29.55,2958767.625,100127.5,206082,5.753,236058.023,41032.1611,80100,498
"Barnstable County, Massachusetts",25001,MA,Barnstable,Direct FIPS match,2024,48.5218,1866358.941,14.43950054,38464.3385,60451,0.0,0.0,0.0,,48.5218,1866358.941,38464.3385,60451,947
"Berkshire County, Massachusetts",25003,MA,Berkshire,Direct FIPS match,2024,24.0308,643835.6533,13.37520033,26792.1024,28580,24.0308,643835.6533,26792.1024,28580,0.0,0.0,0.0,,668
"Bristol County, Massachusetts",25005,MA,Bristol,Direct FIPS match,2024,101.498,6678618.947,15.71442193,65800.498,120947,59.6902,4856975.521,81369.7311,120947,41.8078,1821643.426,43571.8556,82768,2707
"Dukes County, Massachusetts",25007,MA,Dukes,No qualifying Interstate/freeway mainline section in HPMS filter,2024,0,0,0,0,0,0,0,0,0,0,0,0,0,0
"Essex County, Massachusetts",25009,MA,Essex,Direct FIPS match,2024,89.9494,7658144.036,15.85128035,85138.356,150458,66.2995,6362328.973,95963.4533,150458,23.6499,1295815.063,54791.5663,101380,2590
"Franklin County, Massachusetts",25011,MA,Franklin,Direct FIPS match,2024,32.8238,647595.2571,13.38102272,19729.442,30285,23.8212,584428.8329,24533.9795,30285,9.0026,63166.4242,7016.4646,14148,863
"Hampden County, Massachusetts",25013,MA,Hampden,Direct FIPS match,2024,85.8773,4450353.8407,15.30849439,51822.2375,104847,77.7159,4223656.496,54347.3922,104847,8.1614,226697.3447,27776.7717,56485,2515
"Hampshire County, Massachusetts",25015,MA,Hampshire,Direct FIPS match,2024,13.3285,438903.7754,12.99203776,32929.7202,50655,10.2532,410158.3008,40002.9553,50655,3.0753,28745.4746,9347.2099,10213,393
"Middlesex County, Massachusetts",25017,MA,Middlesex,Direct FIPS match,2024,132.6467,15489294.371,16.55565972,116771.0495,195150,93.3632,12415290.22,132978.4136,195150,39.2835,3074004.151,78251.7889,116491,3901
"Nantucket County, Massachusetts",25019,MA,Nantucket,No qualifying Interstate/freeway mainline section in HPMS filter,2024,0,0,0,0,0,0,0,0,0,0,0,0,0,0
"Norfolk County, Massachusetts",25021,MA,Norfolk,Direct FIPS match,2024,68.2272,8423563.209,15.9465436,123463.4165,183171,51.8503,6657564.532,128399.7302,183171,16.3769,1765998.677,107834.7353,149210,2031
"Plymouth County, Massachusetts",25023,MA,Plymouth,Direct FIPS match,2024,97.9686,5315970.76,15.48622639,54261.9856,120724,28.5331,1261443.372,44209.8255,78284,69.4355,4054527.388,58392.7154,120724,2193
"Suffolk County, Massachusetts",25025,MA,Suffolk,Direct FIPS match,2024,37.7571,3658600.913,15.11259164,96898.3559,212782,17.8382,2453287.105,137529.9697,212782,19.9189,1205313.808,60511.0628,100570,1150
"Worcester County, Massachusetts",25027,MA,Worcester,Direct FIPS match,2024,168.1863,10211573.87,16.13903243,60715.8483,127697,113.4887,8232276.532,72538.2926,127697,54.6976,1979297.338,36186.1825,62642,4604
"Alcona County, Michigan",26001,MI,Alcona,No qualifying Interstate/freeway mainline section in HPMS filter,2024,0,0,0,0,0,0,0,0,0,0,0,0,0,0
"Alger County, Michigan",26003,MI,Alger,No qualifying Interstate/freeway mainline section in HPMS filter,2024,0,0,0,0,0,0,0,0,0,0,0,0,0,0
"Allegan County, Michigan",26005,MI,Allegan,Direct FIPS match,2024,56.791,1980731.927,14.4989775,34877.5673,51844,29.646,902304.471,30435.96,39509,27.145,1078427.456,39728.4014,51844,754
"Alpena County, Michigan",26007,MI,Alpena,No qualifying Interstate/freeway mainline section in HPMS filter,2024,0,0,0,0,0,0,0,0,0,0,0,0,0,0
"Antrim County, Michigan",26009,MI,Antrim,No qualifying Interstate/freeway mainline section in HPMS filter,2024,0,0,0,0,0,0,0,0,0,0,0,0,0,0
"Arenac County, Michigan",26011,MI,Arenac,Direct FIPS match,2024,21.434,375092.868,12.83493159,17499.9005,20088,19.445,364640.673,18752.4131,20088,1.989,10452.195,5255.0,5255,249
"Baraga County, Michigan",26013,MI,Baraga,No qualifying Interstate/freeway mainline section in HPMS filter,2024,0,0,0,0,0,0,0,0,0,0,0,0,0,0
"Barry County, Michigan",26015,MI,Barry,No qualifying Interstate/freeway mainline section in HPMS filter,2024,0,0,0,0,0,0,0,0,0,0,0,0,0,0
"Bay County, Michigan",26017,MI,Bay,Direct FIPS match,2024,45.6232,1330683.1356,14.10120376,29166.8085,61323,28.2779,851881.8366,30125.3571,61323,17.3453,478801.299,27604.0944,40279,646
"Benzie County, Michigan",26019,MI,Benzie,No qualifying Interstate/freeway mainline section in HPMS filter,2024,0,0,0,0,0,0,0,0,0,0,0,0,0,0
"Berrien County, Michigan",26021,MI,Berrien,Direct FIPS match,2024,77.0907,2778257.4544,14.83733483,36038.8147,79196,50.4,2324563.257,46122.2868,79196,26.6907,453694.1974,16998.2128,22706,1127
"Branch County, Michigan",26023,MI,Branch,Direct FIPS match,2024,22.109,466715.298,13.05347685,21109.7425,23414,22.109,466715.298,21109.7425,23414,0.0,0.0,0.0,,262
"Calhoun County, Michigan",26025,MI,Calhoun,Direct FIPS match,2024,60.485,2021231.036,14.5192178,33417.0627,53435,60.204,2015272.993,33474.0714,53435,0.281,5958.043,21203.0,21203,798
"Cass County, Michigan",26027,MI,Cass,No qualifying Interstate/freeway mainline section in HPMS filter,2024,0,0,0,0,0,0,0,0,0,0,0,0,0,0
"Charlevoix County, Michigan",26029,MI,Charlevoix,No qualifying Interstate/freeway mainline section in HPMS filter,2024,0,0,0,0,0,0,0,0,0,0,0,0,0,0
"Cheboygan County, Michigan",26031,MI,Cheboygan,Direct FIPS match,2024,44.3687,500400.7637,13.12316658,11278.2381,14825,44.3687,500400.7637,11278.2381,14825,0.0,0.0,0.0,,500
"Chippewa County, Michigan",26033,MI,Chippewa,Direct FIPS match,2024,27.333,167872.389,12.03096534,6141.7477,8500,27.333,167872.389,6141.7477,8500,0.0,0.0,0.0,,297
"Clare County, Michigan",26035,MI,Clare,Direct FIPS match,2024,34.0734,447625.9598,13.01171549,13137.1087,24787,0.0,0.0,0.0,,34.0734,447625.9598,13137.1087,24787,487
"Clinton County, Michigan",26037,MI,Clinton,Direct FIPS match,2024,48.5149,1617374.7199,14.29631547,33337.6905,46482,28.0705,1077291.52,38378.0667,46482,20.4444,540083.1999,26417.1705,44686,624
"Crawford County, Michigan",26039,MI,Crawford,Direct FIPS match,2024,31.3965,520341.3084,13.16224216,16573.2266,26240,25.0937,453674.052,18079.2012,26240,6.3028,66667.2564,10577.4031,10593,365
"Delta County, Michigan",26041,MI,Delta,No qualifying Interstate/freeway mainline section in HPMS filter,2024,0,0,0,0,0,0,0,0,0,0,0,0,0,0
"Dickinson County, Michigan",26043,MI,Dickinson,No qualifying Interstate/freeway mainline section in HPMS filter,2024,0,0,0,0,0,0,0,0,0,0,0,0,0,0
"Eaton County, Michigan",26045,MI,Eaton,Direct FIPS match,2024,39.1867,1329106.647,14.10001833,33917.2895,62984,39.1867,1329106.647,33917.2895,62984,0.0,0.0,0.0,,528
"Emmet County, Michigan",26047,MI,Emmet,Direct FIPS match,2024,1.633,20415.882,9.92411739,12502.071,13603,1.633,20415.882,12502.071,13603,0.0,0.0,0.0,,31
"Genesee County, Michigan",26049,MI,Genesee,Direct FIPS match,2024,81.818,4144638.585,15.23732639,50656.8064,114067,69.349,3484071.764,50239.6828,114067,12.469,660566.821,52976.728,58888,1226
"Gladwin County, Michigan",26051,MI,Gladwin,No qualifying Interstate/freeway mainline section in HPMS filter,2024,0,0,0,0,0,0,0,0,0,0,0,0,0,0
"Gogebic County, Michigan",26053,MI,Gogebic,No qualifying Interstate/freeway mainline section in HPMS filter,2024,0,0,0,0,0,0,0,0,0,0,0,0,0,0
"Grand Traverse County, Michigan",26055,MI,Grand Traverse,No qualifying Interstate/freeway mainline section in HPMS filter,2024,0,0,0,0,0,0,0,0,0,0,0,0,0,0
"Gratiot County, Michigan",26057,MI,Gratiot,Direct FIPS match,2024,16.2506,330496.166,12.70835336,20337.4747,23650,0.0,0.0,0.0,,16.2506,330496.166,20337.4747,23650,213
"Hillsdale County, Michigan",26059,MI,Hillsdale,No qualifying Interstate/freeway mainline section in HPMS filter,2024,0,0,0,0,0,0,0,0,0,0,0,0,0,0
"Houghton County, Michigan",26061,MI,Houghton,No qualifying Interstate/freeway mainline section in HPMS filter,2024,0,0,0,0,0,0,0,0,0,0,0,0,0,0
"Huron County, Michigan",26063,MI,Huron,No qualifying Interstate/freeway mainline section in HPMS filter,2024,0,0,0,0,0,0,0,0,0,0,0,0,0,0
"Ingham County, Michigan",26065,MI,Ingham,Direct FIPS match,2024,54.3903,2139430.994,14.57605093,39334.7894,62658,32.2548,1526703.578,47332.601,57417,22.1355,612727.416,27680.7579,62658,833
"Ionia County, Michigan",26067,MI,Ionia,Direct FIPS match,2024,25.586,1074341.646,13.88721954,41989.4335,45072,25.586,1074341.646,41989.4335,45072,0.0,0.0,0.0,,303
"Iosco County, Michigan",26069,MI,Iosco,No qualifying Interstate/freeway mainline section in HPMS filter,2024,0,0,0,0,0,0,0,0,0,0,0,0,0,0
"Iron County, Michigan",26071,MI,Iron,No qualifying Interstate/freeway mainline section in HPMS filter,2024,0,0,0,0,0,0,0,0,0,0,0,0,0,0
"Isabella County, Michigan",26073,MI,Isabella,Direct FIPS match,2024,35.8295,590577.9485,13.2888586,16483.0084,23650,0.0,0.0,0.0,,35.8295,590577.9485,16483.0084,23650,548
"Jackson County, Michigan",26075,MI,Jackson,Direct FIPS match,2024,49.549,1741829.327,14.37044703,35153.6727,63721,30.536,1349451.835,44192.1612,63721,19.013,392377.492,20637.3267,29542,744
"Kalamazoo County, Michigan",26077,MI,Kalamazoo,Direct FIPS match,2024,48.8882,2389867.7625,14.68674901,48884.3476,97446,25.1447,1581582.046,62899.2211,97446,23.7435,808285.7165,34042.3997,64972,648
"Kalkaska County, Michigan",26079,MI,Kalkaska,No qualifying Interstate/freeway mainline section in HPMS filter,2024,0,0,0,0,0,0,0,0,0,0,0,0,0,0
"Kent County, Michigan",26081,MI,Kent,Direct FIPS match,2024,99.4825,5757286.623,15.56597702,57872.3557,126515,47.2975,2753339.927,58213.2233,118809,52.185,3003946.696,57563.4128,126515,1610
"Keweenaw County, Michigan",26083,MI,Keweenaw,No qualifying Interstate/freeway mainline section in HPMS filter,2024,0,0,0,0,0,0,0,0,0,0,0,0,0,0
"Lake County, Michigan",26085,MI,Lake,No qualifying Interstate/freeway mainline section in HPMS filter,2024,0,0,0,0,0,0,0,0,0,0,0,0,0,0
"Lapeer County, Michigan",26087,MI,Lapeer,Direct FIPS match,2024,24.8549,600208.9527,13.30503479,24148.5161,32600,24.8549,600208.9527,24148.5161,32600,0.0,0.0,0.0,,324
"Leelanau County, Michigan",26089,MI,Leelanau,No qualifying Interstate/freeway mainline section in HPMS filter,2024,0,0,0,0,0,0,0,0,0,0,0,0,0,0
"Lenawee County, Michigan",26091,MI,Lenawee,No qualifying Interstate/freeway mainline section in HPMS filter,2024,0,0,0,0,0,0,0,0,0,0,0,0,0,0
"Livingston County, Michigan",26093,MI,Livingston,Direct FIPS match,2024,52.6945,3356105.163,15.02629198,63689.8569,103515,27.4196,1863045.644,67945.763,103515,25.2749,1493059.519,59072.8161,77667,724
"Luce County, Michigan",26095,MI,Luce,No qualifying Interstate/freeway mainline section in HPMS filter,2024,0,0,0,0,0,0,0,0,0,0,0,0,0,0
"Mackinac County, Michigan",26097,MI,Mackinac,Direct FIPS match,2024,27.691,175016.539,12.07264147,6320.3401,12374,27.691,175016.539,6320.3401,12374,0.0,0.0,0.0,,309
"Macomb County, Michigan",26099,MI,Macomb,Direct FIPS match,2024,45.494,4232590.986,15.25832513,93036.2462,176163,32.655,3483075.048,106662.8402,176163,12.839,749515.938,58378.062,99989,685
"Manistee County, Michigan",26101,MI,Manistee,No qualifying Interstate/freeway mainline section in HPMS filter,2024,0,0,0,0,0,0,0,0,0,0,0,0,0,0
"Marquette County, Michigan",26103,MI,Marquette,No qualifying Interstate/freeway mainline section in HPMS filter,2024,0,0,0,0,0,0,0,0,0,0,0,0,0,0
"Mason County, Michigan",26105,MI,Mason,Direct FIPS match,2024,10.94,99258.054,11.50548842,9072.9483,10214,0.0,0.0,0.0,,10.94,99258.054,9072.9483,10214,138
"Mecosta County, Michigan",26107,MI,Mecosta,Direct FIPS match,2024,24.5489,528081.8645,13.17700849,21511.4268,25660,0.0,0.0,0.0,,24.5489,528081.8645,21511.4268,25660,414
"Menominee County, Michigan",26109,MI,Menominee,No qualifying Interstate/freeway mainline section in HPMS filter,2024,0,0,0,0,0,0,0,0,0,0,0,0,0,0
"Midland County, Michigan",26111,MI,Midland,Direct FIPS match,2024,28.6758,548333.4006,13.2146406,19121.817,24417,0.0,0.0,0.0,,28.6758,548333.4006,19121.817,24417,369
"Missaukee County, Michigan",26113,MI,Missaukee,No qualifying Interstate/freeway mainline section in HPMS filter,2024,0,0,0,0,0,0,0,0,0,0,0,0,0,0
"Monroe County, Michigan",26115,MI,Monroe,Direct FIPS match,2024,59.5667,2852474.023,14.8636976,47887.0581,74213,34.079,1798734.469,52781.316,74213,25.4877,1053739.554,41343.0617,48979,848
"Montcalm County, Michigan",26117,MI,Montcalm,Direct FIPS match,2024,13.0768,418070.2162,12.94340707,31970.3763,36648,0.0,0.0,0.0,,13.0768,418070.2162,31970.3763,36648,159
"Montmorency County, Michigan",26119,MI,Montmorency,No qualifying Interstate/freeway mainline section in HPMS filter,2024,0,0,0,0,0,0,0,0,0,0,0,0,0,0
"Muskegon County, Michigan",26121,MI,Muskegon,Direct FIPS match,2024,32.991,1090713.588,13.90234362,33060.9435,61738,5.382,164762.668,30613.6507,32534,27.609,925950.92,33538.0101,61738,455
"Newaygo County, Michigan",26123,MI,Newaygo,No qualifying Interstate/freeway mainline section in HPMS filter,2024,0,0,0,0,0,0,0,0,0,0,0,0,0,0
"Oakland County, Michigan",26125,MI,Oakland,Direct FIPS match,2024,108.7525,10635292.592,16.17968861,97793.5458,192267,82.0167,8837322.762,107750.2845,192267,26.7358,1797969.83,67249.5242,101381,1634
"Oceana County, Michigan",26127,MI,Oceana,Direct FIPS match,2024,25.8949,304674.8126,12.62700358,11765.8231,14573,0.0,0.0,0.0,,25.8949,304674.8126,11765.8231,14573,429
"Ogemaw County, Michigan",26129,MI,Ogemaw,Direct FIPS match,2024,15.334,242373.812,12.39824062,15806.3005,18086,15.334,242373.812,15806.3005,18086,0.0,0.0,0.0,,183
"Ontonagon County, Michigan",26131,MI,Ontonagon,No qualifying Interstate/freeway mainline section in HPMS filter,2024,0,0,0,0,0,0,0,0,0,0,0,0,0,0
"Osceola County, Michigan",26133,MI,Osceola,Direct FIPS match,2024,25.16,417209.916,12.94134717,16582.2701,17925,0.0,0.0,0.0,,25.16,417209.916,16582.2701,17925,414
"Oscoda County, Michigan",26135,MI,Oscoda,No qualifying Interstate/freeway mainline section in HPMS filter,2024,0,0,0,0,0,0,0,0,0,0,0,0,0,0
"Otsego County, Michigan",26137,MI,Otsego,Direct FIPS match,2024,25.7266,418342.596,12.94405837,16261.0915,17530,25.7266,418342.596,16261.0915,17530,0.0,0.0,0.0,,306
"Ottawa County, Michigan",26139,MI,Ottawa,Direct FIPS match,2024,40.1606,1708628.6219,14.35120222,42544.8978,64245,35.141,1514942.521,43110.3987,64245,5.0196,193686.1009,38585.9632,44578,584
"Presque Isle County, Michigan",26141,MI,Presque Isle,No qualifying Interstate/freeway mainline section in HPMS filter,2024,0,0,0,0,0,0,0,0,0,0,0,0,0,0
"Roscommon County, Michigan",26143,MI,Roscommon,Direct FIPS match,2024,48.109,558685.963,13.2333446,11612.9199,18086,23.59,313770.78,13301.0081,18086,24.519,244915.183,9988.7917,11445,527
"Saginaw County, Michigan",26145,MI,Saginaw,Direct FIPS match,2024,32.725,1581565.696,14.27392649,48328.9747,73052,30.645,1555380.576,50754.7912,73052,2.08,26185.12,12589.0,12589,474
"St. Clair County, Michigan",26147,MI,St. Clair,Direct FIPS match,2024,53.8636,1159718.334,13.96368858,21530.6503,35698,52.7186,1149606.839,21806.4751,35698,1.145,10111.495,8831.0,8831,710
"St. Joseph County, Michigan",26149,MI,St. Joseph,No qualifying Interstate/freeway mainline section in HPMS filter,2024,0,0,0,0,0,0,0,0,0,0,0,0,0,0
"Sanilac County, Michigan",26151,MI,Sanilac,No qualifying Interstate/freeway mainline section in HPMS filter,2024,0,0,0,0,0,0,0,0,0,0,0,0,0,0
"Schoolcraft County, Michigan",26153,MI,Schoolcraft,No qualifying Interstate/freeway mainline section in HPMS filter,2024,0,0,0,0,0,0,0,0,0,0,0,0,0,0
"Shiawassee County, Michigan",26155,MI,Shiawassee,Direct FIPS match,2024,25.6398,855117.1534,13.65899493,33351.1632,36284,25.6398,855117.1534,33351.1632,36284,0.0,0.0,0.0,,322
"Tuscola County, Michigan",26157,MI,Tuscola,No qualifying Interstate/freeway mainline section in HPMS filter,2024,0,0,0,0,0,0,0,0,0,0,0,0,0,0
"Van Buren County, Michigan",26159,MI,Van Buren,Direct FIPS match,2024,37.552,1321964.856,14.09463047,35203.5805,50019,37.552,1321964.856,35203.5805,50019,0.0,0.0,0.0,,455
"Washtenaw County, Michigan",26161,MI,Washtenaw,Direct FIPS match,2024,74.2581,4936641.513,15.412196,66479.5021,105067,33.341,2285293.684,68543.0456,105067,40.9171,2651347.829,64798.0387,93742,1009
"Wayne County, Michigan",26163,MI,Wayne,Direct FIPS match,2024,158.0663,16182917.672,16.59946684,102380.5686,178388,118.8483,12758413.63,107350.4091,178388,39.218,3424504.042,87319.7012,143363,2426
"Wexford County, Michigan",26165,MI,Wexford,Direct FIPS match,2024,23.345,283469.486,12.55486329,12142.6209,17274,0.0,0.0,0.0,,23.345,283469.486,12142.6209,17274,348
"Aitkin County, Minnesota",27001,MN,Aitkin,No qualifying Interstate/freeway mainline section in HPMS filter,2024,0,0,0,0,0,0,0,0,0,0,0,0,0,0
"Anoka County, Minnesota",27003,MN,Anoka,Direct FIPS match,2024,38.0874,2659376.181,14.79360251,69822.9908,155205,23.3692,1455386.761,62277.9882,155205,14.7182,1203989.42,81802.7626,111081,481
"Becker County, Minnesota",27005,MN,Becker,No qualifying Interstate/freeway mainline section in HPMS filter,2024,0,0,0,0,0,0,0,0,0,0,0,0,0,0
"Beltrami County, Minnesota",27007,MN,Beltrami,Direct FIPS match,2024,8.1271,71888.7721,11.18288928,8845.5626,13490,0.0,0.0,0.0,,8.1271,71888.7721,8845.5626,13490,98
"Benton County, Minnesota",27009,MN,Benton,No qualifying Interstate/freeway mainline section in HPMS filter,2024,0,0,0,0,0,0,0,0,0,0,0,0,0,0
"Big Stone County, Minnesota",27011,MN,Big Stone,No qualifying Interstate/freeway mainline section in HPMS filter,2024,0,0,0,0,0,0,0,0,0,0,0,0,0,0
"Blue Earth County, Minnesota",27013,MN,Blue Earth,Direct FIPS match,2024,6.5078,179758.6708,12.09937608,27622.0337,35241,0.0,0.0,0.0,,6.5078,179758.6708,27622.0337,35241,100
"Brown County, Minnesota",27015,MN,Brown,No qualifying Interstate/freeway mainline section in HPMS filter,2024,0,0,0,0,0,0,0,0,0,0,0,0,0,0
"Carlton County, Minnesota",27017,MN,Carlton,Direct FIPS match,2024,31.8497,656792.2314,13.39512453,20621.6144,24203,31.8497,656792.2314,20621.6144,24203,0.0,0.0,0.0,,360
"Carver County, Minnesota",27019,MN,Carver,Direct FIPS match,2024,8.8097,321871.6297,12.68191119,36536.0489,51137,0.0,0.0,0.0,,8.8097,321871.6297,36536.0489,51137,111
"Cass County, Minnesota",27021,MN,Cass,No qualifying Interstate/freeway mainline section in HPMS filter,2024,0,0,0,0,0,0,0,0,0,0,0,0,0,0
"Chippewa County, Minnesota",27023,MN,Chippewa,No qualifying Interstate/freeway mainline section in HPMS filter,2024,0,0,0,0,0,0,0,0,0,0,0,0,0,0
"Chisago County, Minnesota",27025,MN,Chisago,Direct FIPS match,2024,30.208,1016520.635,13.8318972,33650.7096,51238,30.208,1016520.635,33650.7096,51238,0.0,0.0,0.0,,316
"Clay County, Minnesota",27027,MN,Clay,Direct FIPS match,2024,27.0517,624089.3535,13.34405043,23070.2453,71181,27.0517,624089.3535,23070.2453,71181,0.0,0.0,0.0,,294
"Clearwater County, Minnesota",27029,MN,Clearwater,No qualifying Interstate/freeway mainline section in HPMS filter,2024,0,0,0,0,0,0,0,0,0,0,0,0,0,0
"Cook County, Minnesota",27031,MN,Cook,No qualifying Interstate/freeway mainline section in HPMS filter,2024,0,0,0,0,0,0,0,0,0,0,0,0,0,0
"Cottonwood County, Minnesota",27033,MN,Cottonwood,No qualifying Interstate/freeway mainline section in HPMS filter,2024,0,0,0,0,0,0,0,0,0,0,0,0,0,0
"Crow Wing County, Minnesota",27035,MN,Crow Wing,No qualifying Interstate/freeway mainline section in HPMS filter,2024,0,0,0,0,0,0,0,0,0,0,0,0,0,0
"Dakota County, Minnesota",27037,MN,Dakota,Direct FIPS match,2024,51.566,3778852.4539,15.1449312,73281.8612,109140,36.0794,2938214.817,81437.4634,109140,15.4866,840637.6369,54281.6136,88782,652
"Dodge County, Minnesota",27039,MN,Dodge,Direct FIPS match,2024,8.1656,85629.3336,11.35779486,10486.5942,12823,0.0,0.0,0.0,,8.1656,85629.3336,10486.5942,12823,95
"Douglas County, Minnesota",27041,MN,Douglas,Direct FIPS match,2024,34.6813,580556.6506,13.27174439,16739.7603,22471,34.6813,580556.6506,16739.7603,22471,0.0,0.0,0.0,,376
"Faribault County, Minnesota",27043,MN,Faribault,Direct FIPS match,2024,30.469,221935.9042,12.31014841,7283.9904,8372,30.469,221935.9042,7283.9904,8372,0.0,0.0,0.0,,322
"Fillmore County, Minnesota",27045,MN,Fillmore,No qualifying Interstate/freeway mainline section in HPMS filter,2024,0,0,0,0,0,0,0,0,0,0,0,0,0,0
"Freeborn County, Minnesota",27047,MN,Freeborn,Direct FIPS match,2024,56.1167,862151.6541,13.66718763,15363.5487,29133,56.1167,862151.6541,15363.5487,29133,0.0,0.0,0.0,,631
"Goodhue County, Minnesota",27049,MN,Goodhue,Direct FIPS match,2024,2.699,77191.2718,11.25405462,28599.9525,32347,0.0,0.0,0.0,,2.699,77191.2718,28599.9525,32347,35
"Grant County, Minnesota",27051,MN,Grant,Direct FIPS match,2024,9.6189,139447.1451,11.84544809,14497.2029,14795,9.6189,139447.1451,14497.2029,14795,0.0,0.0,0.0,,102
"Hennepin County, Minnesota",27053,MN,Hennepin,Direct FIPS match,2024,174.9499,16032138.816,16.590106,91638.4566,203072,87.4549,9754802.921,111540.9533,203072,87.495,6277335.895,71745.0814,125704,2340
"Houston County, Minnesota",27055,MN,Houston,No qualifying Interstate/freeway mainline section in HPMS filter,2024,0,0,0,0,0,0,0,0,0,0,0,0,0,0
"Hubbard County, Minnesota",27057,MN,Hubbard,No qualifying Interstate/freeway mainline section in HPMS filter,2024,0,0,0,0,0,0,0,0,0,0,0,0,0,0
"Isanti County, Minnesota",27059,MN,Isanti,No qualifying Interstate/freeway mainline section in HPMS filter,2024,0,0,0,0,0,0,0,0,0,0,0,0,0,0
"Itasca County, Minnesota",27061,MN,Itasca,No qualifying Interstate/freeway mainline section in HPMS filter,2024,0,0,0,0,0,0,0,0,0,0,0,0,0,0
"Jackson County, Minnesota",27063,MN,Jackson,Direct FIPS match,2024,30.3506,216001.0038,12.28304296,7116.8611,8165,30.3506,216001.0038,7116.8611,8165,0.0,0.0,0.0,,321
"Kanabec County, Minnesota",27065,MN,Kanabec,No qualifying Interstate/freeway mainline section in HPMS filter,2024,0,0,0,0,0,0,0,0,0,0,0,0,0,0
"Kandiyohi County, Minnesota",27067,MN,Kandiyohi,Direct FIPS match,2024,5.7077,46761.2311,10.75283113,8192.6575,10049,0.0,0.0,0.0,,5.7077,46761.2311,8192.6575,10049,66
"Kittson County, Minnesota",27069,MN,Kittson,No qualifying Interstate/freeway mainline section in HPMS filter,2024,0,0,0,0,0,0,0,0,0,0,0,0,0,0
"Koochiching County, Minnesota",27071,MN,Koochiching,No qualifying Interstate/freeway mainline section in HPMS filter,2024,0,0,0,0,0,0,0,0,0,0,0,0,0,0
"Lac qui Parle County, Minnesota",27073,MN,Lac qui Parle,No qualifying Interstate/freeway mainline section in HPMS filter,2024,0,0,0,0,0,0,0,0,0,0,0,0,0,0
"Lake County, Minnesota",27075,MN,Lake,No qualifying Interstate/freeway mainline section in HPMS filter,2024,0,0,0,0,0,0,0,0,0,0,0,0,0,0
"Lake of the Woods County, Minnesota",27077,MN,Lake of the Woods,No qualifying Interstate/freeway mainline section in HPMS filter,2024,0,0,0,0,0,0,0,0,0,0,0,0,0,0
"Le Sueur County, Minnesota",27079,MN,Le Sueur,No qualifying Interstate/freeway mainline section in HPMS filter,2024,0,0,0,0,0,0,0,0,0,0,0,0,0,0
"Lincoln County, Minnesota",27081,MN,Lincoln,No qualifying Interstate/freeway mainline section in HPMS filter,2024,0,0,0,0,0,0,0,0,0,0,0,0,0,0
"Lyon County, Minnesota",27083,MN,Lyon,No qualifying Interstate/freeway mainline section in HPMS filter,2024,0,0,0,0,0,0,0,0,0,0,0,0,0,0
"McLeod County, Minnesota",27085,MN,McLeod,No qualifying Interstate/freeway mainline section in HPMS filter,2024,0,0,0,0,0,0,0,0,0,0,0,0,0,0
"Mahnomen County, Minnesota",27087,MN,Mahnomen,No qualifying Interstate/freeway mainline section in HPMS filter,2024,0,0,0,0,0,0,0,0,0,0,0,0,0,0
"Marshall County, Minnesota",27089,MN,Marshall,No qualifying Interstate/freeway mainline section in HPMS filter,2024,0,0,0,0,0,0,0,0,0,0,0,0,0,0
"Martin County, Minnesota",27091,MN,Martin,Direct FIPS match,2024,31.1592,237387.7833,12.37745451,7618.5455,8372,31.1592,237387.7833,7618.5455,8372,0.0,0.0,0.0,,342
"Meeker County, Minnesota",27093,MN,Meeker,No qualifying Interstate/freeway mainline section in HPMS filter,2024,0,0,0,0,0,0,0,0,0,0,0,0,0,0
"Mille Lacs County, Minnesota",27095,MN,Mille Lacs,Direct FIPS match,2024,2.8472,43957.6004,10.69100357,15438.8875,15618,0.0,0.0,0.0,,2.8472,43957.6004,15438.8875,15618,38
"Morrison County, Minnesota",27097,MN,Morrison,Direct FIPS match,2024,13.0924,199731.2725,12.20473311,15255.5125,21844,0.0,0.0,0.0,,13.0924,199731.2725,15255.5125,21844,161
"Mower County, Minnesota",27099,MN,Mower,Direct FIPS match,2024,30.5725,394392.6415,12.88510478,12900.2418,23975,30.5725,394392.6415,12900.2418,23975,0.0,0.0,0.0,,336
"Murray County, Minnesota",27101,MN,Murray,No qualifying Interstate/freeway mainline section in HPMS filter,2024,0,0,0,0,0,0,0,0,0,0,0,0,0,0
"Nicollet County, Minnesota",27103,MN,Nicollet,Direct FIPS match,2024,4.1748,75399.378,11.23056757,18060.5964,35241,0.0,0.0,0.0,,4.1748,75399.378,18060.5964,35241,55
"Nobles County, Minnesota",27105,MN,Nobles,Direct FIPS match,2024,30.2552,311333.3017,12.64862254,10290.2411,11834,30.2552,311333.3017,10290.2411,11834,0.0,0.0,0.0,,331
"Norman County, Minnesota",27107,MN,Norman,No qualifying Interstate/freeway mainline section in HPMS filter,2024,0,0,0,0,0,0,0,0,0,0,0,0,0,0
"Olmsted County, Minnesota",27109,MN,Olmsted,Direct FIPS match,2024,50.2809,1301923.3488,14.079354,25893.0001,94927,27.1927,346253.4756,12733.3246,17215,23.0882,955669.8732,41392.1342,94927,576
"Otter Tail County, Minnesota",27111,MN,Otter Tail,Direct FIPS match,2024,32.6935,466228.2242,13.05243269,14260.5785,15464,32.6935,466228.2242,14260.5785,15464,0.0,0.0,0.0,,346
"Pennington County, Minnesota",27113,MN,Pennington,No qualifying Interstate/freeway mainline section in HPMS filter,2024,0,0,0,0,0,0,0,0,0,0,0,0,0,0
"Pine County, Minnesota",27115,MN,Pine,Direct FIPS match,2024,50.1248,807801.4239,13.60207278,16115.8034,25601,50.1248,807801.4239,16115.8034,25601,0.0,0.0,0.0,,540
"Pipestone County, Minnesota",27117,MN,Pipestone,No qualifying Interstate/freeway mainline section in HPMS filter,2024,0,0,0,0,0,0,0,0,0,0,0,0,0,0
"Polk County, Minnesota",27119,MN,Polk,No qualifying Interstate/freeway mainline section in HPMS filter,2024,0,0,0,0,0,0,0,0,0,0,0,0,0,0
"Pope County, Minnesota",27121,MN,Pope,No qualifying Interstate/freeway mainline section in HPMS filter,2024,0,0,0,0,0,0,0,0,0,0,0,0,0,0
"Ramsey County, Minnesota",27123,MN,Ramsey,Direct FIPS match,2024,68.0373,6731228.126,15.72226832,98934.3805,173850,51.4597,5616451.869,109142.7247,173850,16.5776,1114776.257,67245.9377,98831,942
"Red Lake County, Minnesota",27125,MN,Red Lake,No qualifying Interstate/freeway mainline section in HPMS filter,2024,0,0,0,0,0,0,0,0,0,0,0,0,0,0
"Redwood County, Minnesota",27127,MN,Redwood,No qualifying Interstate/freeway mainline section in HPMS filter,2024,0,0,0,0,0,0,0,0,0,0,0,0,0,0
"Renville County, Minnesota",27129,MN,Renville,No qualifying Interstate/freeway mainline section in HPMS filter,2024,0,0,0,0,0,0,0,0,0,0,0,0,0,0
"Rice County, Minnesota",27131,MN,Rice,Direct FIPS match,2024,25.1326,816630.0518,13.61294268,32492.8599,41572,25.1326,816630.0518,32492.8599,41572,0.0,0.0,0.0,,281
"Rock County, Minnesota",27133,MN,Rock,Direct FIPS match,2024,20.49,271838.1739,12.5129659,13266.8704,15032,20.49,271838.1739,13266.8704,15032,0.0,0.0,0.0,,223
"Roseau County, Minnesota",27135,MN,Roseau,No qualifying Interstate/freeway mainline section in HPMS filter,2024,0,0,0,0,0,0,0,0,0,0,0,0,0,0
"St. Louis County, Minnesota",27137,MN,St. Louis,Direct FIPS match,2024,16.9736,493290.6615,13.10885588,29062.2297,45089,15.9601,473982.473,29697.9639,45089,1.0135,19308.1885,19051.0,19051,228
"Scott County, Minnesota",27139,MN,Scott,Direct FIPS match,2024,17.4866,851065.3626,13.65424539,48669.5734,100446,6.0245,319773.5781,53078.8577,59801,11.4621,531291.7845,46352.0458,100446,215
"Sherburne County, Minnesota",27141,MN,Sherburne,Direct FIPS match,2024,5.0225,166706.3024,12.02399487,33191.8969,54170,0.0,0.0,0.0,,5.0225,166706.3024,33191.8969,54170,68
"Sibley County, Minnesota",27143,MN,Sibley,No qualifying Interstate/freeway mainline section in HPMS filter,2024,0,0,0,0,0,0,0,0,0,0,0,0,0,0
"Stearns County, Minnesota",27145,MN,Stearns,Direct FIPS match,2024,57.6621,1579753.438,14.27277997,27396.7379,43401,57.6621,1579753.438,27396.7379,43401,0.0,0.0,0.0,,641
"Steele County, Minnesota",27147,MN,Steele,Direct FIPS match,2024,35.2878,716155.6454,13.4816542,20294.7094,31404,24.5912,599423.6396,24375.5343,31404,10.6966,116732.0058,10913.0009,15854,400
"Stevens County, Minnesota",27149,MN,Stevens,No qualifying Interstate/freeway mainline section in HPMS filter,2024,0,0,0,0,0,0,0,0,0,0,0,0,0,0
"Swift County, Minnesota",27151,MN,Swift,No qualifying Interstate/freeway mainline section in HPMS filter,2024,0,0,0,0,0,0,0,0,0,0,0,0,0,0
"Todd County, Minnesota",27153,MN,Todd,Direct FIPS match,2024,5.8732,115336.2982,11.65561614,19637.727,19817,5.8732,115336.2982,19637.727,19817,0.0,0.0,0.0,,61
"Traverse County, Minnesota",27155,MN,Traverse,No qualifying Interstate/freeway mainline section in HPMS filter,2024,0,0,0,0,0,0,0,0,0,0,0,0,0,0
"Wabasha County, Minnesota",27157,MN,Wabasha,No qualifying Interstate/freeway mainline section in HPMS filter,2024,0,0,0,0,0,0,0,0,0,0,0,0,0,0
"Wadena County, Minnesota",27159,MN,Wadena,No qualifying Interstate/freeway mainline section in HPMS filter,2024,0,0,0,0,0,0,0,0,0,0,0,0,0,0
"Waseca County, Minnesota",27161,MN,Waseca,Direct FIPS match,2024,9.8037,89746.3356,11.40475362,9154.3331,9792,0.0,0.0,0.0,,9.8037,89746.3356,9154.3331,9792,112
"Washington County, Minnesota",27163,MN,Washington,Direct FIPS match,2024,35.9289,2452342.4837,14.71255465,68255.429,113889,24.8943,1953590.425,78475.411,113889,11.0346,498752.0587,45198.9251,66359,440
"Watonwan County, Minnesota",27165,MN,Watonwan,Direct FIPS match,2024,2.1858,24904.0015,10.12282393,11393.5408,11538,0.0,0.0,0.0,,2.1858,24904.0015,11393.5408,11538,32
"Wilkin County, Minnesota",27167,MN,Wilkin,Direct FIPS match,2024,11.2257,166868.4132,12.02496683,14864.8559,15046,11.2257,166868.4132,14864.8559,15046,0.0,0.0,0.0,,118
"Winona County, Minnesota",27169,MN,Winona,Direct FIPS match,2024,43.9142,629119.4769,13.35207805,14326.1058,28826,43.9142,629119.4769,14326.1058,28826,0.0,0.0,0.0,,483
"Wright County, Minnesota",27171,MN,Wright,Direct FIPS match,2024,31.4231,1685848.3869,14.33778008,53649.9705,81506,27.03,1469752.96,54374.8783,81506,4.3931,216095.4269,49189.7355,54170,351
"Yellow Medicine County, Minnesota",27173,MN,Yellow Medicine,No qualifying Interstate/freeway mainline section in HPMS filter,2024,0,0,0,0,0,0,0,0,0,0,0,0,0,0
"Adams County, Mississippi",28001,MS,Adams,No qualifying Interstate/freeway mainline section in HPMS filter,2024,0,0,0,0,0,0,0,0,0,0,0,0,0,0
"Alcorn County, Mississippi",28003,MS,Alcorn,Direct FIPS match,2024,6.635,86826.539,11.37167912,13086.14,17061,0.0,0.0,0.0,,6.635,86826.539,13086.14,17061,81
"Amite County, Mississippi",28005,MS,Amite,No qualifying Interstate/freeway mainline section in HPMS filter,2024,0,0,0,0,0,0,0,0,0,0,0,0,0,0
"Attala County, Mississippi",28007,MS,Attala,No qualifying Interstate/freeway mainline section in HPMS filter,2024,0,0,0,0,0,0,0,0,0,0,0,0,0,0
"Benton County, Mississippi",28009,MS,Benton,Direct FIPS match,2024,7.983,168710.423,12.03594498,21133.712,21945,7.983,168710.423,21133.712,21945,0.0,0.0,0.0,,89
"Bolivar County, Mississippi",28011,MS,Bolivar,No qualifying Interstate/freeway mainline section in HPMS filter,2024,0,0,0,0,0,0,0,0,0,0,0,0,0,0
"Calhoun County, Mississippi",28013,MS,Calhoun,No qualifying Interstate/freeway mainline section in HPMS filter,2024,0,0,0,0,0,0,0,0,0,0,0,0,0,0
"Carroll County, Mississippi",28015,MS,Carroll,Direct FIPS match,2024,17.37,251283.245,12.43434003,14466.5081,17062,17.37,251283.245,14466.5081,17062,0.0,0.0,0.0,,199
"Chickasaw County, Mississippi",28017,MS,Chickasaw,No qualifying Interstate/freeway mainline section in HPMS filter,2024,0,0,0,0,0,0,0,0,0,0,0,0,0,0
"Choctaw County, Mississippi",28019,MS,Choctaw,No qualifying Interstate/freeway mainline section in HPMS filter,2024,0,0,0,0,0,0,0,0,0,0,0,0,0,0
"Claiborne County, Mississippi",28021,MS,Claiborne,No qualifying Interstate/freeway mainline section in HPMS filter,2024,0,0,0,0,0,0,0,0,0,0,0,0,0,0
"Clarke County, Mississippi",28023,MS,Clarke,Direct FIPS match,2024,13.201,170428.945,12.04607961,12910.3057,13684,13.201,170428.945,12910.3057,13684,0.0,0.0,0.0,,158
"Clay County, Mississippi",28025,MS,Clay,No qualifying Interstate/freeway mainline section in HPMS filter,2024,0,0,0,0,0,0,0,0,0,0,0,0,0,0
"Coahoma County, Mississippi",28027,MS,Coahoma,No qualifying Interstate/freeway mainline section in HPMS filter,2024,0,0,0,0,0,0,0,0,0,0,0,0,0,0
"Copiah County, Mississippi",28029,MS,Copiah,Direct FIPS match,2024,25.262,615803.918,13.3306855,24376.689,31126,25.262,615803.918,24376.689,31126,0.0,0.0,0.0,,280
"Covington County, Mississippi",28031,MS,Covington,No qualifying Interstate/freeway mainline section in HPMS filter,2024,0,0,0,0,0,0,0,0,0,0,0,0,0,0
"DeSoto County, Mississippi",28033,MS,DeSoto,Direct FIPS match,2024,63.465,2097156.7496,14.55609353,33044.3039,90649,48.2658,1640164.696,33981.9229,90649,15.1992,456992.0536,30066.8491,34558,739
"Forrest County, Mississippi",28035,MS,Forrest,Direct FIPS match,2024,14.3,442687.8074,13.00062234,30957.1893,45893,14.3,442687.8074,30957.1893,45893,0.0,0.0,0.0,,166
"Franklin County, Mississippi",28037,MS,Franklin,No qualifying Interstate/freeway mainline section in HPMS filter,2024,0,0,0,0,0,0,0,0,0,0,0,0,0,0
"George County, Mississippi",28039,MS,George,No qualifying Interstate/freeway mainline section in HPMS filter,2024,0,0,0,0,0,0,0,0,0,0,0,0,0,0
"Greene County, Mississippi",28041,MS,Greene,No qualifying Interstate/freeway mainline section in HPMS filter,2024,0,0,0,0,0,0,0,0,0,0,0,0,0,0
"Grenada County, Mississippi",28043,MS,Grenada,Direct FIPS match,2024,15.657,263439.981,12.48158464,16825.6998,19591,15.657,263439.981,16825.6998,19591,0.0,0.0,0.0,,182
"Hancock County, Mississippi",28045,MS,Hancock,Direct FIPS match,2024,19.387,855898.191,13.65990788,44148.0472,54530,19.387,855898.191,44148.0472,54530,0.0,0.0,0.0,,214
"Harrison County, Mississippi",28047,MS,Harrison,Direct FIPS match,2024,35.0263,1993444.7759,14.50537524,56912.7991,79902,32.555,1972139.459,60578.6963,79902,2.4713,21305.3169,8621.097,11155,425
"Hinds County, Mississippi",28049,MS,Hinds,Direct FIPS match,2024,64.0934,3394324.219,15.03761554,52959.0288,120072,64.0934,3394324.219,52959.0288,120072,0.0,0.0,0.0,,809
"Holmes County, Mississippi",28051,MS,Holmes,Direct FIPS match,2024,26.601,396367.597,12.89009986,14900.4773,18614,26.601,396367.597,14900.4773,18614,0.0,0.0,0.0,,299
"Humphreys County, Mississippi",28053,MS,Humphreys,No qualifying Interstate/freeway mainline section in HPMS filter,2024,0,0,0,0,0,0,0,0,0,0,0,0,0,0
"Issaquena County, Mississippi",28055,MS,Issaquena,No qualifying Interstate/freeway mainline section in HPMS filter,2024,0,0,0,0,0,0,0,0,0,0,0,0,0,0
"Itawamba County, Mississippi",28057,MS,Itawamba,Direct FIPS match,2024,22.044,491125.097,13.10445619,22279.3094,30011,22.044,491125.097,22279.3094,30011,0.0,0.0,0.0,,259
"Jackson County, Mississippi",28059,MS,Jackson,Direct FIPS match,2024,29.723,1757658.631,14.37949373,59134.6308,78426,29.723,1757658.631,59134.6308,78426,0.0,0.0,0.0,,343
"Jasper County, Mississippi",28061,MS,Jasper,Direct FIPS match,2024,18.746,266267.596,12.49226084,14203.9686,15353,18.746,266267.596,14203.9686,15353,0.0,0.0,0.0,,208
"Jefferson County, Mississippi",28063,MS,Jefferson,No qualifying Interstate/freeway mainline section in HPMS filter,2024,0,0,0,0,0,0,0,0,0,0,0,0,0,0
"Jefferson Davis County, Mississippi",28065,MS,Jefferson Davis,No qualifying Interstate/freeway mainline section in HPMS filter,2024,0,0,0,0,0,0,0,0,0,0,0,0,0,0
"Jones County, Mississippi",28067,MS,Jones,Direct FIPS match,2024,33.123,932899.794,13.74605414,28164.7132,37096,33.123,932899.794,28164.7132,37096,0.0,0.0,0.0,,382
"Kemper County, Mississippi",28069,MS,Kemper,No qualifying Interstate/freeway mainline section in HPMS filter,2024,0,0,0,0,0,0,0,0,0,0,0,0,0,0
"Lafayette County, Mississippi",28071,MS,Lafayette,Direct FIPS match,2024,14.1502,368142.8144,12.81622894,26016.7923,48496,0.0,0.0,0.0,,14.1502,368142.8144,26016.7923,48496,178
"Lamar County, Mississippi",28073,MS,Lamar,Direct FIPS match,2024,17.421,416497.734,12.9396387,23907.7971,45893,17.421,416497.734,23907.7971,45893,0.0,0.0,0.0,,191
"Lauderdale County, Mississippi",28075,MS,Lauderdale,Direct FIPS match,2024,50.499,1156669.3918,13.96105608,22904.798,47524,42.247,1084934.579,25680.7484,47524,8.252,71734.8128,8693.0214,11677,611
"Lawrence County, Mississippi",28077,MS,Lawrence,No qualifying Interstate/freeway mainline section in HPMS filter,2024,0,0,0,0,0,0,0,0,0,0,0,0,0,0
"Leake County, Mississippi",28079,MS,Leake,No qualifying Interstate/freeway mainline section in HPMS filter,2024,0,0,0,0,0,0,0,0,0,0,0,0,0,0
"Lee County, Mississippi",28081,MS,Lee,Direct FIPS match,2024,29.862,1008071.255,13.82355041,33757.6604,38764,17.327,571020.834,32955.5511,38113,12.535,437050.421,34866.4077,38764,367
"Leflore County, Mississippi",28083,MS,Leflore,No qualifying Interstate/freeway mainline section in HPMS filter,2024,0,0,0,0,0,0,0,0,0,0,0,0,0,0
"Lincoln County, Mississippi",28085,MS,Lincoln,Direct FIPS match,2024,24.337,532800.3,13.18590384,21892.6039,23744,24.337,532800.3,21892.6039,23744,0.0,0.0,0.0,,298
"Lowndes County, Mississippi",28087,MS,Lowndes,Direct FIPS match,2024,6.4633,135017.2674,11.81316536,20889.8345,32782,0.0,0.0,0.0,,6.4633,135017.2674,20889.8345,32782,99
"Madison County, Mississippi",28089,MS,Madison,Direct FIPS match,2024,26.347,1354507.733,14.11894939,51410.3212,113834,26.347,1354507.733,51410.3212,113834,0.0,0.0,0.0,,330
"Marion County, Mississippi",28091,MS,Marion,No qualifying Interstate/freeway mainline section in HPMS filter,2024,0,0,0,0,0,0,0,0,0,0,0,0,0,0
"Marshall County, Mississippi",28093,MS,Marshall,Direct FIPS match,2024,40.7697,1032702.78,13.84769095,25330.154,39245,40.7697,1032702.78,25330.154,39245,0.0,0.0,0.0,,468
"Monroe County, Mississippi",28095,MS,Monroe,No qualifying Interstate/freeway mainline section in HPMS filter,2024,0,0,0,0,0,0,0,0,0,0,0,0,0,0
"Montgomery County, Mississippi",28097,MS,Montgomery,Direct FIPS match,2024,14.107,216670.759,12.28613886,15359.0954,15397,14.107,216670.759,15359.0954,15397,0.0,0.0,0.0,,158
"Neshoba County, Mississippi",28099,MS,Neshoba,No qualifying Interstate/freeway mainline section in HPMS filter,2024,0,0,0,0,0,0,0,0,0,0,0,0,0,0
"Newton County, Mississippi",28101,MS,Newton,Direct FIPS match,2024,24.459,540689.623,13.20060253,22105.9578,23323,24.459,540689.623,22105.9578,23323,0.0,0.0,0.0,,281
"Noxubee County, Mississippi",28103,MS,Noxubee,No qualifying Interstate/freeway mainline section in HPMS filter,2024,0,0,0,0,0,0,0,0,0,0,0,0,0,0
"Oktibbeha County, Mississippi",28105,MS,Oktibbeha,No qualifying Interstate/freeway mainline section in HPMS filter,2024,0,0,0,0,0,0,0,0,0,0,0,0,0,0
"Panola County, Mississippi",28107,MS,Panola,Direct FIPS match,2024,27.31,617346.229,13.33318691,22605.1347,27534,27.31,617346.229,22605.1347,27534,0.0,0.0,0.0,,308
"Pearl River County, Mississippi",28109,MS,Pearl River,Direct FIPS match,2024,41.632,824976.752,13.6231117,19815.9289,33928,41.632,824976.752,19815.9289,33928,0.0,0.0,0.0,,456
"Perry County, Mississippi",28111,MS,Perry,No qualifying Interstate/freeway mainline section in HPMS filter,2024,0,0,0,0,0,0,0,0,0,0,0,0,0,0
"Pike County, Mississippi",28113,MS,Pike,Direct FIPS match,2024,24.222,508310.983,13.13885068,20985.5083,29347,24.222,508310.983,20985.5083,29347,0.0,0.0,0.0,,265
"Pontotoc County, Mississippi",28115,MS,Pontotoc,Direct FIPS match,2024,2.635,82086.306,11.31553867,31152.2983,32724,2.635,82086.306,31152.2983,32724,0.0,0.0,0.0,,31
"Prentiss County, Mississippi",28117,MS,Prentiss,No qualifying Interstate/freeway mainline section in HPMS filter,2024,0,0,0,0,0,0,0,0,0,0,0,0,0,0
"Quitman County, Mississippi",28119,MS,Quitman,No qualifying Interstate/freeway mainline section in HPMS filter,2024,0,0,0,0,0,0,0,0,0,0,0,0,0,0
"Rankin County, Mississippi",28121,MS,Rankin,Direct FIPS match,2024,28.252,1306286.963,14.08270006,46236.9731,114794,28.252,1306286.963,46236.9731,114794,0.0,0.0,0.0,,343
"Scott County, Mississippi",28123,MS,Scott,Direct FIPS match,2024,24.611,617347.152,13.33318841,25084.1962,29599,24.611,617347.152,25084.1962,29599,0.0,0.0,0.0,,267
"Sharkey County, Mississippi",28125,MS,Sharkey,No qualifying Interstate/freeway mainline section in HPMS filter,2024,0,0,0,0,0,0,0,0,0,0,0,0,0,0
"Simpson County, Mississippi",28127,MS,Simpson,No qualifying Interstate/freeway mainline section in HPMS filter,2024,0,0,0,0,0,0,0,0,0,0,0,0,0,0
"Smith County, Mississippi",28129,MS,Smith,No qualifying Interstate/freeway mainline section in HPMS filter,2024,0,0,0,0,0,0,0,0,0,0,0,0,0,0
"Stone County, Mississippi",28131,MS,Stone,No qualifying Interstate/freeway mainline section in HPMS filter,2024,0,0,0,0,0,0,0,0,0,0,0,0,0,0
"Sunflower County, Mississippi",28133,MS,Sunflower,No qualifying Interstate/freeway mainline section in HPMS filter,2024,0,0,0,0,0,0,0,0,0,0,0,0,0,0
"Tallahatchie County, Mississippi",28135,MS,Tallahatchie,No qualifying Interstate/freeway mainline section in HPMS filter,2024,0,0,0,0,0,0,0,0,0,0,0,0,0,0
"Tate County, Mississippi",28137,MS,Tate,Direct FIPS match,2024,12.1725,381180.089,12.85102984,31314.8564,38375,12.1725,381180.089,31314.8564,38375,0.0,0.0,0.0,,139
"Tippah County, Mississippi",28139,MS,Tippah,No qualifying Interstate/freeway mainline section in HPMS filter,2024,0,0,0,0,0,0,0,0,0,0,0,0,0,0
"Tishomingo County, Mississippi",28141,MS,Tishomingo,No qualifying Interstate/freeway mainline section in HPMS filter,2024,0,0,0,0,0,0,0,0,0,0,0,0,0,0
"Tunica County, Mississippi",28143,MS,Tunica,No qualifying Interstate/freeway mainline section in HPMS filter,2024,0,0,0,0,0,0,0,0,0,0,0,0,0,0
"Union County, Mississippi",28145,MS,Union,Direct FIPS match,2024,25.581,676251.976,13.42432251,26435.7131,31153,25.581,676251.976,26435.7131,31153,0.0,0.0,0.0,,302
"Walthall County, Mississippi",28147,MS,Walthall,No qualifying Interstate/freeway mainline section in HPMS filter,2024,0,0,0,0,0,0,0,0,0,0,0,0,0,0
"Warren County, Mississippi",28149,MS,Warren,Direct FIPS match,2024,19.164,645532.752,13.37783278,33684.6562,41370,19.164,645532.752,33684.6562,41370,0.0,0.0,0.0,,221
"Washington County, Mississippi",28151,MS,Washington,No qualifying Interstate/freeway mainline section in HPMS filter,2024,0,0,0,0,0,0,0,0,0,0,0,0,0,0
"Wayne County, Mississippi",28153,MS,Wayne,No qualifying Interstate/freeway mainline section in HPMS filter,2024,0,0,0,0,0,0,0,0,0,0,0,0,0,0
"Webster County, Mississippi",28155,MS,Webster,No qualifying Interstate/freeway mainline section in HPMS filter,2024,0,0,0,0,0,0,0,0,0,0,0,0,0,0
"Wilkinson County, Mississippi",28157,MS,Wilkinson,No qualifying Interstate/freeway mainline section in HPMS filter,2024,0,0,0,0,0,0,0,0,0,0,0,0,0,0
"Winston County, Mississippi",28159,MS,Winston,No qualifying Interstate/freeway mainline section in HPMS filter,2024,0,0,0,0,0,0,0,0,0,0,0,0,0,0
"Yalobusha County, Mississippi",28161,MS,Yalobusha,Direct FIPS match,2024,18.845,334012.857,12.71893776,17724.2163,19655,18.845,334012.857,17724.2163,19655,0.0,0.0,0.0,,208
"Yazoo County, Mississippi",28163,MS,Yazoo,Direct FIPS match,2024,12.105,242444.575,12.39853253,20028.4655,20319,12.105,242444.575,20028.4655,20319,0.0,0.0,0.0,,140
"Adair County, Missouri",29001,MO,Adair,Direct FIPS match,2024,8.624,65434.013,11.08881276,7587.4319,8532,0.0,0.0,0.0,,8.624,65434.013,7587.4319,8532,113
"Andrew County, Missouri",29003,MO,Andrew,Direct FIPS match,2024,39.623,606306.756,13.31514298,15301.8892,29884,20.123,445084.529,22118.1995,29884,19.5,161222.227,8267.8065,14812,565
"Atchison County, Missouri",29005,MO,Atchison,Direct FIPS match,2024,24.78,419439.939,12.94667801,16926.5512,20658,24.78,419439.939,16926.5512,20658,0.0,0.0,0.0,,316
"Audrain County, Missouri",29007,MO,Audrain,Direct FIPS match,2024,4.553,47988.493,10.77873737,10539.9721,11664,0.0,0.0,0.0,,4.553,47988.493,10539.9721,11664,69
"Barry County, Missouri",29009,MO,Barry,No qualifying Interstate/freeway mainline section in HPMS filter,2024,0,0,0,0,0,0,0,0,0,0,0,0,0,0
"Barton County, Missouri",29011,MO,Barton,Direct FIPS match,2024,20.384,307786.979,12.63716645,15099.4397,15589,20.384,307786.979,15099.4397,15589,0.0,0.0,0.0,,264
"Bates County, Missouri",29013,MO,Bates,Direct FIPS match,2024,29.316,494900.293,13.11211361,16881.5764,20604,29.316,494900.293,16881.5764,20604,0.0,0.0,0.0,,389
"Benton County, Missouri",29015,MO,Benton,Direct FIPS match,2024,20.122,189072.792,12.14989265,9396.322,11617,0.0,0.0,0.0,,20.122,189072.792,9396.322,11617,285
"Bollinger County, Missouri",29017,MO,Bollinger,No qualifying Interstate/freeway mainline section in HPMS filter,2024,0,0,0,0,0,0,0,0,0,0,0,0,0,0
"Boone County, Missouri",29019,MO,Boone,Direct FIPS match,2024,68.704,2241801.672,14.62279086,32629.8567,70409,21.865,1041217.651,47620.2905,65397,46.839,1200584.021,25632.1446,70409,1126
"Buchanan County, Missouri",29021,MO,Buchanan,Direct FIPS match,2024,44.213,1074808.51,13.887654,24309.7847,46802,30.288,862689.016,28482.865,46802,13.925,212119.494,15232.9978,21920,767
"Butler County, Missouri",29023,MO,Butler,Direct FIPS match,2024,46.584,582829.42,13.27565155,12511.3648,20644,0.0,0.0,0.0,,46.584,582829.42,12511.3648,20644,660
"Caldwell County, Missouri",29025,MO,Caldwell,Direct FIPS match,2024,24.131,253921.846,12.44478574,10522.6408,19244,0.022,423.368,19244.0,19244,24.109,253498.478,10514.6824,12786,310
"Callaway County, Missouri",29027,MO,Callaway,Direct FIPS match,2024,72.922,1961838.226,14.48939297,26903.2422,63254,28.171,1060945.359,37660.9052,42292,44.751,900892.867,20131.2343,63254,1038
"Camden County, Missouri",29029,MO,Camden,Direct FIPS match,2024,13.582,438963.015,12.99217272,32319.468,47647,0.0,0.0,0.0,,13.582,438963.015,32319.468,47647,257
"Cape Girardeau County, Missouri",29031,MO,Cape Girardeau,Direct FIPS match,2024,33.979,791401.41,13.58156185,23290.8976,45934,27.252,690226.131,25327.5404,45934,6.727,101175.279,15040.1782,20858,531
"Carroll County, Missouri",29033,MO,Carroll,No qualifying Interstate/freeway mainline section in HPMS filter,2024,0,0,0,0,0,0,0,0,0,0,0,0,0,0
"Carter County, Missouri",29035,MO,Carter,Direct FIPS match,2024,39.064,231146.327,12.35081057,5917.1188,10405,0.0,0.0,0.0,,39.064,231146.327,5917.1188,10405,515
"Cass County, Missouri",29037,MO,Cass,Direct FIPS match,2024,48.182,1433009.195,14.17528782,29741.588,88766,29.753,1113692.293,37431.2605,88766,18.429,319316.902,17326.8708,21437,694
"Cedar County, Missouri",29039,MO,Cedar,No qualifying Interstate/freeway mainline section in HPMS filter,2024,0,0,0,0,0,0,0,0,0,0,0,0,0,0
"Chariton County, Missouri",29041,MO,Chariton,No qualifying Interstate/freeway mainline section in HPMS filter,2024,0,0,0,0,0,0,0,0,0,0,0,0,0,0
"Christian County, Missouri",29043,MO,Christian,Direct FIPS match,2024,23.474,947890.288,13.7619951,40380.4332,70328,0.0,0.0,0.0,,23.474,947890.288,40380.4332,70328,365
"Clark County, Missouri",29045,MO,Clark,Direct FIPS match,2024,11.108,123166.84,11.72130326,11088.1203,14279,0.0,0.0,0.0,,11.108,123166.84,11088.1203,14279,166
"Clay County, Missouri",29047,MO,Clay,Direct FIPS match,2024,92.605,4032117.343,15.20980244,43541.0328,113704,46.645,2460223.69,52743.5672,113704,45.96,1571893.653,34201.3414,85638,1864
"Clinton County, Missouri",29049,MO,Clinton,Direct FIPS match,2024,20.946,529811.544,13.18027853,25294.1633,31799,20.946,529811.544,25294.1633,31799,0.0,0.0,0.0,,271
"Cole County, Missouri",29051,MO,Cole,Direct FIPS match,2024,50.895,1162391.193,13.96599067,22839.0057,58474,0.0,0.0,0.0,,50.895,1162391.193,22839.0057,58474,952
"Cooper County, Missouri",29053,MO,Cooper,Direct FIPS match,2024,27.994,958284.401,13.77290093,34231.7783,36239,27.994,958284.401,34231.7783,36239,0.0,0.0,0.0,,363
"Crawford County, Missouri",29055,MO,Crawford,Direct FIPS match,2024,22.819,805817.714,13.59961408,35313.4543,37049,22.819,805817.714,35313.4543,37049,0.0,0.0,0.0,,293
"Dade County, Missouri",29057,MO,Dade,No qualifying Interstate/freeway mainline section in HPMS filter,2024,0,0,0,0,0,0,0,0,0,0,0,0,0,0
"Dallas County, Missouri",29059,MO,Dallas,Direct FIPS match,2024,14.886,125066.472,11.73660865,8401.6171,12367,0.0,0.0,0.0,,14.886,125066.472,8401.6171,12367,191
"Daviess County, Missouri",29061,MO,Daviess,Direct FIPS match,2024,25.945,434202.094,12.98126766,16735.4825,19244,25.945,434202.094,16735.4825,19244,0.0,0.0,0.0,,320
"DeKalb County, Missouri",29063,MO,DeKalb,Direct FIPS match,2024,24.705,297042.262,12.60163307,12023.5686,24877,3.054,61666.538,20192.0557,24877,21.651,235375.724,10871.3558,16037,346
"Dent County, Missouri",29065,MO,Dent,No qualifying Interstate/freeway mainline section in HPMS filter,2024,0,0,0,0,0,0,0,0,0,0,0,0,0,0
"Douglas County, Missouri",29067,MO,Douglas,No qualifying Interstate/freeway mainline section in HPMS filter,2024,0,0,0,0,0,0,0,0,0,0,0,0,0,0
"Dunklin County, Missouri",29069,MO,Dunklin,Direct FIPS match,2024,3.678,37565.31,10.53386292,10213.5155,11009,0.0,0.0,0.0,,3.678,37565.31,10213.5155,11009,66
"Franklin County, Missouri",29071,MO,Franklin,Direct FIPS match,2024,34.233,1505805.068,14.22483891,43986.9444,60550,34.233,1505805.068,43986.9444,60550,0.0,0.0,0.0,,489
"Gasconade County, Missouri",29073,MO,Gasconade,No qualifying Interstate/freeway mainline section in HPMS filter,2024,0,0,0,0,0,0,0,0,0,0,0,0,0,0
"Gentry County, Missouri",29075,MO,Gentry,No qualifying Interstate/freeway mainline section in HPMS filter,2024,0,0,0,0,0,0,0,0,0,0,0,0,0,0
"Greene County, Missouri",29077,MO,Greene,Direct FIPS match,2024,128.319,4560953.389,15.33304246,35543.8664,84906,31.072,1342903.893,43219.1006,58409,97.247,3218049.496,33091.5041,84906,2429
"Grundy County, Missouri",29079,MO,Grundy,No qualifying Interstate/freeway mainline section in HPMS filter,2024,0,0,0,0,0,0,0,0,0,0,0,0,0,0
"Harrison County, Missouri",29081,MO,Harrison,Direct FIPS match,2024,31.423,470557.567,13.06167571,14974.9409,16112,31.423,470557.567,14974.9409,16112,0.0,0.0,0.0,,408
"Henry County, Missouri",29083,MO,Henry,Direct FIPS match,2024,29.94,492363.523,13.10697462,16445.0074,21835,0.0,0.0,0.0,,29.94,492363.523,16445.0074,21835,456
"Hickory County, Missouri",29085,MO,Hickory,No qualifying Interstate/freeway mainline section in HPMS filter,2024,0,0,0,0,0,0,0,0,0,0,0,0,0,0
"Holt County, Missouri",29087,MO,Holt,Direct FIPS match,2024,32.815,561609.059,13.23856304,17114.4007,20977,32.815,561609.059,17114.4007,20977,0.0,0.0,0.0,,418
"Howard County, Missouri",29089,MO,Howard,No qualifying Interstate/freeway mainline section in HPMS filter,2024,0,0,0,0,0,0,0,0,0,0,0,0,0,0
"Howell County, Missouri",29091,MO,Howell,Direct FIPS match,2024,35.285,409432.669,12.92253019,11603.5899,18284,0.0,0.0,0.0,,35.285,409432.669,11603.5899,18284,525
"Iron County, Missouri",29093,MO,Iron,No qualifying Interstate/freeway mainline section in HPMS filter,2024,0,0,0,0,0,0,0,0,0,0,0,0,0,0
"Jackson County, Missouri",29095,MO,Jackson,Direct FIPS match,2024,151.768,9908439.908,16.10889757,65286.7529,167416,79.666,7061160.989,88634.5617,167416,72.102,2847278.919,39489.5969,141737,3219
"Jasper County, Missouri",29097,MO,Jasper,Direct FIPS match,2024,57.315,1405666.534,14.15602286,24525.2819,40803,44.122,1133198.494,25683.2984,40803,13.193,272468.04,20652.4702,25876,945
"Jefferson County, Missouri",29099,MO,Jefferson,Direct FIPS match,2024,66.052,3105658.526,14.94873666,47018.3874,118411,27.807,1924213.416,69198.8857,118411,38.245,1181445.11,30891.492,40982,1104
"Johnson County, Missouri",29101,MO,Johnson,Direct FIPS match,2024,35.886,656183.943,13.39419795,18285.235,24584,0.0,0.0,0.0,,35.886,656183.943,18285.235,24584,518
"Knox County, Missouri",29103,MO,Knox,No qualifying Interstate/freeway mainline section in HPMS filter,2024,0,0,0,0,0,0,0,0,0,0,0,0,0,0
"Laclede County, Missouri",29105,MO,Laclede,Direct FIPS match,2024,33.71,1041962.982,13.85661793,30909.6109,35961,33.71,1041962.982,30909.6109,35961,0.0,0.0,0.0,,428
"Lafayette County, Missouri",29107,MO,Lafayette,Direct FIPS match,2024,33.402,1122962.242,13.9314815,33619.6109,44535,33.402,1122962.242,33619.6109,44535,0.0,0.0,0.0,,460
"Lawrence County, Missouri",29109,MO,Lawrence,Direct FIPS match,2024,27.364,872724.204,13.67937601,31893.1517,37195,27.364,872724.204,31893.1517,37195,0.0,0.0,0.0,,379
"Lewis County, Missouri",29111,MO,Lewis,Direct FIPS match,2024,21.548,267676.763,12.49753916,12422.3484,14533,0.0,0.0,0.0,,21.548,267676.763,12422.3484,14533,294
"Lincoln County, Missouri",29113,MO,Lincoln,Direct FIPS match,2024,24.995,684034.958,13.43576577,27366.8717,51006,0.0,0.0,0.0,,24.995,684034.958,27366.8717,51006,340
"Linn County, Missouri",29115,MO,Linn,Direct FIPS match,2024,27.218,309630.686,12.64313876,11375.9529,13231,0.0,0.0,0.0,,27.218,309630.686,11375.9529,13231,371
"Livingston County, Missouri",29117,MO,Livingston,Direct FIPS match,2024,22.303,224955.758,12.32366348,10086.3452,12894,0.0,0.0,0.0,,22.303,224955.758,10086.3452,12894,290
"McDonald County, Missouri",29119,MO,McDonald,Direct FIPS match,2024,23.164,292393.896,12.58586055,12622.7722,21272,18.732,268199.608,14317.7241,21272,4.432,24194.288,5459.0,5459,342
"Macon County, Missouri",29121,MO,Macon,Direct FIPS match,2024,53.531,501036.092,13.12443541,9359.7372,13701,0.0,0.0,0.0,,53.531,501036.092,9359.7372,13701,703
"Madison County, Missouri",29123,MO,Madison,Direct FIPS match,2024,25.245,207205.172,12.24146958,8207.7707,12557,0.0,0.0,0.0,,25.245,207205.172,8207.7707,12557,327
"Maries County, Missouri",29125,MO,Maries,No qualifying Interstate/freeway mainline section in HPMS filter,2024,0,0,0,0,0,0,0,0,0,0,0,0,0,0
"Marion County, Missouri",29127,MO,Marion,Direct FIPS match,2024,50.643,639391.448,13.3682737,12625.4655,20136,2.056,38860.396,18900.9708,19756,48.587,600531.052,12359.9122,20136,804
"Mercer County, Missouri",29129,MO,Mercer,No qualifying Interstate/freeway mainline section in HPMS filter,2024,0,0,0,0,0,0,0,0,0,0,0,0,0,0
"Miller County, Missouri",29131,MO,Miller,Direct FIPS match,2024,23.19,429886.337,12.97127845,18537.5738,25194,0.0,0.0,0.0,,23.19,429886.337,18537.5738,25194,344
"Mississippi County, Missouri",29133,MO,Mississippi,Direct FIPS match,2024,20.151,293760.855,12.5905247,14577.979,17923,20.151,293760.855,14577.979,17923,0.0,0.0,0.0,,256
"Moniteau County, Missouri",29135,MO,Moniteau,Direct FIPS match,2024,8.493,71952.508,11.18377547,8471.9779,9541,0.0,0.0,0.0,,8.493,71952.508,8471.9779,9541,114
"Monroe County, Missouri",29137,MO,Monroe,No qualifying Interstate/freeway mainline section in HPMS filter,2024,0,0,0,0,0,0,0,0,0,0,0,0,0,0
"Montgomery County, Missouri",29139,MO,Montgomery,Direct FIPS match,2024,21.35,807132.506,13.60124437,37804.8012,40111,21.35,807132.506,37804.8012,40111,0.0,0.0,0.0,,279
"Morgan County, Missouri",29141,MO,Morgan,No qualifying Interstate/freeway mainline section in HPMS filter,2024,0,0,0,0,0,0,0,0,0,0,0,0,0,0
"New Madrid County, Missouri",29143,MO,New Madrid,Direct FIPS match,2024,43.252,803280.921,13.59646102,18572.1104,21612,34.013,682236.847,20058.1203,21612,9.239,121044.074,13101.4259,15004,540
"Newton County, Missouri",29145,MO,Newton,Direct FIPS match,2024,32.827,911105.708,13.7224153,27754.7661,46837,31.301,885505.56,28290.0086,46837,1.526,25600.148,16775.9817,19484,527
"Nodaway County, Missouri",29147,MO,Nodaway,Direct FIPS match,2024,12.578,104060.14,11.55273389,8273.1865,9556,0.0,0.0,0.0,,12.578,104060.14,8273.1865,9556,154
"Oregon County, Missouri",29149,MO,Oregon,No qualifying Interstate/freeway mainline section in HPMS filter,2024,0,0,0,0,0,0,0,0,0,0,0,0,0,0
"Osage County, Missouri",29151,MO,Osage,Direct FIPS match,2024,6.842,51817.912,10.85551046,7573.5037,18500,0.0,0.0,0.0,,6.842,51817.912,7573.5037,18500,104
"Ozark County, Missouri",29153,MO,Ozark,No qualifying Interstate/freeway mainline section in HPMS filter,2024,0,0,0,0,0,0,0,0,0,0,0,0,0,0
"Pemiscot County, Missouri",29155,MO,Pemiscot,Direct FIPS match,2024,54.81,820150.988,13.61724495,14963.5283,21029,42.609,724887.653,17012.5479,21029,12.201,95263.335,7807.8301,10543,758
"Perry County, Missouri",29157,MO,Perry,Direct FIPS match,2024,20.635,386845.681,12.86578372,18747.0647,20386,20.635,386845.681,18747.0647,20386,0.0,0.0,0.0,,247
"Pettis County, Missouri",29159,MO,Pettis,Direct FIPS match,2024,35.397,423167.475,12.95552566,11954.8966,16209,0.0,0.0,0.0,,35.397,423167.475,11954.8966,16209,476
"Phelps County, Missouri",29161,MO,Phelps,Direct FIPS match,2024,32.24,1109536.416,13.91945374,34414.9012,40005,32.24,1109536.416,34414.9012,40005,0.0,0.0,0.0,,443
"Pike County, Missouri",29163,MO,Pike,Direct FIPS match,2024,28.067,402641.116,12.9058034,14345.7126,19188,0.0,0.0,0.0,,28.067,402641.116,14345.7126,19188,366
"Platte County, Missouri",29165,MO,Platte,Direct FIPS match,2024,62.764,2813309.562,14.84987248,44823.618,134485,49.127,2366300.86,48167.0133,134485,13.637,447008.702,32779.1085,63348,1155
"Polk County, Missouri",29167,MO,Polk,Direct FIPS match,2024,32.663,597973.347,13.30130313,18307.3614,25477,0.0,0.0,0.0,,32.663,597973.347,18307.3614,25477,496
"Pulaski County, Missouri",29169,MO,Pulaski,Direct FIPS match,2024,23.447,717051.297,13.48290406,30581.7929,35996,23.447,717051.297,30581.7929,35996,0.0,0.0,0.0,,326
"Putnam County, Missouri",29171,MO,Putnam,No qualifying Interstate/freeway mainline section in HPMS filter,2024,0,0,0,0,0,0,0,0,0,0,0,0,0,0
"Ralls County, Missouri",29173,MO,Ralls,Direct FIPS match,2024,17.372,280058.11,12.54275597,16121.2359,31837,0.0,0.0,0.0,,17.372,280058.11,16121.2359,31837,256
"Randolph County, Missouri",29175,MO,Randolph,Direct FIPS match,2024,27.108,353616.635,12.77597148,13044.7335,17455,0.0,0.0,0.0,,27.108,353616.635,13044.7335,17455,378
"Ray County, Missouri",29177,MO,Ray,No qualifying Interstate/freeway mainline section in HPMS filter,2024,0,0,0,0,0,0,0,0,0,0,0,0,0,0
"Reynolds County, Missouri",29179,MO,Reynolds,No qualifying Interstate/freeway mainline section in HPMS filter,2024,0,0,0,0,0,0,0,0,0,0,0,0,0,0
"Ripley County, Missouri",29181,MO,Ripley,No qualifying Interstate/freeway mainline section in HPMS filter,2024,0,0,0,0,0,0,0,0,0,0,0,0,0,0
"St. Charles County, Missouri",29183,MO,St. Charles,Direct FIPS match,2024,75.791,5372845.937,15.49686848,70890.2896,159070,40.044,3643083.114,90977.0031,159070,35.747,1729762.823,48389.0347,77493,1491
"St. Clair County, Missouri",29185,MO,St. Clair,Direct FIPS match,2024,28.024,405494.04,12.91286392,14469.5275,20826,0.0,0.0,0.0,,28.024,405494.04,14469.5275,20826,410
"Ste. Genevieve County, Missouri",29186,MO,Ste. Genevieve,Direct FIPS match,2024,25.125,605031.53,13.3130375,24080.8569,27531,25.125,605031.53,24080.8569,27531,0.0,0.0,0.0,,327
"St. Francois County, Missouri",29187,MO,St. Francois,Direct FIPS match,2024,34.757,892520.878,13.70180631,25678.8813,45523,0.0,0.0,0.0,,34.757,892520.878,25678.8813,45523,545
"St. Louis County, Missouri",29189,MO,St. Louis,Direct FIPS match,2024,164.215,15548720.358,16.55948897,94685.1406,212715,117.081,13775161.44,117654.9691,212715,47.134,1773558.918,37628.0163,76178,3626
"Saline County, Missouri",29195,MO,Saline,Direct FIPS match,2024,34.512,835502.338,13.63578962,24209.0385,34223,24.146,752868.755,31179.854,34223,10.366,82633.583,7971.5978,8940,466
"Schuyler County, Missouri",29197,MO,Schuyler,No qualifying Interstate/freeway mainline section in HPMS filter,2024,0,0,0,0,0,0,0,0,0,0,0,0,0,0
"Scotland County, Missouri",29199,MO,Scotland,No qualifying Interstate/freeway mainline section in HPMS filter,2024,0,0,0,0,0,0,0,0,0,0,0,0,0,0
"Scott County, Missouri",29201,MO,Scott,Direct FIPS match,2024,28.731,707859.907,13.47000289,24637.4963,33334,28.309,703788.029,24860.9286,33334,0.422,4071.878,9649.0,9649,409
"Shannon County, Missouri",29203,MO,Shannon,Direct FIPS match,2024,25.659,142037.954,11.86385662,5535.5998,7904,0.0,0.0,0.0,,25.659,142037.954,5535.5998,7904,333
"Shelby County, Missouri",29205,MO,Shelby,Direct FIPS match,2024,25.496,271500.22,12.51172191,10648.7378,13717,0.0,0.0,0.0,,25.496,271500.22,10648.7378,13717,323
"Stoddard County, Missouri",29207,MO,Stoddard,Direct FIPS match,2024,28.111,367085.727,12.81335341,13058.4372,19374,0.0,0.0,0.0,,28.111,367085.727,13058.4372,19374,384
"Stone County, Missouri",29209,MO,Stone,Direct FIPS match,2024,0.717,8968.236,9.10155578,12508.0,12508,0.0,0.0,0.0,,0.717,8968.236,12508.0,12508,12
"Sullivan County, Missouri",29211,MO,Sullivan,No qualifying Interstate/freeway mainline section in HPMS filter,2024,0,0,0,0,0,0,0,0,0,0,0,0,0,0
"Taney County, Missouri",29213,MO,Taney,Direct FIPS match,2024,27.617,803076.21,13.59620614,29079.0531,47508,0.0,0.0,0.0,,27.617,803076.21,29079.0531,47508,424
"Texas County, Missouri",29215,MO,Texas,Direct FIPS match,2024,15.362,222153.457,12.31112817,14461.2327,18064,0.0,0.0,0.0,,15.362,222153.457,14461.2327,18064,209
"Vernon County, Missouri",29217,MO,Vernon,Direct FIPS match,2024,33.134,430361.939,12.97238418,12988.5296,17493,29.961,408839.48,13645.7221,17493,3.173,21522.459,6783.0,6783,474
"Warren County, Missouri",29219,MO,Warren,Direct FIPS match,2024,17.25,784589.208,13.57291683,45483.4323,54850,17.25,784589.208,45483.4323,54850,0.0,0.0,0.0,,257
"Washington County, Missouri",29221,MO,Washington,No qualifying Interstate/freeway mainline section in HPMS filter,2024,0,0,0,0,0,0,0,0,0,0,0,0,0,0
"Wayne County, Missouri",29223,MO,Wayne,Direct FIPS match,2024,30.223,200930.804,12.21072085,6648.2746,7456,0.0,0.0,0.0,,30.223,200930.804,6648.2746,7456,392
"Webster County, Missouri",29225,MO,Webster,Direct FIPS match,2024,44.742,1269354.751,14.05402005,28370.5411,42193,20.787,768341.263,36962.5854,42193,23.955,501013.488,20914.7772,29370,624
"Worth County, Missouri",29227,MO,Worth,No qualifying Interstate/freeway mainline section in HPMS filter,2024,0,0,0,0,0,0,0,0,0,0,0,0,0,0
"Wright County, Missouri",29229,MO,Wright,Direct FIPS match,2024,24.879,364106.341,12.805204,14635.0875,29370,0.0,0.0,0.0,,24.879,364106.341,14635.0875,29370,315
"St. Louis City, Missouri",29510,MO,St. Louis,Direct FIPS match,2024,31.648,3018204.645,14.92017306,95367.9425,159357,31.648,3018204.645,95367.9425,159357,0.0,0.0,0.0,,903
"Beaverhead County, Montana",30001,MT,Beaverhead,Direct FIPS match,2024,85.7502,345204.99,12.75189659,4025.7048,5696,85.7502,345204.99,4025.7048,5696,0.0,0.0,0.0,,946
"Big Horn County, Montana",30003,MT,Big Horn,Direct FIPS match,2024,81.2924,469471.2375,13.05936444,5775.0938,8901,81.2924,469471.2375,5775.0938,8901,0.0,0.0,0.0,,885
"Blaine County, Montana",30005,MT,Blaine,No qualifying Interstate/freeway mainline section in HPMS filter,2024,0,0,0,0,0,0,0,0,0,0,0,0,0,0
"Broadwater County, Montana",30007,MT,Broadwater,Direct FIPS match,2024,5.6894,83716.4566,11.3352028,14714.4614,17269,5.6894,83716.4566,14714.4614,17269,0.0,0.0,0.0,,60
"Carbon County, Montana",30009,MT,Carbon,No qualifying Interstate/freeway mainline section in HPMS filter,2024,0,0,0,0,0,0,0,0,0,0,0,0,0,0
"Carter County, Montana",30011,MT,Carter,No qualifying Interstate/freeway mainline section in HPMS filter,2024,0,0,0,0,0,0,0,0,0,0,0,0,0,0
"Cascade County, Montana",30013,MT,Cascade,Direct FIPS match,2024,61.7953,375048.5526,12.83481344,6069.2084,23071,61.7953,375048.5526,6069.2084,23071,0.0,0.0,0.0,,704
"Chouteau County, Montana",30015,MT,Chouteau,No qualifying Interstate/freeway mainline section in HPMS filter,2024,0,0,0,0,0,0,0,0,0,0,0,0,0,0
"Custer County, Montana",30017,MT,Custer,Direct FIPS match,2024,42.9236,194968.5254,12.18059855,4542.2221,4909,42.9236,194968.5254,4542.2221,4909,0.0,0.0,0.0,,490
"Daniels County, Montana",30019,MT,Daniels,No qualifying Interstate/freeway mainline section in HPMS filter,2024,0,0,0,0,0,0,0,0,0,0,0,0,0,0
"Dawson County, Montana",30021,MT,Dawson,Direct FIPS match,2024,43.6947,167952.0224,12.03143959,3843.7619,7035,43.6947,167952.0224,3843.7619,7035,0.0,0.0,0.0,,497
"Deer Lodge County, Montana",30023,MT,Deer Lodge,Direct FIPS match,2024,14.3007,163518.71,12.00468881,11434.3151,15116,14.3007,163518.71,11434.3151,15116,0.0,0.0,0.0,,166
"Fallon County, Montana",30025,MT,Fallon,No qualifying Interstate/freeway mainline section in HPMS filter,2024,0,0,0,0,0,0,0,0,0,0,0,0,0,0
"Fergus County, Montana",30027,MT,Fergus,No qualifying Interstate/freeway mainline section in HPMS filter,2024,0,0,0,0,0,0,0,0,0,0,0,0,0,0
"Flathead County, Montana",30029,MT,Flathead,No qualifying Interstate/freeway mainline section in HPMS filter,2024,0,0,0,0,0,0,0,0,0,0,0,0,0,0
"Gallatin County, Montana",30031,MT,Gallatin,Direct FIPS match,2024,43.8157,965892.3031,13.78080865,22044.4339,32445,43.8157,965892.3031,22044.4339,32445,0.0,0.0,0.0,,544
"Garfield County, Montana",30033,MT,Garfield,No qualifying Interstate/freeway mainline section in HPMS filter,2024,0,0,0,0,0,0,0,0,0,0,0,0,0,0
"Glacier County, Montana",30035,MT,Glacier,No qualifying Interstate/freeway mainline section in HPMS filter,2024,0,0,0,0,0,0,0,0,0,0,0,0,0,0
"Golden Valley County, Montana",30037,MT,Golden Valley,No qualifying Interstate/freeway mainline section in HPMS filter,2024,0,0,0,0,0,0,0,0,0,0,0,0,0,0
"Granite County, Montana",30039,MT,Granite,Direct FIPS match,2024,28.6459,341581.5066,12.74134453,11924.2721,13173,28.6459,341581.5066,11924.2721,13173,0.0,0.0,0.0,,322
"Hill County, Montana",30041,MT,Hill,No qualifying Interstate/freeway mainline section in HPMS filter,2024,0,0,0,0,0,0,0,0,0,0,0,0,0,0
"Jefferson County, Montana",30043,MT,Jefferson,Direct FIPS match,2024,94.6942,683953.8634,13.43564721,7222.764,12323,94.6942,683953.8634,7222.764,12323,0.0,0.0,0.0,,1069
"Judith Basin County, Montana",30045,MT,Judith Basin,No qualifying Interstate/freeway mainline section in HPMS filter,2024,0,0,0,0,0,0,0,0,0,0,0,0,0,0
"Lake County, Montana",30047,MT,Lake,No qualifying Interstate/freeway mainline section in HPMS filter,2024,0,0,0,0,0,0,0,0,0,0,0,0,0,0
"Lewis and Clark County, Montana",30049,MT,Lewis and Clark,Direct FIPS match,2024,50.1781,353198.9345,12.77478956,7038.9061,30894,50.1781,353198.9345,7038.9061,30894,0.0,0.0,0.0,,580
"Liberty County, Montana",30051,MT,Liberty,No qualifying Interstate/freeway mainline section in HPMS filter,2024,0,0,0,0,0,0,0,0,0,0,0,0,0,0
"Lincoln County, Montana",30053,MT,Lincoln,No qualifying Interstate/freeway mainline section in HPMS filter,2024,0,0,0,0,0,0,0,0,0,0,0,0,0,0
"McCone County, Montana",30055,MT,McCone,No qualifying Interstate/freeway mainline section in HPMS filter,2024,0,0,0,0,0,0,0,0,0,0,0,0,0,0
"Madison County, Montana",30057,MT,Madison,Direct FIPS match,2024,7.6039,29466.0003,10.29102628,3875.1168,4741,7.6039,29466.0003,3875.1168,4741,0.0,0.0,0.0,,91
"Meagher County, Montana",30059,MT,Meagher,No qualifying Interstate/freeway mainline section in HPMS filter,2024,0,0,0,0,0,0,0,0,0,0,0,0,0,0
"Mineral County, Montana",30061,MT,Mineral,Direct FIPS match,2024,76.5262,588249.8705,13.28490879,7686.9082,9122,76.5262,588249.8705,7686.9082,9122,0.0,0.0,0.0,,892
"Missoula County, Montana",30063,MT,Missoula,Direct FIPS match,2024,54.4991,822165.6077,13.61969834,15085.8566,31882,54.4991,822165.6077,15085.8566,31882,0.0,0.0,0.0,,647
"Musselshell County, Montana",30065,MT,Musselshell,No qualifying Interstate/freeway mainline section in HPMS filter,2024,0,0,0,0,0,0,0,0,0,0,0,0,0,0
"Park County, Montana",30067,MT,Park,Direct FIPS match,2024,32.3936,453060.767,13.02378375,13986.1197,19735,32.3936,453060.767,13986.1197,19735,0.0,0.0,0.0,,369
"Petroleum County, Montana",30069,MT,Petroleum,No qualifying Interstate/freeway mainline section in HPMS filter,2024,0,0,0,0,0,0,0,0,0,0,0,0,0,0
"Phillips County, Montana",30071,MT,Phillips,No qualifying Interstate/freeway mainline section in HPMS filter,2024,0,0,0,0,0,0,0,0,0,0,0,0,0,0
"Pondera County, Montana",30073,MT,Pondera,Direct FIPS match,2024,30.6269,101978.5686,11.53252776,3329.7059,4057,30.6269,101978.5686,3329.7059,4057,0.0,0.0,0.0,,327
"Powder River County, Montana",30075,MT,Powder River,No qualifying Interstate/freeway mainline section in HPMS filter,2024,0,0,0,0,0,0,0,0,0,0,0,0,0,0
"Powell County, Montana",30077,MT,Powell,Direct FIPS match,2024,34.341,363886.432,12.80459985,10596.2678,11508,34.341,363886.432,10596.2678,11508,0.0,0.0,0.0,,391
"Prairie County, Montana",30079,MT,Prairie,Direct FIPS match,2024,27.8792,118326.6578,11.68121282,4244.263,4416,27.8792,118326.6578,4244.263,4416,0.0,0.0,0.0,,304
"Ravalli County, Montana",30081,MT,Ravalli,No qualifying Interstate/freeway mainline section in HPMS filter,2024,0,0,0,0,0,0,0,0,0,0,0,0,0,0
"Richland County, Montana",30083,MT,Richland,No qualifying Interstate/freeway mainline section in HPMS filter,2024,0,0,0,0,0,0,0,0,0,0,0,0,0,0
"Roosevelt County, Montana",30085,MT,Roosevelt,No qualifying Interstate/freeway mainline section in HPMS filter,2024,0,0,0,0,0,0,0,0,0,0,0,0,0,0
"Rosebud County, Montana",30087,MT,Rosebud,Direct FIPS match,2024,41.9686,185465.0815,12.1306273,4419.1391,4590,41.9686,185465.0815,4419.1391,4590,0.0,0.0,0.0,,449
"Sanders County, Montana",30089,MT,Sanders,No qualifying Interstate/freeway mainline section in HPMS filter,2024,0,0,0,0,0,0,0,0,0,0,0,0,0,0
"Sheridan County, Montana",30091,MT,Sheridan,No qualifying Interstate/freeway mainline section in HPMS filter,2024,0,0,0,0,0,0,0,0,0,0,0,0,0,0
"Silver Bow County, Montana",30093,MT,Silver Bow,Direct FIPS match,2024,56.7771,516520.0214,13.15487127,9097.3301,21866,56.7771,516520.0214,9097.3301,21866,0.0,0.0,0.0,,685
"Stillwater County, Montana",30095,MT,Stillwater,Direct FIPS match,2024,38.169,419373.612,12.94651986,10987.2832,15811,38.169,419373.612,10987.2832,15811,0.0,0.0,0.0,,429
"Sweet Grass County, Montana",30097,MT,Sweet Grass,Direct FIPS match,2024,37.098,427684.9552,12.96614446,11528.5179,12392,37.098,427684.9552,11528.5179,12392,0.0,0.0,0.0,,416
"Teton County, Montana",30099,MT,Teton,Direct FIPS match,2024,21.3488,78414.0619,11.2697713,3672.9962,4031,21.3488,78414.0619,3672.9962,4031,0.0,0.0,0.0,,230
"Toole County, Montana",30101,MT,Toole,Direct FIPS match,2024,43.734,115090.5977,11.65348359,2631.6046,3134,43.734,115090.5977,2631.6046,3134,0.0,0.0,0.0,,478
"Treasure County, Montana",30103,MT,Treasure,Direct FIPS match,2024,26.2354,116443.749,11.66517218,4438.421,4556,26.2354,116443.749,4438.421,4556,0.0,0.0,0.0,,279
"Valley County, Montana",30105,MT,Valley,No qualifying Interstate/freeway mainline section in HPMS filter,2024,0,0,0,0,0,0,0,0,0,0,0,0,0,0
"Wheatland County, Montana",30107,MT,Wheatland,No qualifying Interstate/freeway mainline section in HPMS filter,2024,0,0,0,0,0,0,0,0,0,0,0,0,0,0
"Wibaux County, Montana",30109,MT,Wibaux,Direct FIPS match,2024,15.229,51474.0144,10.84885181,3379.9996,3854,15.229,51474.0144,3379.9996,3854,0.0,0.0,0.0,,172
"Yellowstone County, Montana",30111,MT,Yellowstone,Direct FIPS match,2024,95.5492,1031312.332,13.84634363,10793.5214,31769,95.5492,1031312.332,10793.5214,31769,0.0,0.0,0.0,,1101
"Adams County, Nebraska",31001,NE,Adams,Direct FIPS match,2024,6.95,95259.45,11.46437,13706.3957,22070,0.0,0.0,0.0,,6.95,95259.45,13706.3957,22070,120
"Antelope County, Nebraska",31003,NE,Antelope,No qualifying Interstate/freeway mainline section in HPMS filter,2024,0,0,0,0,0,0,0,0,0,0,0,0,0,0
"Arthur County, Nebraska",31005,NE,Arthur,No qualifying Interstate/freeway mainline section in HPMS filter,2024,0,0,0,0,0,0,0,0,0,0,0,0,0,0
"Banner County, Nebraska",31007,NE,Banner,Direct FIPS match,2024,21.44,51917.39,10.85742834,2421.5201,3015,0.0,0.0,0.0,,21.44,51917.39,2421.5201,3015,302
"Blaine County, Nebraska",31009,NE,Blaine,No qualifying Interstate/freeway mainline section in HPMS filter,2024,0,0,0,0,0,0,0,0,0,0,0,0,0,0
"Boone County, Nebraska",31011,NE,Boone,No qualifying Interstate/freeway mainline section in HPMS filter,2024,0,0,0,0,0,0,0,0,0,0,0,0,0,0
"Box Butte County, Nebraska",31013,NE,Box Butte,No qualifying Interstate/freeway mainline section in HPMS filter,2024,0,0,0,0,0,0,0,0,0,0,0,0,0,0
"Boyd County, Nebraska",31015,NE,Boyd,No qualifying Interstate/freeway mainline section in HPMS filter,2024,0,0,0,0,0,0,0,0,0,0,0,0,0,0
"Brown County, Nebraska",31017,NE,Brown,No qualifying Interstate/freeway mainline section in HPMS filter,2024,0,0,0,0,0,0,0,0,0,0,0,0,0,0
"Buffalo County, Nebraska",31019,NE,Buffalo,Direct FIPS match,2024,37.3,822340.05,13.61991049,22046.6501,23766,37.3,822340.05,22046.6501,23766,0.0,0.0,0.0,,627
"Burt County, Nebraska",31021,NE,Burt,No qualifying Interstate/freeway mainline section in HPMS filter,2024,0,0,0,0,0,0,0,0,0,0,0,0,0,0
"Butler County, Nebraska",31023,NE,Butler,Direct FIPS match,2024,4.52,38157.45,10.54950251,8441.9137,9525,0.0,0.0,0.0,,4.52,38157.45,8441.9137,9525,81
"Cass County, Nebraska",31025,NE,Cass,Direct FIPS match,2024,15.16,666236.81,13.40940196,43947.0191,53096,11.65,604297.31,51871.0137,53096,3.51,61939.5,17646.5812,21410,328
"Cedar County, Nebraska",31027,NE,Cedar,No qualifying Interstate/freeway mainline section in HPMS filter,2024,0,0,0,0,0,0,0,0,0,0,0,0,0,0
"Chase County, Nebraska",31029,NE,Chase,No qualifying Interstate/freeway mainline section in HPMS filter,2024,0,0,0,0,0,0,0,0,0,0,0,0,0,0
"Cherry County, Nebraska",31031,NE,Cherry,No qualifying Interstate/freeway mainline section in HPMS filter,2024,0,0,0,0,0,0,0,0,0,0,0,0,0,0
"Cheyenne County, Nebraska",31033,NE,Cheyenne,Direct FIPS match,2024,44.51,376076.32,12.83755004,8449.2545,8780,41.89,363503.9,8677.5818,8780,2.62,12572.42,4798.6336,5205,770
"Clay County, Nebraska",31035,NE,Clay,No qualifying Interstate/freeway mainline section in HPMS filter,2024,0,0,0,0,0,0,0,0,0,0,0,0,0,0
"Colfax County, Nebraska",31037,NE,Colfax,Direct FIPS match,2024,18.85,173474.26,12.06379027,9202.8785,11288,0.0,0.0,0.0,,18.85,173474.26,9202.8785,11288,272
"Cuming County, Nebraska",31039,NE,Cuming,No qualifying Interstate/freeway mainline section in HPMS filter,2024,0,0,0,0,0,0,0,0,0,0,0,0,0,0
"Custer County, Nebraska",31041,NE,Custer,No qualifying Interstate/freeway mainline section in HPMS filter,2024,0,0,0,0,0,0,0,0,0,0,0,0,0,0
"Dakota County, Nebraska",31043,NE,Dakota,Direct FIPS match,2024,9.68,152142.35,11.93257845,15717.1849,36790,3.21,58508.35,18226.9003,23435,6.47,93634.0,14472.0247,36790,244
"Dawes County, Nebraska",31045,NE,Dawes,No qualifying Interstate/freeway mainline section in HPMS filter,2024,0,0,0,0,0,0,0,0,0,0,0,0,0,0
"Dawson County, Nebraska",31047,NE,Dawson,Direct FIPS match,2024,46.87,859943.7,13.66462336,18347.4227,19110,46.87,859943.7,18347.4227,19110,0.0,0.0,0.0,,668
"Deuel County, Nebraska",31049,NE,Deuel,Direct FIPS match,2024,33.44,319873.42,12.67568376,9565.5927,15845,33.44,319873.42,9565.5927,15845,0.0,0.0,0.0,,601
"Dixon County, Nebraska",31051,NE,Dixon,No qualifying Interstate/freeway mainline section in HPMS filter,2024,0,0,0,0,0,0,0,0,0,0,0,0,0,0
"Dodge County, Nebraska",31053,NE,Dodge,Direct FIPS match,2024,26.68,307354.83,12.63576141,11520.0461,22930,0.0,0.0,0.0,,26.68,307354.83,11520.0461,22930,422
"Douglas County, Nebraska",31055,NE,Douglas,Direct FIPS match,2024,84.8,5371737.63,15.49666218,63345.9626,183605,29.85,3123480.88,104639.2255,183605,54.95,2248256.75,40914.5905,139003,2473
"Dundy County, Nebraska",31057,NE,Dundy,No qualifying Interstate/freeway mainline section in HPMS filter,2024,0,0,0,0,0,0,0,0,0,0,0,0,0,0
"Fillmore County, Nebraska",31059,NE,Fillmore,Direct FIPS match,2024,24.85,147034.72,11.89843083,5916.8901,6825,0.0,0.0,0.0,,24.85,147034.72,5916.8901,6825,379
"Franklin County, Nebraska",31061,NE,Franklin,No qualifying Interstate/freeway mainline section in HPMS filter,2024,0,0,0,0,0,0,0,0,0,0,0,0,0,0
"Frontier County, Nebraska",31063,NE,Frontier,No qualifying Interstate/freeway mainline section in HPMS filter,2024,0,0,0,0,0,0,0,0,0,0,0,0,0,0
"Furnas County, Nebraska",31065,NE,Furnas,No qualifying Interstate/freeway mainline section in HPMS filter,2024,0,0,0,0,0,0,0,0,0,0,0,0,0,0
"Gage County, Nebraska",31067,NE,Gage,Direct FIPS match,2024,18.03,169318.9,12.0395451,9390.954,18290,0.0,0.0,0.0,,18.03,169318.9,9390.954,18290,358
"Garden County, Nebraska",31069,NE,Garden,No qualifying Interstate/freeway mainline section in HPMS filter,2024,0,0,0,0,0,0,0,0,0,0,0,0,0,0
"Garfield County, Nebraska",31071,NE,Garfield,No qualifying Interstate/freeway mainline section in HPMS filter,2024,0,0,0,0,0,0,0,0,0,0,0,0,0,0
"Gosper County, Nebraska",31073,NE,Gosper,No qualifying Interstate/freeway mainline section in HPMS filter,2024,0,0,0,0,0,0,0,0,0,0,0,0,0,0
"Grant County, Nebraska",31075,NE,Grant,No qualifying Interstate/freeway mainline section in HPMS filter,2024,0,0,0,0,0,0,0,0,0,0,0,0,0,0
"Greeley County, Nebraska",31077,NE,Greeley,No qualifying Interstate/freeway mainline section in HPMS filter,2024,0,0,0,0,0,0,0,0,0,0,0,0,0,0
"Hall County, Nebraska",31079,NE,Hall,Direct FIPS match,2024,37.91,770604.63,13.55493202,20327.2126,25820,24.82,584652.0,23555.6809,25820,13.09,185952.63,14205.7013,17465,648
"Hamilton County, Nebraska",31081,NE,Hamilton,Direct FIPS match,2024,23.95,618325.58,13.33477204,25817.352,26205,23.95,618325.58,25817.352,26205,0.0,0.0,0.0,,435
"Harlan County, Nebraska",31083,NE,Harlan,No qualifying Interstate/freeway mainline section in HPMS filter,2024,0,0,0,0,0,0,0,0,0,0,0,0,0,0
"Hayes County, Nebraska",31085,NE,Hayes,No qualifying Interstate/freeway mainline section in HPMS filter,2024,0,0,0,0,0,0,0,0,0,0,0,0,0,0
"Hitchcock County, Nebraska",31087,NE,Hitchcock,No qualifying Interstate/freeway mainline section in HPMS filter,2024,0,0,0,0,0,0,0,0,0,0,0,0,0,0
"Holt County, Nebraska",31089,NE,Holt,No qualifying Interstate/freeway mainline section in HPMS filter,2024,0,0,0,0,0,0,0,0,0,0,0,0,0,0
"Hooker County, Nebraska",31091,NE,Hooker,No qualifying Interstate/freeway mainline section in HPMS filter,2024,0,0,0,0,0,0,0,0,0,0,0,0,0,0
"Howard County, Nebraska",31093,NE,Howard,No qualifying Interstate/freeway mainline section in HPMS filter,2024,0,0,0,0,0,0,0,0,0,0,0,0,0,0
"Jefferson County, Nebraska",31095,NE,Jefferson,No qualifying Interstate/freeway mainline section in HPMS filter,2024,0,0,0,0,0,0,0,0,0,0,0,0,0,0
"Johnson County, Nebraska",31097,NE,Johnson,No qualifying Interstate/freeway mainline section in HPMS filter,2024,0,0,0,0,0,0,0,0,0,0,0,0,0,0
"Kearney County, Nebraska",31099,NE,Kearney,No qualifying Interstate/freeway mainline section in HPMS filter,2024,0,0,0,0,0,0,0,0,0,0,0,0,0,0
"Keith County, Nebraska",31101,NE,Keith,Direct FIPS match,2024,41.93,700701.44,13.4598386,16711.2197,17677,41.93,700701.44,16711.2197,17677,0.0,0.0,0.0,,625
"Keya Paha County, Nebraska",31103,NE,Keya Paha,No qualifying Interstate/freeway mainline section in HPMS filter,2024,0,0,0,0,0,0,0,0,0,0,0,0,0,0
"Kimball County, Nebraska",31105,NE,Kimball,Direct FIPS match,2024,48.65,344418.51,12.7496157,7079.5172,9160,35.71,318576.0,8921.1985,9160,12.94,25842.51,1997.1028,2252,799
"Knox County, Nebraska",31107,NE,Knox,No qualifying Interstate/freeway mainline section in HPMS filter,2024,0,0,0,0,0,0,0,0,0,0,0,0,0,0
"Lancaster County, Nebraska",31109,NE,Lancaster,Direct FIPS match,2024,73.67,1980897.12,14.4990609,26888.7895,54465,29.96,1335950.3,44591.1315,54465,43.71,644946.82,14755.132,43625,1466
"Lincoln County, Nebraska",31111,NE,Lincoln,Direct FIPS match,2024,58.02,1045261.0,13.85977813,18015.5291,18340,58.02,1045261.0,18015.5291,18340,0.0,0.0,0.0,,880
"Logan County, Nebraska",31113,NE,Logan,No qualifying Interstate/freeway mainline section in HPMS filter,2024,0,0,0,0,0,0,0,0,0,0,0,0,0,0
"Loup County, Nebraska",31115,NE,Loup,No qualifying Interstate/freeway mainline section in HPMS filter,2024,0,0,0,0,0,0,0,0,0,0,0,0,0,0
"McPherson County, Nebraska",31117,NE,McPherson,Direct FIPS match,2024,19.82,202679.8,12.21938761,10226.0242,18170,0.0,0.0,0.0,,19.82,202679.8,10226.0242,18170,290
"Madison County, Nebraska",31119,NE,Madison,No qualifying Interstate/freeway mainline section in HPMS filter,2024,0,0,0,0,0,0,0,0,0,0,0,0,0,0
"Merrick County, Nebraska",31121,NE,Merrick,No qualifying Interstate/freeway mainline section in HPMS filter,2024,0,0,0,0,0,0,0,0,0,0,0,0,0,0
"Morrill County, Nebraska",31123,NE,Morrill,No qualifying Interstate/freeway mainline section in HPMS filter,2024,0,0,0,0,0,0,0,0,0,0,0,0,0,0
"Nance County, Nebraska",31125,NE,Nance,No qualifying Interstate/freeway mainline section in HPMS filter,2024,0,0,0,0,0,0,0,0,0,0,0,0,0,0
"Nemaha County, Nebraska",31127,NE,Nemaha,No qualifying Interstate/freeway mainline section in HPMS filter,2024,0,0,0,0,0,0,0,0,0,0,0,0,0,0
"Nuckolls County, Nebraska",31129,NE,Nuckolls,No qualifying Interstate/freeway mainline section in HPMS filter,2024,0,0,0,0,0,0,0,0,0,0,0,0,0,0
"Otoe County, Nebraska",31131,NE,Otoe,Direct FIPS match,2024,35.88,348789.15,12.76222573,9720.9908,13390,0.0,0.0,0.0,,35.88,348789.15,9720.9908,13390,486
"Pawnee County, Nebraska",31133,NE,Pawnee,No qualifying Interstate/freeway mainline section in HPMS filter,2024,0,0,0,0,0,0,0,0,0,0,0,0,0,0
"Perkins County, Nebraska",31135,NE,Perkins,No qualifying Interstate/freeway mainline section in HPMS filter,2024,0,0,0,0,0,0,0,0,0,0,0,0,0,0
"Phelps County, Nebraska",31137,NE,Phelps,No qualifying Interstate/freeway mainline section in HPMS filter,2024,0,0,0,0,0,0,0,0,0,0,0,0,0,0
"Pierce County, Nebraska",31139,NE,Pierce,No qualifying Interstate/freeway mainline section in HPMS filter,2024,0,0,0,0,0,0,0,0,0,0,0,0,0,0
"Platte County, Nebraska",31141,NE,Platte,Direct FIPS match,2024,30.15,292865.38,12.58747174,9713.6113,22200,0.0,0.0,0.0,,30.15,292865.38,9713.6113,22200,525
"Polk County, Nebraska",31143,NE,Polk,No qualifying Interstate/freeway mainline section in HPMS filter,2024,0,0,0,0,0,0,0,0,0,0,0,0,0,0
"Red Willow County, Nebraska",31145,NE,Red Willow,No qualifying Interstate/freeway mainline section in HPMS filter,2024,0,0,0,0,0,0,0,0,0,0,0,0,0,0
"Richardson County, Nebraska",31147,NE,Richardson,No qualifying Interstate/freeway mainline section in HPMS filter,2024,0,0,0,0,0,0,0,0,0,0,0,0,0,0
"Rock County, Nebraska",31149,NE,Rock,No qualifying Interstate/freeway mainline section in HPMS filter,2024,0,0,0,0,0,0,0,0,0,0,0,0,0,0
"Saline County, Nebraska",31151,NE,Saline,No qualifying Interstate/freeway mainline section in HPMS filter,2024,0,0,0,0,0,0,0,0,0,0,0,0,0,0
"Sarpy County, Nebraska",31153,NE,Sarpy,Direct FIPS match,2024,51.86,2020331.85,14.51877283,38957.4209,115575,16.18,999829.07,61794.1329,115575,35.68,1020502.78,28601.5353,76495,1013
"Saunders County, Nebraska",31155,NE,Saunders,Direct FIPS match,2024,14.67,115015.94,11.6528347,7840.214,8958,0.0,0.0,0.0,,14.67,115015.94,7840.214,8958,239
"Scotts Bluff County, Nebraska",31157,NE,Scotts Bluff,Direct FIPS match,2024,31.04,195046.72,12.18099953,6283.7216,15425,0.0,0.0,0.0,,31.04,195046.72,6283.7216,15425,490
"Seward County, Nebraska",31159,NE,Seward,Direct FIPS match,2024,24.01,741578.06,13.51653706,30886.2166,35805,24.01,741578.06,30886.2166,35805,0.0,0.0,0.0,,474
"Sheridan County, Nebraska",31161,NE,Sheridan,No qualifying Interstate/freeway mainline section in HPMS filter,2024,0,0,0,0,0,0,0,0,0,0,0,0,0,0
"Sherman County, Nebraska",31163,NE,Sherman,No qualifying Interstate/freeway mainline section in HPMS filter,2024,0,0,0,0,0,0,0,0,0,0,0,0,0,0
"Sioux County, Nebraska",31165,NE,Sioux,No qualifying Interstate/freeway mainline section in HPMS filter,2024,0,0,0,0,0,0,0,0,0,0,0,0,0,0
"Stanton County, Nebraska",31167,NE,Stanton,No qualifying Interstate/freeway mainline section in HPMS filter,2024,0,0,0,0,0,0,0,0,0,0,0,0,0,0
"Thayer County, Nebraska",31169,NE,Thayer,Direct FIPS match,2024,25.49,126761.65,11.75007172,4972.9953,5885,0.0,0.0,0.0,,25.49,126761.65,4972.9953,5885,379
"Thomas County, Nebraska",31171,NE,Thomas,No qualifying Interstate/freeway mainline section in HPMS filter,2024,0,0,0,0,0,0,0,0,0,0,0,0,0,0
"Thurston County, Nebraska",31173,NE,Thurston,No qualifying Interstate/freeway mainline section in HPMS filter,2024,0,0,0,0,0,0,0,0,0,0,0,0,0,0
"Valley County, Nebraska",31175,NE,Valley,No qualifying Interstate/freeway mainline section in HPMS filter,2024,0,0,0,0,0,0,0,0,0,0,0,0,0,0
"Washington County, Nebraska",31177,NE,Washington,Direct FIPS match,2024,9.42,94174.61,11.45291651,9997.3047,13265,0.0,0.0,0.0,,9.42,94174.61,9997.3047,13265,162
"Wayne County, Nebraska",31179,NE,Wayne,No qualifying Interstate/freeway mainline section in HPMS filter,2024,0,0,0,0,0,0,0,0,0,0,0,0,0,0
"Webster County, Nebraska",31181,NE,Webster,No qualifying Interstate/freeway mainline section in HPMS filter,2024,0,0,0,0,0,0,0,0,0,0,0,0,0,0
"Wheeler County, Nebraska",31183,NE,Wheeler,No qualifying Interstate/freeway mainline section in HPMS filter,2024,0,0,0,0,0,0,0,0,0,0,0,0,0,0
"York County, Nebraska",31185,NE,York,Direct FIPS match,2024,39.21,777481.25,13.56381609,19828.647,28745,23.97,662622.25,27643.8152,28745,15.24,114859.0,7536.6798,12759,685
"Churchill County, Nevada",32001,NV,Churchill,Direct FIPS match,2024,27.7096,254240.7948,12.44604104,9175.1882,9772,27.7096,254240.7948,9175.1882,9772,0.0,0.0,0.0,,289
"Clark County, Nevada",32003,NV,Clark,Direct FIPS match,2024,212.9942,16155046.743,16.59774311,75847.3552,287905,189.6674,14066279.28,74162.8729,287905,23.3268,2088767.463,89543.6778,210762,2694
"Douglas County, Nevada",32005,NV,Douglas,No qualifying Interstate/freeway mainline section in HPMS filter,2024,0,0,0,0,0,0,0,0,0,0,0,0,0,0
"Elko County, Nevada",32007,NV,Elko,Direct FIPS match,2024,132.6743,1064303.762,13.87783234,8021.9286,17804,132.6743,1064303.762,8021.9286,17804,0.0,0.0,0.0,,1495
"Esmeralda County, Nevada",32009,NV,Esmeralda,No qualifying Interstate/freeway mainline section in HPMS filter,2024,0,0,0,0,0,0,0,0,0,0,0,0,0,0
"Eureka County, Nevada",32011,NV,Eureka,Direct FIPS match,2024,25.8151,228089.3639,12.33749716,8835.5019,12038,25.8151,228089.3639,8835.5019,12038,0.0,0.0,0.0,,277
"Humboldt County, Nevada",32013,NV,Humboldt,Direct FIPS match,2024,61.3581,501147.2595,13.12465726,8167.5811,9175,61.3581,501147.2595,8167.5811,9175,0.0,0.0,0.0,,654
"Lander County, Nevada",32015,NV,Lander,Direct FIPS match,2024,26.8554,218475.7344,12.29443481,8135.2627,8570,26.8554,218475.7344,8135.2627,8570,0.0,0.0,0.0,,285
"Lincoln County, Nevada",32017,NV,Lincoln,No qualifying Interstate/freeway mainline section in HPMS filter,2024,0,0,0,0,0,0,0,0,0,0,0,0,0,0
"Lyon County, Nevada",32019,NV,Lyon,Direct FIPS match,2024,15.9077,202485.6925,12.21842945,12728.785,28948,15.9077,202485.6925,12728.785,28948,0.0,0.0,0.0,,173
"Mineral County, Nevada",32021,NV,Mineral,No qualifying Interstate/freeway mainline section in HPMS filter,2024,0,0,0,0,0,0,0,0,0,0,0,0,0,0
"Nye County, Nevada",32023,NV,Nye,No qualifying Interstate/freeway mainline section in HPMS filter,2024,0,0,0,0,0,0,0,0,0,0,0,0,0,0
"Pershing County, Nevada",32027,NV,Pershing,Direct FIPS match,2024,75.0701,706618.4381,13.46824752,9412.7814,9887,75.0701,706618.4381,9412.7814,9887,0.0,0.0,0.0,,804
"Storey County, Nevada",32029,NV,Storey,No qualifying Interstate/freeway mainline section in HPMS filter,2024,0,0,0,0,0,0,0,0,0,0,0,0,0,0
"Washoe County, Nevada",32031,NV,Washoe,Direct FIPS match,2024,86.723,4827813.9586,15.38990453,55669.3606,174418,70.8274,4005525.206,56553.3283,174418,15.8956,822288.7526,51730.5891,117961,1125
"White Pine County, Nevada",32033,NV,White Pine,No qualifying Interstate/freeway mainline section in HPMS filter,2024,0,0,0,0,0,0,0,0,0,0,0,0,0,0
"Carson City, Nevada",32510,NV,Carson City,Direct FIPS match,2024,9.2913,386973.8431,12.86611496,41649.0527,46500,9.2913,386973.8431,41649.0527,46500,0.0,0.0,0.0,,115
"Belknap County, New Hampshire",33001,NH,Belknap,Direct FIPS match,2024,17.604,478797.232,13.07903456,27198.2068,34349,17.604,478797.232,27198.2068,34349,0.0,0.0,0.0,,211
"Carroll County, New Hampshire",33003,NH,Carroll,No qualifying Interstate/freeway mainline section in HPMS filter,2024,0,0,0,0,0,0,0,0,0,0,0,0,0,0
"Cheshire County, New Hampshire",33005,NH,Cheshire,No qualifying Interstate/freeway mainline section in HPMS filter,2024,0,0,0,0,0,0,0,0,0,0,0,0,0,0
"Coos County, New Hampshire",33007,NH,Coos,No qualifying Interstate/freeway mainline section in HPMS filter,2024,0,0,0,0,0,0,0,0,0,0,0,0,0,0
"Grafton County, New Hampshire",33009,NH,Grafton,Direct FIPS match,2024,70.2048,1143711.605,13.9497902,16291.0742,44166,70.2048,1143711.605,16291.0742,44166,0.0,0.0,0.0,,950
"Hillsborough County, New Hampshire",33011,NH,Hillsborough,Direct FIPS match,2024,42.7303,3102005.652,14.94755977,72594.9888,151093,17.5676,1178828.963,67102.4479,116694,25.1627,1923176.689,76429.6633,151093,595
"Merrimack County, New Hampshire",33013,NH,Merrimack,Direct FIPS match,2024,75.1633,2973257.818,14.90516915,39557.3081,110951,75.1633,2973257.818,39557.3081,110951,0.0,0.0,0.0,,980
"Rockingham County, New Hampshire",33015,NH,Rockingham,Direct FIPS match,2024,69.7154,4720814.771,15.36749218,67715.523,154663,32.9579,3023263.653,91731.0767,154663,36.7575,1697551.118,46182.4422,82570,940
"Strafford County, New Hampshire",33017,NH,Strafford,Direct FIPS match,2024,18.896,790105.17,13.57992261,41813.3557,82570,0.0,0.0,0.0,,18.896,790105.17,41813.3557,82570,252
"Sullivan County, New Hampshire",33019,NH,Sullivan,Direct FIPS match,2024,11.508,236921.197,12.37548708,20587.5215,22053,11.508,236921.197,20587.5215,22053,0.0,0.0,0.0,,150
"Atlantic County, New Jersey",34001,NJ,Atlantic,Direct FIPS match,2024,52.66,2114920.0,14.56452802,40161.7926,57635,0.0,0.0,0.0,,52.66,2114920.0,40161.7926,57635,651
"Bergen County, New Jersey",34003,NJ,Bergen,Direct FIPS match,2024,98.0276,9533718.217,16.07034546,97255.4486,274543,32.8976,4034085.487,122625.5255,274543,65.13,5499632.73,84440.8526,164443,1443
"Burlington County, New Jersey",34005,NJ,Burlington,Direct FIPS match,2024,58.858,5221037.31,15.46820685,88705.6528,149605,33.478,3429438.68,102438.577,149605,25.38,1791598.63,70590.9626,88511,739
"Camden County, New Jersey",34007,NJ,Camden,Direct FIPS match,2024,48.8498,3954237.336,15.19029856,80946.848,189081,17.8998,2065070.866,115368.3765,179099,30.95,1889166.47,61039.3044,189081,706
"Cape May County, New Jersey",34009,NJ,Cape May,Direct FIPS match,2024,27.72,749187.86,13.52674638,27026.9791,39942,0.0,0.0,0.0,,27.72,749187.86,27026.9791,39942,340
"Cumberland County, New Jersey",34011,NJ,Cumberland,Direct FIPS match,2024,18.32,565710.08,13.24583877,30879.3712,44219,0.0,0.0,0.0,,18.32,565710.08,30879.3712,44219,237
"Essex County, New Jersey",34013,NJ,Essex,Direct FIPS match,2024,51.0,6495611.654,15.68663753,127364.9344,243610,28.81,3631402.464,126046.5972,243610,22.19,2864209.19,129076.5746,181852,748
"Gloucester County, New Jersey",34015,NJ,Gloucester,Direct FIPS match,2024,58.95,3677328.15,15.11769727,62380.4606,189081,16.83,1233489.53,73291.1188,101946,42.12,2443838.62,58020.8599,189081,743
"Hudson County, New Jersey",34017,NJ,Hudson,Direct FIPS match,2024,28.9498,2674936.81,14.79943669,92399.1465,164443,20.3898,1876010.19,92007.2875,134821,8.56,798926.62,93332.5491,164443,456
"Hunterdon County, New Jersey",34019,NJ,Hunterdon,Direct FIPS match,2024,20.28,1847837.6,14.42952719,91116.2525,112129,19.65,1842005.09,93740.717,112129,0.63,5832.51,9257.9524,12517,322
"Mercer County, New Jersey",34021,NJ,Mercer,Direct FIPS match,2024,58.0399,4563001.758,15.33349146,78618.3601,166392,39.0799,3811165.008,97522.3838,166392,18.96,751836.75,39653.837,79890,879
"Middlesex County, New Jersey",34023,NJ,Middlesex,Direct FIPS match,2024,62.36,10375849.972,16.15499164,166386.3049,249236,37.72,6748589.352,178912.7612,249236,24.64,3627260.62,147210.2524,232572,859
"Monmouth County, New Jersey",34025,NJ,Monmouth,Direct FIPS match,2024,78.8349,6405042.1703,15.67259623,81246.2776,171543,16.8149,840100.0003,49961.6412,64586,62.02,5564942.17,89728.1872,171543,1034
"Morris County, New Jersey",34027,NJ,Morris,Direct FIPS match,2024,62.04,6770951.36,15.72815231,109138.481,199281,52.27,6036857.96,115493.7433,199281,9.77,734093.4,75137.5026,89296,844
"Ocean County, New Jersey",34029,NJ,Ocean,Direct FIPS match,2024,47.51,3609452.84,15.09906703,75972.4866,149119,8.92,370448.75,41530.1289,42836,38.59,3239004.09,83933.7676,149119,583
"Passaic County, New Jersey",34031,NJ,Passaic,Direct FIPS match,2024,29.91,3000061.59,14.91414371,100302.9619,180376,10.86,1338368.57,123238.3582,180376,19.05,1661693.02,87227.9801,151054,480
"Salem County, New Jersey",34033,NJ,Salem,Direct FIPS match,2024,17.22,784921.42,13.57334016,45581.964,48992,8.93,382743.01,42860.3595,48992,8.29,402178.41,48513.6803,48609,236
"Somerset County, New Jersey",34035,NJ,Somerset,Direct FIPS match,2024,35.97,3613503.94,15.10018876,100458.8251,139989,35.97,3613503.94,100458.8251,139989,0.0,0.0,0.0,,461
"Sussex County, New Jersey",34037,NJ,Sussex,Direct FIPS match,2024,0.85,51338.36,10.84621299,60398.0706,60820,0.83,50480.6,60820.0,60820,0.02,857.76,42888.0,42888,16
"Union County, New Jersey",34039,NJ,Union,Direct FIPS match,2024,33.4699,5579753.575,15.53465535,166709.598,267183,20.7299,3337156.425,160982.7556,267183,12.74,2242597.15,176028.0338,236806,512
"Warren County, New Jersey",34041,NJ,Warren,Direct FIPS match,2024,30.116,2059903.17,14.53817002,68398.963,91464,29.48,2042613.51,69288.1109,91464,0.636,17289.66,27185.0,27185,448
"Bernalillo County, New Mexico",35001,NM,Bernalillo,Direct FIPS match,2024,79.4084,5229158.235,15.46976106,65851.4494,236778,79.4084,5229158.235,65851.4494,236778,0.0,0.0,0.0,,1223
"Catron County, New Mexico",35003,NM,Catron,No qualifying Interstate/freeway mainline section in HPMS filter,2024,0,0,0,0,0,0,0,0,0,0,0,0,0,0
"Chaves County, New Mexico",35005,NM,Chaves,No qualifying Interstate/freeway mainline section in HPMS filter,2024,0,0,0,0,0,0,0,0,0,0,0,0,0,0
"Cibola County, New Mexico",35006,NM,Cibola,Direct FIPS match,2024,62.9427,1728528.9,14.36278184,27461.944,30044,62.9427,1728528.9,27461.944,30044,0.0,0.0,0.0,,736
"Colfax County, New Mexico",35007,NM,Colfax,Direct FIPS match,2024,57.8944,405811.275,12.91364595,7009.5083,12691,57.8944,405811.275,7009.5083,12691,0.0,0.0,0.0,,718
"Curry County, New Mexico",35009,NM,Curry,No qualifying Interstate/freeway mainline section in HPMS filter,2024,0,0,0,0,0,0,0,0,0,0,0,0,0,0
"De Baca County, New Mexico",35011,NM,De Baca,No qualifying Interstate/freeway mainline section in HPMS filter,2024,0,0,0,0,0,0,0,0,0,0,0,0,0,0
"Doña Ana County, New Mexico",35013,NM,Doña Ana,Direct FIPS match,2024,117.7462,2603570.5974,14.77239475,22111.7165,49829,106.0405,2298776.723,21678.2901,49829,11.7057,304793.8744,26038.0733,48049,1487
"Eddy County, New Mexico",35015,NM,Eddy,No qualifying Interstate/freeway mainline section in HPMS filter,2024,0,0,0,0,0,0,0,0,0,0,0,0,0,0
"Grant County, New Mexico",35017,NM,Grant,Direct FIPS match,2024,20.2151,322296.7563,12.68323111,15943.3669,17698,20.2151,322296.7563,15943.3669,17698,0.0,0.0,0.0,,230
"Guadalupe County, New Mexico",35019,NM,Guadalupe,Direct FIPS match,2024,68.7808,1513213.863,14.22974699,22000.5272,24003,68.7808,1513213.863,22000.5272,24003,0.0,0.0,0.0,,762
"Harding County, New Mexico",35021,NM,Harding,No qualifying Interstate/freeway mainline section in HPMS filter,2024,0,0,0,0,0,0,0,0,0,0,0,0,0,0
"Hidalgo County, New Mexico",35023,NM,Hidalgo,Direct FIPS match,2024,34.2905,592322.3187,13.29180791,17273.6565,20136,34.2905,592322.3187,17273.6565,20136,0.0,0.0,0.0,,409
"Lea County, New Mexico",35025,NM,Lea,No qualifying Interstate/freeway mainline section in HPMS filter,2024,0,0,0,0,0,0,0,0,0,0,0,0,0,0
"Lincoln County, New Mexico",35027,NM,Lincoln,No qualifying Interstate/freeway mainline section in HPMS filter,2024,0,0,0,0,0,0,0,0,0,0,0,0,0,0
"Los Alamos County, New Mexico",35028,NM,Los Alamos,No qualifying Interstate/freeway mainline section in HPMS filter,2024,0,0,0,0,0,0,0,0,0,0,0,0,0,0
"Luna County, New Mexico",35029,NM,Luna,Direct FIPS match,2024,55.6476,1047888.316,13.86228852,18830.7908,20497,55.6476,1047888.316,18830.7908,20497,0.0,0.0,0.0,,706
"McKinley County, New Mexico",35031,NM,McKinley,Direct FIPS match,2024,69.0787,1682714.874,14.33591964,24359.3883,31948,69.0787,1682714.874,24359.3883,31948,0.0,0.0,0.0,,888
"Mora County, New Mexico",35033,NM,Mora,Direct FIPS match,2024,38.5914,209194.2057,12.25102309,5420.7467,6415,38.5914,209194.2057,5420.7467,6415,0.0,0.0,0.0,,452
"Otero County, New Mexico",35035,NM,Otero,No qualifying Interstate/freeway mainline section in HPMS filter,2024,0,0,0,0,0,0,0,0,0,0,0,0,0,0
"Quay County, New Mexico",35037,NM,Quay,Direct FIPS match,2024,65.1416,1205479.244,14.00238859,18505.521,22327,65.1416,1205479.244,18505.521,22327,0.0,0.0,0.0,,759
"Rio Arriba County, New Mexico",35039,NM,Rio Arriba,No qualifying Interstate/freeway mainline section in HPMS filter,2024,0,0,0,0,0,0,0,0,0,0,0,0,0,0
"Roosevelt County, New Mexico",35041,NM,Roosevelt,No qualifying Interstate/freeway mainline section in HPMS filter,2024,0,0,0,0,0,0,0,0,0,0,0,0,0,0
"Sandoval County, New Mexico",35043,NM,Sandoval,Direct FIPS match,2024,28.1389,1348561.926,14.11455008,47925.1828,71553,28.1389,1348561.926,47925.1828,71553,0.0,0.0,0.0,,345
"San Juan County, New Mexico",35045,NM,San Juan,No qualifying Interstate/freeway mainline section in HPMS filter,2024,0,0,0,0,0,0,0,0,0,0,0,0,0,0
"San Miguel County, New Mexico",35047,NM,San Miguel,Direct FIPS match,2024,61.1415,513267.7332,13.14855483,8394.7521,12374,61.1415,513267.7332,8394.7521,12374,0.0,0.0,0.0,,719
"Santa Fe County, New Mexico",35049,NM,Santa Fe,Direct FIPS match,2024,46.8134,1294373.82,14.07353837,27649.6435,44943,46.8134,1294373.82,27649.6435,44943,0.0,0.0,0.0,,592
"Sierra County, New Mexico",35051,NM,Sierra,Direct FIPS match,2024,52.0957,385593.1655,12.86254071,7401.6313,9177,52.0957,385593.1655,7401.6313,9177,0.0,0.0,0.0,,683
"Socorro County, New Mexico",35053,NM,Socorro,Direct FIPS match,2024,81.3634,752595.9055,13.53128505,9249.8089,13700,81.3634,752595.9055,9249.8089,13700,0.0,0.0,0.0,,991
"Taos County, New Mexico",35055,NM,Taos,No qualifying Interstate/freeway mainline section in HPMS filter,2024,0,0,0,0,0,0,0,0,0,0,0,0,0,0
"Torrance County, New Mexico",35057,NM,Torrance,Direct FIPS match,2024,48.5079,1199409.016,13.99734034,24726.0553,32470,48.5079,1199409.016,24726.0553,32470,0.0,0.0,0.0,,540
"Union County, New Mexico",35059,NM,Union,No qualifying Interstate/freeway mainline section in HPMS filter,2024,0,0,0,0,0,0,0,0,0,0,0,0,0,0
"Valencia County, New Mexico",35061,NM,Valencia,Direct FIPS match,2024,23.3294,478563.568,13.07854642,20513.3252,35367,23.3294,478563.568,20513.3252,35367,0.0,0.0,0.0,,310
"Albany County, New York",36001,NY,Albany,Direct FIPS match,2024,70.8983,4023613.6639,15.20769123,56751.9061,109263,52.3404,3434155.041,65611.9373,109263,18.5579,589458.6229,31763.218,69086,1458
"Allegany County, New York",36003,NY,Allegany,Direct FIPS match,2024,34.4107,237741.7525,12.3789445,6908.9485,9692,34.4107,237741.7525,6908.9485,9692,0.0,0.0,0.0,,420
"Bronx County, New York",36005,NY,Bronx,Direct FIPS match,2024,48.4558,4857286.151,15.39599064,100241.5841,184220,32.1878,3508012.038,108985.766,184220,16.268,1349274.113,82940.3807,120473,1041
"Broome County, New York",36007,NY,Broome,Direct FIPS match,2024,121.3849,2619579.5569,14.77852477,21580.7696,68481,85.8601,1731585.557,20167.5232,51739,35.5248,887993.9999,24996.4532,68481,2348
"Cattaraugus County, New York",36009,NY,Cattaraugus,Direct FIPS match,2024,58.735,615294.864,13.32985851,10475.7787,12327,58.158,612347.548,10529.0338,12327,0.577,2947.316,5108.0,5108,856
"Cayuga County, New York",36011,NY,Cayuga,Direct FIPS match,2024,13.3196,484072.2052,13.08999142,36342.8485,39262,12.6156,480103.6872,38056.3499,39262,0.704,3968.518,5637.0994,5789,175
"Chautauqua County, New York",36013,NY,Chautauqua,Direct FIPS match,2024,79.5519,1351935.295,14.11704842,16994.381,28641,79.5519,1351935.295,16994.381,28641,0.0,0.0,0.0,,1053
"Chemung County, New York",36015,NY,Chemung,Direct FIPS match,2024,27.532,720331.36,13.487468,26163.4229,36563,27.532,720331.36,26163.4229,36563,0.0,0.0,0.0,,394
"Chenango County, New York",36017,NY,Chenango,Direct FIPS match,2024,13.1658,144442.1214,11.88064109,10971.0098,11533,13.1658,144442.1214,10971.0098,11533,0.0,0.0,0.0,,173
"Clinton County, New York",36019,NY,Clinton,Direct FIPS match,2024,37.82,446809.75,13.00989041,11814.1129,20532,37.82,446809.75,11814.1129,20532,0.0,0.0,0.0,,485
"Columbia County, New York",36021,NY,Columbia,Direct FIPS match,2024,47.2206,533873.9624,13.18791694,11305.9547,27747,15.335,385062.9,25110.0685,27747,31.8856,148811.0624,4667.0303,7174,562
"Cortland County, New York",36023,NY,Cortland,Direct FIPS match,2024,29.3487,722916.7006,13.49105066,24631.9837,31638,29.3487,722916.7006,24631.9837,31638,0.0,0.0,0.0,,372
"Delaware County, New York",36025,NY,Delaware,Direct FIPS match,2024,37.679,290124.917,12.5780703,7699.9102,12291,13.652,159238.458,11664.1121,12291,24.027,130886.459,5447.4741,8431,494
"Dutchess County, New York",36027,NY,Dutchess,Direct FIPS match,2024,59.6469,1830369.2867,14.42002885,30686.7463,55007,18.2,947788.62,52076.2978,55007,41.4469,882580.6667,21294.2504,46752,817
"Erie County, New York",36029,NY,Erie,Direct FIPS match,2024,149.3049,7770137.355,15.86579853,52042.0787,141109,90.413,5707229.177,63123.9886,141109,58.8919,2062908.178,35028.7251,111928,2512
"Essex County, New York",36031,NY,Essex,Direct FIPS match,2024,57.1189,408486.2289,12.92021593,7151.5073,11101,57.1189,408486.2289,7151.5073,11101,0.0,0.0,0.0,,830
"Franklin County, New York",36033,NY,Franklin,No qualifying Interstate/freeway mainline section in HPMS filter,2024,0,0,0,0,0,0,0,0,0,0,0,0,0,0
"Fulton County, New York",36035,NY,Fulton,No qualifying Interstate/freeway mainline section in HPMS filter,2024,0,0,0,0,0,0,0,0,0,0,0,0,0,0
"Genesee County, New York",36037,NY,Genesee,Direct FIPS match,2024,30.5368,1189557.001,13.98909237,38954.8676,42297,30.5368,1189557.001,38954.8676,42297,0.0,0.0,0.0,,368
"Greene County, New York",36039,NY,Greene,Direct FIPS match,2024,24.1995,747289.9733,13.52420991,30880.389,33386,23.8295,745269.7973,31275.0917,33386,0.37,2020.176,5459.9351,5538,302
"Hamilton County, New York",36041,NY,Hamilton,No qualifying Interstate/freeway mainline section in HPMS filter,2024,0,0,0,0,0,0,0,0,0,0,0,0,0,0
"Herkimer County, New York",36043,NY,Herkimer,Direct FIPS match,2024,35.975,714948.865,13.4799677,19873.4917,27723,24.635,551847.525,22400.9549,27723,11.34,163101.34,14382.8342,15620,484
"Jefferson County, New York",36045,NY,Jefferson,Direct FIPS match,2024,57.9987,760246.8849,13.54139982,13107.9987,28920,57.9987,760246.8849,13107.9987,28920,0.0,0.0,0.0,,850
"Kings County, New York",36047,NY,Kings,Direct FIPS match,2024,37.1834,3862644.323,15.16686282,103880.8803,164800,13.5237,1514210.834,111967.2008,146524,23.6597,2348433.489,99258.8025,164800,714
"Lewis County, New York",36049,NY,Lewis,No qualifying Interstate/freeway mainline section in HPMS filter,2024,0,0,0,0,0,0,0,0,0,0,0,0,0,0
"Livingston County, New York",36051,NY,Livingston,Direct FIPS match,2024,35.914,571229.842,13.25554868,15905.4921,26668,35.914,571229.842,15905.4921,26668,0.0,0.0,0.0,,433
"Madison County, New York",36053,NY,Madison,Direct FIPS match,2024,16.71,673658.46,13.42048001,40314.6894,41170,16.71,673658.46,40314.6894,41170,0.0,0.0,0.0,,216
"Monroe County, New York",36055,NY,Monroe,Direct FIPS match,2024,125.2163,5918575.414,15.59360651,47266.8128,120612,80.3085,4017578.136,50026.8108,120612,44.9078,1900997.278,42331.1157,112161,2014
"Montgomery County, New York",36057,NY,Montgomery,Direct FIPS match,2024,38.4966,838735.348,13.63965169,21787.2578,25130,38.4966,838735.348,21787.2578,25130,0.0,0.0,0.0,,712
"Nassau County, New York",36059,NY,Nassau,Direct FIPS match,2024,100.454,9995006.601,16.11759629,99498.3435,197952,15.703,2651557.994,168856.7786,197952,84.751,7343448.607,86647.3388,193100,1588
"New York County, New York",36061,NY,New York,Direct FIPS match,2024,32.3617,3146314.0596,14.9617425,97223.3863,199968,6.3902,529992.9316,82938.395,199968,25.9715,2616321.128,100738.1602,164930,623
"Niagara County, New York",36063,NY,Niagara,Direct FIPS match,2024,29.5482,390391.581,12.87490813,13212.0258,45673,7.6526,221011.689,28880.6012,45673,21.8956,169379.892,7735.7959,24588,630
"Oneida County, New York",36065,NY,Oneida,Direct FIPS match,2024,92.9731,2039789.233,14.52835753,21939.5635,39954,31.0684,921479.739,29659.7102,39954,61.9047,1118309.494,18065.0176,39706,1489
"Onondaga County, New York",36067,NY,Onondaga,Direct FIPS match,2024,123.9039,4735599.804,15.37061916,38219.9415,92212,90.9699,3943436.364,43348.804,92212,32.934,792163.44,24053.0588,53610,1842
"Ontario County, New York",36069,NY,Ontario,Direct FIPS match,2024,33.0019,1267896.7918,14.0528708,38418.9029,56292,29.0389,1226628.758,42240.8823,56292,3.963,41268.0338,10413.3318,13147,516
"Orange County, New York",36071,NY,Orange,Direct FIPS match,2024,115.7658,6057851.749,15.61686596,52328.5094,84835,71.3969,3728922.123,52228.0676,84835,44.3689,2328929.626,52490.1367,69935,2143
"Orleans County, New York",36073,NY,Orleans,No qualifying Interstate/freeway mainline section in HPMS filter,2024,0,0,0,0,0,0,0,0,0,0,0,0,0,0
"Oswego County, New York",36075,NY,Oswego,Direct FIPS match,2024,40.516,813319.282,13.60888026,20074.0271,33666,30.836,674510.852,21874.1358,33666,9.68,138808.43,14339.7138,19280,502
"Otsego County, New York",36077,NY,Otsego,Direct FIPS match,2024,42.6015,406120.6361,12.91440799,9533.0126,17767,41.2815,396590.4161,9606.9769,17767,1.32,9530.22,7219.8636,12504,518
"Putnam County, New York",36079,NY,Putnam,Direct FIPS match,2024,30.7179,1472997.3122,14.20281055,47952.4093,77050,16.489,1050075.59,63683.4004,77050,14.2289,422921.7222,29722.7278,30878,517
"Queens County, New York",36081,NY,Queens,Direct FIPS match,2024,80.0615,9827753.386,16.10072102,122752.5513,219324,33.7947,3950367.247,116893.1,198755,46.2668,5877386.139,127032.4755,219324,1705
"Rensselaer County, New York",36083,NY,Rensselaer,Direct FIPS match,2024,23.0307,668502.5918,13.41279705,29026.5859,74107,16.9334,583349.2436,34449.6229,74107,6.0973,85153.3482,13965.7468,31071,401
"Richmond County, New York",36085,NY,Richmond,Direct FIPS match,2024,26.7187,2388582.475,14.68621106,89397.4061,167183,10.0772,1380703.705,137012.633,167183,16.6415,1007878.77,60564.1781,102497,529
"Rockland County, New York",36087,NY,Rockland,Direct FIPS match,2024,57.7721,4722268.593,15.36780009,81739.6043,165173,30.5827,3419880.526,111824.0223,165173,27.1894,1302388.067,47900.5814,81038,898
"St. Lawrence County, New York",36089,NY,St. Lawrence,No qualifying Interstate/freeway mainline section in HPMS filter,2024,0,0,0,0,0,0,0,0,0,0,0,0,0,0
"Saratoga County, New York",36091,NY,Saratoga,Direct FIPS match,2024,37.0477,2329662.1021,14.66123422,62882.7728,97886,34.574,2263817.85,65477.4643,97886,2.4737,65844.2521,26617.7192,30052,645
"Schenectady County, New York",36093,NY,Schenectady,Direct FIPS match,2024,39.4189,1029208.1879,13.84430129,26109.5106,47542,36.0909,953275.3879,26413.1786,47542,3.328,75932.8,22816.3462,32040,611
"Schoharie County, New York",36095,NY,Schoharie,Direct FIPS match,2024,20.1206,226247.5316,12.32938937,11244.5718,14886,20.1206,226247.5316,11244.5718,14886,0.0,0.0,0.0,,275
"Schuyler County, New York",36097,NY,Schuyler,No qualifying Interstate/freeway mainline section in HPMS filter,2024,0,0,0,0,0,0,0,0,0,0,0,0,0,0
"Seneca County, New York",36099,NY,Seneca,Direct FIPS match,2024,12.8859,485825.5902,13.09360703,37702.1077,38298,12.8859,485825.5902,37702.1077,38298,0.0,0.0,0.0,,151
"Steuben County, New York",36101,NY,Steuben,Direct FIPS match,2024,87.572,1490836.515,14.21484861,17024.1232,37632,87.572,1490836.515,17024.1232,37632,0.0,0.0,0.0,,1468
"Suffolk County, New York",36103,NY,Suffolk,Direct FIPS match,2024,162.8432,11429986.114,16.25175091,70190.1345,178935,40.547,4664250.199,115033.1763,178935,122.2962,6765735.915,55322.5359,151532,2274
"Sullivan County, New York",36105,NY,Sullivan,Direct FIPS match,2024,45.666,943017.344,13.75684101,20650.3163,41449,0.0,0.0,0.0,,45.666,943017.344,20650.3163,41449,832
"Tioga County, New York",36107,NY,Tioga,Direct FIPS match,2024,28.6189,545825.6709,13.21005675,19072.21,26139,0.297,5788.1328,19488.6626,23916,28.3219,540037.5381,19067.8428,26139,424
"Tompkins County, New York",36109,NY,Tompkins,Direct FIPS match,2024,7.4381,175224.8748,12.07383113,23557.7466,31246,0.0,0.0,0.0,,7.4381,175224.8748,23557.7466,31246,120
"Ulster County, New York",36111,NY,Ulster,Direct FIPS match,2024,44.7707,1754447.0314,14.37766485,39187.3933,42819,40.5439,1623489.077,40042.7457,42819,4.2268,130957.9544,30982.7658,40153,619
"Warren County, New York",36113,NY,Warren,Direct FIPS match,2024,38.443,716551.033,13.48220614,18639.311,44644,38.443,716551.033,18639.311,44644,0.0,0.0,0.0,,478
"Washington County, New York",36115,NY,Washington,No qualifying Interstate/freeway mainline section in HPMS filter,2024,0,0,0,0,0,0,0,0,0,0,0,0,0,0
"Wayne County, New York",36117,NY,Wayne,No qualifying Interstate/freeway mainline section in HPMS filter,2024,0,0,0,0,0,0,0,0,0,0,0,0,0,0
"Westchester County, New York",36119,NY,Westchester,Direct FIPS match,2024,173.896,12367631.398,16.33059333,71120.8504,165173,63.2317,5629430.09,89028.6057,165173,110.6643,6738201.308,60888.6634,146671,3113
"Wyoming County, New York",36121,NY,Wyoming,No qualifying Interstate/freeway mainline section in HPMS filter,2024,0,0,0,0,0,0,0,0,0,0,0,0,0,0
"Yates County, New York",36123,NY,Yates,No qualifying Interstate/freeway mainline section in HPMS filter,2024,0,0,0,0,0,0,0,0,0,0,0,0,0,0
"Alamance County, North Carolina",37001,NC,Alamance,Direct FIPS match,2024,16.013,2083637.595,14.54962625,130121.6259,139560,16.013,2083637.595,130121.6259,139560,0.0,0.0,0.0,,238
"Alexander County, North Carolina",37003,NC,Alexander,No qualifying Interstate/freeway mainline section in HPMS filter,2024,0,0,0,0,0,0,0,0,0,0,0,0,0,0
"Alleghany County, North Carolina",37005,NC,Alleghany,No qualifying Interstate/freeway mainline section in HPMS filter,2024,0,0,0,0,0,0,0,0,0,0,0,0,0,0
"Anson County, North Carolina",37007,NC,Anson,No qualifying Interstate/freeway mainline section in HPMS filter,2024,0,0,0,0,0,0,0,0,0,0,0,0,0,0
"Ashe County, North Carolina",37009,NC,Ashe,No qualifying Interstate/freeway mainline section in HPMS filter,2024,0,0,0,0,0,0,0,0,0,0,0,0,0,0
"Avery County, North Carolina",37011,NC,Avery,No qualifying Interstate/freeway mainline section in HPMS filter,2024,0,0,0,0,0,0,0,0,0,0,0,0,0,0
"Beaufort County, North Carolina",37013,NC,Beaufort,Direct FIPS match,2024,6.386,69869.881,11.15440426,10941.1026,11923,0.0,0.0,0.0,,6.386,69869.881,10941.1026,11923,145
"Bertie County, North Carolina",37015,NC,Bertie,No qualifying Interstate/freeway mainline section in HPMS filter,2024,0,0,0,0,0,0,0,0,0,0,0,0,0,0
"Bladen County, North Carolina",37017,NC,Bladen,No qualifying Interstate/freeway mainline section in HPMS filter,2024,0,0,0,0,0,0,0,0,0,0,0,0,0,0
"Brunswick County, North Carolina",37019,NC,Brunswick,Direct FIPS match,2024,19.298,578646.852,13.26844937,29984.8094,81356,10.384,146701.208,14127.6202,17215,8.914,431945.644,48456.9939,81356,459
"Buncombe County, North Carolina",37021,NC,Buncombe,Direct FIPS match,2024,65.803,3813702.078,15.15411121,57956.3558,92817,49.839,3084445.082,61888.1816,92817,15.964,729256.996,45681.3453,70711,1373
"Burke County, North Carolina",37023,NC,Burke,Direct FIPS match,2024,26.631,1170162.032,13.97265364,43939.8457,50761,26.631,1170162.032,43939.8457,50761,0.0,0.0,0.0,,390
"Cabarrus County, North Carolina",37025,NC,Cabarrus,Direct FIPS match,2024,14.107,1872577.591,14.44282696,132741.0215,171760,14.107,1872577.591,132741.0215,171760,0.0,0.0,0.0,,307
"Caldwell County, North Carolina",37027,NC,Caldwell,No qualifying Interstate/freeway mainline section in HPMS filter,2024,0,0,0,0,0,0,0,0,0,0,0,0,0,0
"Camden County, North Carolina",37029,NC,Camden,No qualifying Interstate/freeway mainline section in HPMS filter,2024,0,0,0,0,0,0,0,0,0,0,0,0,0,0
"Carteret County, North Carolina",37031,NC,Carteret,No qualifying Interstate/freeway mainline section in HPMS filter,2024,0,0,0,0,0,0,0,0,0,0,0,0,0,0
"Caswell County, North Carolina",37033,NC,Caswell,Direct FIPS match,2024,6.409,109543.45,11.60408568,17092.1283,17676,0.0,0.0,0.0,,6.409,109543.45,17092.1283,17676,91
"Catawba County, North Carolina",37035,NC,Catawba,Direct FIPS match,2024,34.031,1517870.481,14.23281957,44602.5824,68100,19.734,1046452.226,53027.8821,68100,14.297,471418.255,32973.229,43053,531
"Chatham County, North Carolina",37037,NC,Chatham,Direct FIPS match,2024,27.493,604204.831,13.3116702,21976.6788,37518,0.0,0.0,0.0,,27.493,604204.831,21976.6788,37518,392
"Cherokee County, North Carolina",37039,NC,Cherokee,No qualifying Interstate/freeway mainline section in HPMS filter,2024,0,0,0,0,0,0,0,0,0,0,0,0,0,0
"Chowan County, North Carolina",37041,NC,Chowan,Direct FIPS match,2024,6.529,63557.071,11.05970927,9734.5797,12674,0.0,0.0,0.0,,6.529,63557.071,9734.5797,12674,117
"Clay County, North Carolina",37043,NC,Clay,No qualifying Interstate/freeway mainline section in HPMS filter,2024,0,0,0,0,0,0,0,0,0,0,0,0,0,0
"Cleveland County, North Carolina",37045,NC,Cleveland,Direct FIPS match,2024,17.609,638782.344,13.36732062,36275.9012,50942,8.208,368583.556,44905.404,50942,9.401,270198.788,28741.4943,43546,315
"Columbus County, North Carolina",37047,NC,Columbus,Direct FIPS match,2024,35.969,669378.547,13.41410651,18609.8737,24970,0.0,0.0,0.0,,35.969,669378.547,18609.8737,24970,492
"Craven County, North Carolina",37049,NC,Craven,Direct FIPS match,2024,30.676,644652.269,13.37646788,21014.8738,60510,0.0,0.0,0.0,,30.676,644652.269,21014.8738,60510,522
"Cumberland County, North Carolina",37051,NC,Cumberland,Direct FIPS match,2024,74.066,3015427.571,14.91925252,40712.7099,62733,52.825,2383781.605,45126.0124,62733,21.241,631645.966,29737.1106,57382,1319
"Currituck County, North Carolina",37053,NC,Currituck,No qualifying Interstate/freeway mainline section in HPMS filter,2024,0,0,0,0,0,0,0,0,0,0,0,0,0,0
"Dare County, North Carolina",37055,NC,Dare,No qualifying Interstate/freeway mainline section in HPMS filter,2024,0,0,0,0,0,0,0,0,0,0,0,0,0,0
"Davidson County, North Carolina",37057,NC,Davidson,Direct FIPS match,2024,57.282,2328985.182,14.66094362,40658.2379,83035,41.012,2027906.308,49446.6573,83035,16.27,301078.874,18505.1551,38878,1091
"Davie County, North Carolina",37059,NC,Davie,Direct FIPS match,2024,19.235,685638.995,13.43810798,35645.3858,53151,19.235,685638.995,35645.3858,53151,0.0,0.0,0.0,,360
"Duplin County, North Carolina",37061,NC,Duplin,Direct FIPS match,2024,29.638,708840.511,13.47138724,23916.6108,27655,28.002,688042.043,24571.175,27655,1.636,20798.468,12713.0,12713,375
"Durham County, North Carolina",37063,NC,Durham,Direct FIPS match,2024,54.435,4239387.009,15.25992948,77879.8018,190110,35.96,3317694.469,92260.6916,190110,18.475,921692.54,49888.6355,85090,1081
"Edgecombe County, North Carolina",37065,NC,Edgecombe,Direct FIPS match,2024,27.941,486072.666,13.09411547,17396.3948,34465,0.0,0.0,0.0,,27.941,486072.666,17396.3948,34465,445
"Forsyth County, North Carolina",37067,NC,Forsyth,Direct FIPS match,2024,100.898,5030247.733,15.43097999,49854.7814,123249,37.136,2392191.35,64417.0441,123249,63.762,2638056.383,41373.4886,93449,1906
"Franklin County, North Carolina",37069,NC,Franklin,No qualifying Interstate/freeway mainline section in HPMS filter,2024,0,0,0,0,0,0,0,0,0,0,0,0,0,0
"Gaston County, North Carolina",37071,NC,Gaston,Direct FIPS match,2024,28.143,2469855.412,14.71967057,87760.9143,147244,19.425,2143804.972,110363.1903,147244,8.718,326050.44,37399.6834,52022,527
"Gates County, North Carolina",37073,NC,Gates,No qualifying Interstate/freeway mainline section in HPMS filter,2024,0,0,0,0,0,0,0,0,0,0,0,0,0,0
"Graham County, North Carolina",37075,NC,Graham,No qualifying Interstate/freeway mainline section in HPMS filter,2024,0,0,0,0,0,0,0,0,0,0,0,0,0,0
"Granville County, North Carolina",37077,NC,Granville,Direct FIPS match,2024,23.59,834084.518,13.63409122,35357.5463,59619,23.59,834084.518,35357.5463,59619,0.0,0.0,0.0,,298
"Greene County, North Carolina",37079,NC,Greene,Direct FIPS match,2024,4.179,93248.568,11.4430347,22313.608,22710,4.179,93248.568,22313.608,22710,0.0,0.0,0.0,,60
"Guilford County, North Carolina",37081,NC,Guilford,Direct FIPS match,2024,166.62,8763593.657,15.98611673,52596.2889,143124,112.001,6564063.69,58607.1882,143124,54.619,2199529.967,40270.4181,119239,3221
"Halifax County, North Carolina",37083,NC,Halifax,Direct FIPS match,2024,22.999,1020543.452,13.83584682,44373.3837,45588,22.999,1020543.452,44373.3837,45588,0.0,0.0,0.0,,339
"Harnett County, North Carolina",37085,NC,Harnett,Direct FIPS match,2024,8.869,565713.863,13.24584545,63785.5297,65279,8.869,565713.863,63785.5297,65279,0.0,0.0,0.0,,110
"Haywood County, North Carolina",37087,NC,Haywood,Direct FIPS match,2024,45.773,1624929.88,14.30097584,35499.7461,58982,36.712,1290478.435,35151.4065,58982,9.061,334451.445,36911.0965,50036,804
"Henderson County, North Carolina",37089,NC,Henderson,Direct FIPS match,2024,16.867,982213.436,13.79756493,58232.8473,80398,16.867,982213.436,58232.8473,80398,0.0,0.0,0.0,,254
"Hertford County, North Carolina",37091,NC,Hertford,No qualifying Interstate/freeway mainline section in HPMS filter,2024,0,0,0,0,0,0,0,0,0,0,0,0,0,0
"Hoke County, North Carolina",37093,NC,Hoke,No qualifying Interstate/freeway mainline section in HPMS filter,2024,0,0,0,0,0,0,0,0,0,0,0,0,0,0
"Hyde County, North Carolina",37095,NC,Hyde,No qualifying Interstate/freeway mainline section in HPMS filter,2024,0,0,0,0,0,0,0,0,0,0,0,0,0,0
"Iredell County, North Carolina",37097,NC,Iredell,Direct FIPS match,2024,61.357,3133157.599,14.95755219,51064.3871,108720,61.357,3133157.599,51064.3871,108720,0.0,0.0,0.0,,1143
"Jackson County, North Carolina",37099,NC,Jackson,Direct FIPS match,2024,1.758,27263.722,10.21334891,15508.3743,15609,0.0,0.0,0.0,,1.758,27263.722,15508.3743,15609,24
"Johnston County, North Carolina",37101,NC,Johnston,Direct FIPS match,2024,68.93,3022070.785,14.92145318,43842.6053,71565,59.815,2636711.372,44081.1063,71565,9.115,385359.413,42277.5001,45569,1053
"Jones County, North Carolina",37103,NC,Jones,Direct FIPS match,2024,8.128,106163.496,11.57274502,13061.4537,13113,0.0,0.0,0.0,,8.128,106163.496,13061.4537,13113,94
"Lee County, North Carolina",37105,NC,Lee,Direct FIPS match,2024,25.963,769557.751,13.55357258,29640.5558,46745,0.0,0.0,0.0,,25.963,769557.751,29640.5558,46745,398
"Lenoir County, North Carolina",37107,NC,Lenoir,Direct FIPS match,2024,11.235,135273.033,11.81505787,12040.3234,32079,2.858,61226.714,21422.923,32079,8.377,74046.319,8839.2407,9775,251
"Lincoln County, North Carolina",37109,NC,Lincoln,Direct FIPS match,2024,11.066,363080.566,12.80238279,32810.4614,35246,0.0,0.0,0.0,,11.066,363080.566,32810.4614,35246,194
"McDowell County, North Carolina",37111,NC,McDowell,No qualifying Interstate/freeway mainline section in HPMS filter,2024,0,0,0,0,0,0,0,0,0,0,0,0,0,0
"Macon County, North Carolina",37113,NC,Macon,Direct FIPS match,2024,2.192,64070.552,11.06775574,29229.2664,30080,0.0,0.0,0.0,,2.192,64070.552,29229.2664,30080,49
"Madison County, North Carolina",37115,NC,Madison,Direct FIPS match,2024,12.606,202664.139,12.21931033,16076.7999,27210,12.606,202664.139,16076.7999,27210,0.0,0.0,0.0,,225
"Martin County, North Carolina",37117,NC,Martin,Direct FIPS match,2024,26.151,870649.246,13.67699562,33293.1531,37138,26.151,870649.246,33293.1531,37138,0.0,0.0,0.0,,403
"Mecklenburg County, North Carolina",37119,NC,Mecklenburg,Direct FIPS match,2024,129.191,14517943.292,16.49089598,112375.8102,206745,121.506,13863053.53,114093.5718,206745,7.685,654889.762,85216.6249,137965,2624
"Mitchell County, North Carolina",37121,NC,Mitchell,No qualifying Interstate/freeway mainline section in HPMS filter,2024,0,0,0,0,0,0,0,0,0,0,0,0,0,0
"Montgomery County, North Carolina",37123,NC,Montgomery,Direct FIPS match,2024,24.489,332692.978,12.71497836,13585.4048,16018,24.489,332692.978,13585.4048,16018,0.0,0.0,0.0,,318
"Moore County, North Carolina",37125,NC,Moore,Direct FIPS match,2024,5.145,134052.639,11.80599529,26054.9347,30386,0.0,0.0,0.0,,5.145,134052.639,26054.9347,30386,102
"Nash County, North Carolina",37127,NC,Nash,Direct FIPS match,2024,59.928,2302609.997,14.64955425,38422.9408,52682,26.226,1206297.279,45996.2358,52682,33.702,1096312.718,32529.6041,49748,848
"New Hanover County, North Carolina",37129,NC,New Hanover,Direct FIPS match,2024,23.77,751818.97,13.53025217,31628.9007,71245,15.837,492708.469,31111.2249,43626,7.933,259110.501,32662.3599,71245,480
"Northampton County, North Carolina",37131,NC,Northampton,Direct FIPS match,2024,7.501,278195.463,12.53608284,37087.7834,45301,7.501,278195.463,37087.7834,45301,0.0,0.0,0.0,,109
"Onslow County, North Carolina",37133,NC,Onslow,Direct FIPS match,2024,9.766,330767.183,12.70917306,33869.259,49795,0.0,0.0,0.0,,9.766,330767.183,33869.259,49795,270
"Orange County, North Carolina",37135,NC,Orange,Direct FIPS match,2024,36.644,2576018.357,14.76175588,70298.5034,123813,27.827,2231645.732,80197.137,123813,8.817,344372.625,39057.8003,53442,666
"Pamlico County, North Carolina",37137,NC,Pamlico,No qualifying Interstate/freeway mainline section in HPMS filter,2024,0,0,0,0,0,0,0,0,0,0,0,0,0,0
"Pasquotank County, North Carolina",37139,NC,Pasquotank,Direct FIPS match,2024,8.898,117756.595,11.67638351,13234.052,13936,0.0,0.0,0.0,,8.898,117756.595,13234.052,13936,105
"Pender County, North Carolina",37141,NC,Pender,Direct FIPS match,2024,25.683,730058.843,13.50088179,28425.7619,34144,25.683,730058.843,28425.7619,34144,0.0,0.0,0.0,,280
"Perquimans County, North Carolina",37143,NC,Perquimans,No qualifying Interstate/freeway mainline section in HPMS filter,2024,0,0,0,0,0,0,0,0,0,0,0,0,0,0
"Person County, North Carolina",37145,NC,Person,No qualifying Interstate/freeway mainline section in HPMS filter,2024,0,0,0,0,0,0,0,0,0,0,0,0,0,0
"Pitt County, North Carolina",37147,NC,Pitt,Direct FIPS match,2024,31.21,625701.895,13.34663093,20048.1222,25512,13.244,297721.126,22479.6984,25512,17.966,327980.769,18255.6367,24099,596
"Polk County, North Carolina",37149,NC,Polk,Direct FIPS match,2024,25.798,744910.081,13.52102014,28874.7221,44960,13.121,512542.758,39062.7816,44960,12.677,232367.323,18329.8354,21181,398
"Randolph County, North Carolina",37151,NC,Randolph,Direct FIPS match,2024,71.984,1888830.833,14.45146912,26239.5926,72991,46.817,1537973.377,32850.746,72991,25.167,350857.456,13941.1712,28182,1295
"Richmond County, North Carolina",37153,NC,Richmond,Direct FIPS match,2024,30.782,456043.966,13.03034669,14815.2806,22914,13.002,140499.222,10805.97,11008,17.78,315544.744,17747.1735,22914,461
"Robeson County, North Carolina",37155,NC,Robeson,Direct FIPS match,2024,72.261,2376388.414,14.68109284,32886.1822,62199,57.866,2068552.146,35747.2807,62199,14.395,307836.268,21384.9439,23813,1015
"Rockingham County, North Carolina",37157,NC,Rockingham,Direct FIPS match,2024,21.235,436220.094,12.98590449,20542.505,33563,2.367,43630.391,18432.7803,19713,18.868,392589.703,20807.171,33563,332
"Rowan County, North Carolina",37159,NC,Rowan,Direct FIPS match,2024,19.379,1773733.312,14.38859766,91528.6295,113765,19.379,1773733.312,91528.6295,113765,0.0,0.0,0.0,,369
"Rutherford County, North Carolina",37161,NC,Rutherford,Direct FIPS match,2024,16.806,332006.925,12.71291412,19755.2615,27643,0.0,0.0,0.0,,16.806,332006.925,19755.2615,27643,264
"Sampson County, North Carolina",37163,NC,Sampson,Direct FIPS match,2024,26.304,514938.768,13.15180522,19576.4434,25356,20.18,464059.97,22996.0342,25356,6.124,50878.798,8308.099,17522,360
"Scotland County, North Carolina",37165,NC,Scotland,Direct FIPS match,2024,18.593,408883.949,12.9211891,21991.2843,28881,0.0,0.0,0.0,,18.593,408883.949,21991.2843,28881,363
"Stanly County, North Carolina",37167,NC,Stanly,No qualifying Interstate/freeway mainline section in HPMS filter,2024,0,0,0,0,0,0,0,0,0,0,0,0,0,0
"Stokes County, North Carolina",37169,NC,Stokes,Direct FIPS match,2024,6.582,231258.338,12.35129504,35134.9648,35551,0.0,0.0,0.0,,6.582,231258.338,35134.9648,35551,97
"Surry County, North Carolina",37171,NC,Surry,Direct FIPS match,2024,45.834,1338060.79,14.1067327,29193.629,45871,35.808,1002925.499,28008.4199,45871,10.026,335135.291,33426.6199,36455,725
"Swain County, North Carolina",37173,NC,Swain,Direct FIPS match,2024,7.878,97004.775,11.48252579,12313.3759,14487,0.0,0.0,0.0,,7.878,97004.775,12313.3759,14487,101
"Transylvania County, North Carolina",37175,NC,Transylvania,No qualifying Interstate/freeway mainline section in HPMS filter,2024,0,0,0,0,0,0,0,0,0,0,0,0,0,0
"Tyrrell County, North Carolina",37177,NC,Tyrrell,Direct FIPS match,2024,5.864,43119.523,10.67175433,7353.2611,7593,0.0,0.0,0.0,,5.864,43119.523,7353.2611,7593,73
"Union County, North Carolina",37179,NC,Union,No qualifying Interstate/freeway mainline section in HPMS filter,2024,0,0,0,0,0,0,0,0,0,0,0,0,0,0
"Vance County, North Carolina",37181,NC,Vance,Direct FIPS match,2024,22.302,507846.275,13.13793604,22771.3333,42775,14.615,438000.794,29969.264,42775,7.687,69845.481,9086.182,11850,371
"Wake County, North Carolina",37183,NC,Wake,Direct FIPS match,2024,136.517,11621963.109,16.26840732,85131.9844,174789,80.122,9020151.88,112580.2137,174789,56.395,2601811.229,46135.4948,152564,2447
"Warren County, North Carolina",37185,NC,Warren,Direct FIPS match,2024,10.475,227444.665,12.33466665,21713.0945,24687,10.475,227444.665,21713.0945,24687,0.0,0.0,0.0,,139
"Washington County, North Carolina",37187,NC,Washington,Direct FIPS match,2024,19.346,118852.051,11.68564314,6143.4948,7436,0.0,0.0,0.0,,19.346,118852.051,6143.4948,7436,291
"Watauga County, North Carolina",37189,NC,Watauga,No qualifying Interstate/freeway mainline section in HPMS filter,2024,0,0,0,0,0,0,0,0,0,0,0,0,0,0
"Wayne County, North Carolina",37191,NC,Wayne,Direct FIPS match,2024,43.504,867261.767,13.67309729,19935.219,40703,32.247,604416.932,18743.3539,28982,11.257,262844.835,23349.4568,40703,897
"Wilkes County, North Carolina",37193,NC,Wilkes,Direct FIPS match,2024,17.426,339320.346,12.73470286,19472.0731,27532,0.0,0.0,0.0,,17.426,339320.346,19472.0731,27532,254
"Wilson County, North Carolina",37195,NC,Wilson,Direct FIPS match,2024,49.393,1370884.464,14.13096741,27754.6305,43529,43.683,1231011.975,28180.5731,43529,5.71,139872.489,24496.0576,34261,749
"Yadkin County, North Carolina",37197,NC,Yadkin,Direct FIPS match,2024,35.061,884125.663,13.69235562,25216.784,34978,13.755,446789.45,32481.9666,34978,21.306,437336.213,20526.4345,27086,571
"Yancey County, North Carolina",37199,NC,Yancey,No qualifying Interstate/freeway mainline section in HPMS filter,2024,0,0,0,0,0,0,0,0,0,0,0,0,0,0
"Adams County, North Dakota",38001,ND,Adams,No qualifying Interstate/freeway mainline section in HPMS filter,2024,0,0,0,0,0,0,0,0,0,0,0,0,0,0
"Barnes County, North Dakota",38003,ND,Barnes,Direct FIPS match,2024,36.3549,403518.4876,12.90798006,11099.425,12388,36.3549,403518.4876,11099.425,12388,0.0,0.0,0.0,,383
"Benson County, North Dakota",38005,ND,Benson,No qualifying Interstate/freeway mainline section in HPMS filter,2024,0,0,0,0,0,0,0,0,0,0,0,0,0,0
"Billings County, North Dakota",38007,ND,Billings,Direct FIPS match,2024,19.1614,83679.2598,11.33475838,4367.0744,4889,19.1614,83679.2598,4367.0744,4889,0.0,0.0,0.0,,200
"Bottineau County, North Dakota",38009,ND,Bottineau,No qualifying Interstate/freeway mainline section in HPMS filter,2024,0,0,0,0,0,0,0,0,0,0,0,0,0,0
"Bowman County, North Dakota",38011,ND,Bowman,No qualifying Interstate/freeway mainline section in HPMS filter,2024,0,0,0,0,0,0,0,0,0,0,0,0,0,0
"Burke County, North Dakota",38013,ND,Burke,No qualifying Interstate/freeway mainline section in HPMS filter,2024,0,0,0,0,0,0,0,0,0,0,0,0,0,0
"Burleigh County, North Dakota",38015,ND,Burleigh,Direct FIPS match,2024,36.5845,425229.0335,12.96038556,11623.202,33036,36.5845,425229.0335,11623.202,33036,0.0,0.0,0.0,,386
"Cass County, North Dakota",38017,ND,Cass,Direct FIPS match,2024,88.6538,1907767.306,14.46144469,21519.2953,82646,88.6538,1907767.306,21519.2953,82646,0.0,0.0,0.0,,966
"Cavalier County, North Dakota",38019,ND,Cavalier,No qualifying Interstate/freeway mainline section in HPMS filter,2024,0,0,0,0,0,0,0,0,0,0,0,0,0,0
"Dickey County, North Dakota",38021,ND,Dickey,No qualifying Interstate/freeway mainline section in HPMS filter,2024,0,0,0,0,0,0,0,0,0,0,0,0,0,0
"Divide County, North Dakota",38023,ND,Divide,No qualifying Interstate/freeway mainline section in HPMS filter,2024,0,0,0,0,0,0,0,0,0,0,0,0,0,0
"Dunn County, North Dakota",38025,ND,Dunn,No qualifying Interstate/freeway mainline section in HPMS filter,2024,0,0,0,0,0,0,0,0,0,0,0,0,0,0
"Eddy County, North Dakota",38027,ND,Eddy,No qualifying Interstate/freeway mainline section in HPMS filter,2024,0,0,0,0,0,0,0,0,0,0,0,0,0,0
"Emmons County, North Dakota",38029,ND,Emmons,No qualifying Interstate/freeway mainline section in HPMS filter,2024,0,0,0,0,0,0,0,0,0,0,0,0,0,0
"Foster County, North Dakota",38031,ND,Foster,No qualifying Interstate/freeway mainline section in HPMS filter,2024,0,0,0,0,0,0,0,0,0,0,0,0,0,0
"Golden Valley County, North Dakota",38033,ND,Golden Valley,Direct FIPS match,2024,21.2321,79881.194,11.28830825,3762.2842,4031,21.2321,79881.194,3762.2842,4031,0.0,0.0,0.0,,226
"Grand Forks County, North Dakota",38035,ND,Grand Forks,Direct FIPS match,2024,37.6779,451772.2859,13.02093575,11990.3786,19320,37.6779,451772.2859,11990.3786,19320,0.0,0.0,0.0,,414
"Grant County, North Dakota",38037,ND,Grant,No qualifying Interstate/freeway mainline section in HPMS filter,2024,0,0,0,0,0,0,0,0,0,0,0,0,0,0
"Griggs County, North Dakota",38039,ND,Griggs,No qualifying Interstate/freeway mainline section in HPMS filter,2024,0,0,0,0,0,0,0,0,0,0,0,0,0,0
"Hettinger County, North Dakota",38041,ND,Hettinger,No qualifying Interstate/freeway mainline section in HPMS filter,2024,0,0,0,0,0,0,0,0,0,0,0,0,0,0
"Kidder County, North Dakota",38043,ND,Kidder,Direct FIPS match,2024,30.1649,249734.114,12.42815609,8278.9638,8786,30.1649,249734.114,8278.9638,8786,0.0,0.0,0.0,,305
"LaMoure County, North Dakota",38045,ND,LaMoure,No qualifying Interstate/freeway mainline section in HPMS filter,2024,0,0,0,0,0,0,0,0,0,0,0,0,0,0
"Logan County, North Dakota",38047,ND,Logan,No qualifying Interstate/freeway mainline section in HPMS filter,2024,0,0,0,0,0,0,0,0,0,0,0,0,0,0
"McHenry County, North Dakota",38049,ND,McHenry,No qualifying Interstate/freeway mainline section in HPMS filter,2024,0,0,0,0,0,0,0,0,0,0,0,0,0,0
"McIntosh County, North Dakota",38051,ND,McIntosh,No qualifying Interstate/freeway mainline section in HPMS filter,2024,0,0,0,0,0,0,0,0,0,0,0,0,0,0
"McKenzie County, North Dakota",38053,ND,McKenzie,No qualifying Interstate/freeway mainline section in HPMS filter,2024,0,0,0,0,0,0,0,0,0,0,0,0,0,0
"McLean County, North Dakota",38055,ND,McLean,No qualifying Interstate/freeway mainline section in HPMS filter,2024,0,0,0,0,0,0,0,0,0,0,0,0,0,0
"Mercer County, North Dakota",38057,ND,Mercer,No qualifying Interstate/freeway mainline section in HPMS filter,2024,0,0,0,0,0,0,0,0,0,0,0,0,0,0
"Morton County, North Dakota",38059,ND,Morton,Direct FIPS match,2024,62.3067,673755.4449,13.42062397,10813.5312,42628,62.3067,673755.4449,10813.5312,42628,0.0,0.0,0.0,,659
"Mountrail County, North Dakota",38061,ND,Mountrail,No qualifying Interstate/freeway mainline section in HPMS filter,2024,0,0,0,0,0,0,0,0,0,0,0,0,0,0
"Nelson County, North Dakota",38063,ND,Nelson,No qualifying Interstate/freeway mainline section in HPMS filter,2024,0,0,0,0,0,0,0,0,0,0,0,0,0,0
"Oliver County, North Dakota",38065,ND,Oliver,No qualifying Interstate/freeway mainline section in HPMS filter,2024,0,0,0,0,0,0,0,0,0,0,0,0,0,0
"Pembina County, North Dakota",38067,ND,Pembina,Direct FIPS match,2024,32.6859,101645.0204,11.52925167,3109.7513,4947,32.6859,101645.0204,3109.7513,4947,0.0,0.0,0.0,,338
"Pierce County, North Dakota",38069,ND,Pierce,No qualifying Interstate/freeway mainline section in HPMS filter,2024,0,0,0,0,0,0,0,0,0,0,0,0,0,0
"Ramsey County, North Dakota",38071,ND,Ramsey,No qualifying Interstate/freeway mainline section in HPMS filter,2024,0,0,0,0,0,0,0,0,0,0,0,0,0,0
"Ransom County, North Dakota",38073,ND,Ransom,No qualifying Interstate/freeway mainline section in HPMS filter,2024,0,0,0,0,0,0,0,0,0,0,0,0,0,0
"Renville County, North Dakota",38075,ND,Renville,No qualifying Interstate/freeway mainline section in HPMS filter,2024,0,0,0,0,0,0,0,0,0,0,0,0,0,0
"Richland County, North Dakota",38077,ND,Richland,Direct FIPS match,2024,48.2063,325096.5264,12.6918805,6743.8598,9251,48.2063,325096.5264,6743.8598,9251,0.0,0.0,0.0,,511
"Rolette County, North Dakota",38079,ND,Rolette,No qualifying Interstate/freeway mainline section in HPMS filter,2024,0,0,0,0,0,0,0,0,0,0,0,0,0,0
"Sargent County, North Dakota",38081,ND,Sargent,No qualifying Interstate/freeway mainline section in HPMS filter,2024,0,0,0,0,0,0,0,0,0,0,0,0,0,0
"Sheridan County, North Dakota",38083,ND,Sheridan,No qualifying Interstate/freeway mainline section in HPMS filter,2024,0,0,0,0,0,0,0,0,0,0,0,0,0,0
"Sioux County, North Dakota",38085,ND,Sioux,No qualifying Interstate/freeway mainline section in HPMS filter,2024,0,0,0,0,0,0,0,0,0,0,0,0,0,0
"Slope County, North Dakota",38087,ND,Slope,No qualifying Interstate/freeway mainline section in HPMS filter,2024,0,0,0,0,0,0,0,0,0,0,0,0,0,0
"Stark County, North Dakota",38089,ND,Stark,Direct FIPS match,2024,54.8832,447368.9096,13.01114107,8151.2906,9740,54.8832,447368.9096,8151.2906,9740,0.0,0.0,0.0,,576
"Steele County, North Dakota",38091,ND,Steele,No qualifying Interstate/freeway mainline section in HPMS filter,2024,0,0,0,0,0,0,0,0,0,0,0,0,0,0
"Stutsman County, North Dakota",38093,ND,Stutsman,Direct FIPS match,2024,48.0466,421117.9569,12.95067063,8764.7816,11748,48.0466,421117.9569,8764.7816,11748,0.0,0.0,0.0,,510
"Towner County, North Dakota",38095,ND,Towner,No qualifying Interstate/freeway mainline section in HPMS filter,2024,0,0,0,0,0,0,0,0,0,0,0,0,0,0
"Traill County, North Dakota",38097,ND,Traill,Direct FIPS match,2024,30.849,383935.0074,12.85823117,12445.6225,12683,30.849,383935.0074,12445.6225,12683,0.0,0.0,0.0,,325
"Walsh County, North Dakota",38099,ND,Walsh,Direct FIPS match,2024,24.1163,127218.405,11.75366847,5275.2041,5812,24.1163,127218.405,5275.2041,5812,0.0,0.0,0.0,,252
"Ward County, North Dakota",38101,ND,Ward,No qualifying Interstate/freeway mainline section in HPMS filter,2024,0,0,0,0,0,0,0,0,0,0,0,0,0,0
"Wells County, North Dakota",38103,ND,Wells,No qualifying Interstate/freeway mainline section in HPMS filter,2024,0,0,0,0,0,0,0,0,0,0,0,0,0,0
"Williams County, North Dakota",38105,ND,Williams,No qualifying Interstate/freeway mainline section in HPMS filter,2024,0,0,0,0,0,0,0,0,0,0,0,0,0,0
"Adams County, Ohio",39001,OH,Adams,No qualifying Interstate/freeway mainline section in HPMS filter,2024,0,0,0,0,0,0,0,0,0,0,0,0,0,0
"Allen County, Ohio",39003,OH,Allen,Direct FIPS match,2024,23.121,851510.558,13.65476835,36828.4485,43538,23.121,851510.558,36828.4485,43538,0.0,0.0,0.0,,299
"Ashland County, Ohio",39005,OH,Ashland,Direct FIPS match,2024,16.154,838243.409,13.63906499,51890.7645,55996,16.154,838243.409,51890.7645,55996,0.0,0.0,0.0,,186
"Ashtabula County, Ohio",39007,OH,Ashtabula,Direct FIPS match,2024,57.718,1145384.476,13.9512518,19844.4935,42658,28.683,903901.191,31513.4815,42658,29.035,241483.285,8316.9721,14446,650
"Athens County, Ohio",39009,OH,Athens,Direct FIPS match,2024,18.077,297452.715,12.60301391,16454.761,29050,0.0,0.0,0.0,,18.077,297452.715,16454.761,29050,262
"Auglaize County, Ohio",39011,OH,Auglaize,Direct FIPS match,2024,24.024,673433.65,13.42014624,28031.7037,41014,12.517,502876.095,40175.449,41014,11.507,170557.555,14822.0696,18504,299
"Belmont County, Ohio",39013,OH,Belmont,Direct FIPS match,2024,45.521,1330242.601,14.10087264,29222.6138,49386,33.889,1121848.652,33103.6222,49386,11.632,208393.949,17915.5733,25878,573
"Brown County, Ohio",39015,OH,Brown,No qualifying Interstate/freeway mainline section in HPMS filter,2024,0,0,0,0,0,0,0,0,0,0,0,0,0,0
"Butler County, Ohio",39017,OH,Butler,Direct FIPS match,2024,20.957,1841693.293,14.42619652,87879.6246,133950,11.236,1439835.455,128144.8429,133950,9.721,401857.838,41339.146,54942,265
"Carroll County, Ohio",39019,OH,Carroll,No qualifying Interstate/freeway mainline section in HPMS filter,2024,0,0,0,0,0,0,0,0,0,0,0,0,0,0
"Champaign County, Ohio",39021,OH,Champaign,Direct FIPS match,2024,1.505,19703.008,9.88857735,13091.6997,13640,0.0,0.0,0.0,,1.505,19703.008,13091.6997,13640,22
"Clark County, Ohio",39023,OH,Clark,Direct FIPS match,2024,48.412,2155235.083,14.58341083,44518.6128,82712,31.382,1855125.512,59114.3175,82712,17.03,300109.571,17622.4058,28789,644
"Clermont County, Ohio",39025,OH,Clermont,Direct FIPS match,2024,16.875,1277682.437,14.06055918,75714.5148,95099,13.865,1150167.044,82954.7093,95099,3.01,127515.393,42363.9179,49648,221
"Clinton County, Ohio",39027,OH,Clinton,Direct FIPS match,2024,20.954,756580.714,13.53656582,36106.744,46144,15.393,702998.352,45670.0027,46144,5.561,53582.362,9635.3825,9944,244
"Columbiana County, Ohio",39029,OH,Columbiana,Direct FIPS match,2024,27.6,290204.342,12.57834403,10514.6501,13145,0.0,0.0,0.0,,27.6,290204.342,10514.6501,13145,342
"Coshocton County, Ohio",39031,OH,Coshocton,No qualifying Interstate/freeway mainline section in HPMS filter,2024,0,0,0,0,0,0,0,0,0,0,0,0,0,0
"Crawford County, Ohio",39033,OH,Crawford,Direct FIPS match,2024,22.208,307346.847,12.63573544,13839.4654,18292,0.0,0.0,0.0,,22.208,307346.847,13839.4654,18292,276
"Cuyahoga County, Ohio",39035,OH,Cuyahoga,Direct FIPS match,2024,150.422,12946318.918,16.37632213,86066.6586,172846,135.114,12280779.46,90891.9835,172846,15.308,665539.458,43476.5781,85250,2210
"Darke County, Ohio",39037,OH,Darke,Direct FIPS match,2024,4.794,54806.432,10.91158108,11432.297,12137,0.0,0.0,0.0,,4.794,54806.432,11432.297,12137,67
"Defiance County, Ohio",39039,OH,Defiance,Direct FIPS match,2024,9.357,170530.599,12.04667589,18224.9224,22643,0.0,0.0,0.0,,9.357,170530.599,18224.9224,22643,112
"Delaware County, Ohio",39041,OH,Delaware,Direct FIPS match,2024,19.638,1530890.18,14.24136059,77955.5036,157930,17.229,1443035.919,83756.2203,157930,2.409,87854.261,36469.1826,39295,240
"Erie County, Ohio",39043,OH,Erie,Direct FIPS match,2024,56.866,1995498.315,14.50640486,35091.2376,44134,26.372,1158024.261,43911.1277,44134,30.494,837474.054,27463.5684,34831,713
"Fairfield County, Ohio",39045,OH,Fairfield,Direct FIPS match,2024,22.913,796533.482,13.5880257,34763.3868,99082,2.398,192055.636,80089.9233,99082,20.515,604477.846,29465.1643,54686,291
"Fayette County, Ohio",39047,OH,Fayette,Direct FIPS match,2024,38.681,1018954.916,13.83428905,26342.5174,46451,14.658,673208.374,45927.7101,46451,24.023,345746.542,14392.3133,20020,453
"Franklin County, Ohio",39049,OH,Franklin,Direct FIPS match,2024,157.493,15108940.007,16.53079725,95934.0416,170623,119.261,12430576.06,104230.017,170623,38.232,2678363.947,70055.5542,124361,2265
"Fulton County, Ohio",39051,OH,Fulton,Direct FIPS match,2024,26.262,672939.572,13.4194123,25624.0794,26864,26.262,672939.572,25624.0794,26864,0.0,0.0,0.0,,292
"Gallia County, Ohio",39053,OH,Gallia,Direct FIPS match,2024,17.17,318788.48,12.67228623,18566.5976,27574,0.0,0.0,0.0,,17.17,318788.48,18566.5976,27574,214
"Geauga County, Ohio",39055,OH,Geauga,Direct FIPS match,2024,10.679,254054.583,12.44530835,23790.1098,33921,0.0,0.0,0.0,,10.679,254054.583,23790.1098,33921,147
"Greene County, Ohio",39057,OH,Greene,Direct FIPS match,2024,44.862,1764533.429,14.38339743,39332.4736,81988,21.701,1268674.756,58461.5804,81988,23.161,495858.673,21409.2083,65438,568
"Guernsey County, Ohio",39059,OH,Guernsey,Direct FIPS match,2024,51.923,1396325.222,14.14935522,26892.2293,39376,51.923,1396325.222,26892.2293,39376,0.0,0.0,0.0,,620
"Hamilton County, Ohio",39061,OH,Hamilton,Direct FIPS match,2024,122.039,10194079.038,16.13731772,83531.3223,163097,96.859,9196563.211,94947.9471,163097,25.18,997515.827,39615.4022,64173,1755
"Hancock County, Ohio",39063,OH,Hancock,Direct FIPS match,2024,25.228,1030654.49,13.84570556,40853.5948,57118,25.228,1030654.49,40853.5948,57118,0.0,0.0,0.0,,300
"Hardin County, Ohio",39065,OH,Hardin,No qualifying Interstate/freeway mainline section in HPMS filter,2024,0,0,0,0,0,0,0,0,0,0,0,0,0,0
"Harrison County, Ohio",39067,OH,Harrison,Direct FIPS match,2024,0.009,106.155,4.67427638,11795.0,11795,0.0,0.0,0.0,,0.009,106.155,11795.0,11795,1
"Henry County, Ohio",39069,OH,Henry,Direct FIPS match,2024,17.219,353649.824,12.77606533,20538.3486,25585,0.0,0.0,0.0,,17.219,353649.824,20538.3486,25585,220
"Highland County, Ohio",39071,OH,Highland,No qualifying Interstate/freeway mainline section in HPMS filter,2024,0,0,0,0,0,0,0,0,0,0,0,0,0,0
"Hocking County, Ohio",39073,OH,Hocking,Direct FIPS match,2024,15.622,351867.742,12.77101349,22523.8601,27716,0.0,0.0,0.0,,15.622,351867.742,22523.8601,27716,195
"Holmes County, Ohio",39075,OH,Holmes,No qualifying Interstate/freeway mainline section in HPMS filter,2024,0,0,0,0,0,0,0,0,0,0,0,0,0,0
"Huron County, Ohio",39077,OH,Huron,No qualifying Interstate/freeway mainline section in HPMS filter,2024,0,0,0,0,0,0,0,0,0,0,0,0,0,0
"Jackson County, Ohio",39079,OH,Jackson,Direct FIPS match,2024,5.755,109175.027,11.60071679,18970.4652,22047,0.0,0.0,0.0,,5.755,109175.027,18970.4652,22047,82
"Jefferson County, Ohio",39081,OH,Jefferson,Direct FIPS match,2024,44.641,573067.079,13.2587598,12837.2366,32563,0.0,0.0,0.0,,44.641,573067.079,12837.2366,32563,640
"Knox County, Ohio",39083,OH,Knox,No qualifying Interstate/freeway mainline section in HPMS filter,2024,0,0,0,0,0,0,0,0,0,0,0,0,0,0
"Lake County, Ohio",39085,OH,Lake,Direct FIPS match,2024,54.566,2907181.109,14.88269482,53278.2522,103391,31.055,1766324.074,56877.2846,103391,23.511,1140857.035,48524.3943,77626,716
"Lawrence County, Ohio",39087,OH,Lawrence,Direct FIPS match,2024,25.083,513395.759,13.14880423,20467.877,31799,0.0,0.0,0.0,,25.083,513395.759,20467.877,31799,318
"Licking County, Ohio",39089,OH,Licking,Direct FIPS match,2024,63.247,2480321.25,14.72389905,39216.4253,61332,29.361,1343303.355,45751.2808,58707,33.886,1137017.895,33554.2081,61332,824
"Logan County, Ohio",39091,OH,Logan,Direct FIPS match,2024,18.841,416750.332,12.940245,22119.3319,24888,0.0,0.0,0.0,,18.841,416750.332,22119.3319,24888,239
"Lorain County, Ohio",39093,OH,Lorain,Direct FIPS match,2024,61.443,2668545.428,14.79704447,43431.2359,80361,37.085,1833150.587,49431.0526,80361,24.358,835394.841,34296.5285,62270,822
"Lucas County, Ohio",39095,OH,Lucas,Direct FIPS match,2024,66.89,3563723.425,15.08631674,53277.3722,101664,48.976,2969834.639,60638.5707,101664,17.914,593888.786,33152.2154,68022,908
"Madison County, Ohio",39097,OH,Madison,Direct FIPS match,2024,27.246,1519253.364,14.23373022,55760.6021,75940,27.246,1519253.364,55760.6021,75940,0.0,0.0,0.0,,319
"Mahoning County, Ohio",39099,OH,Mahoning,Direct FIPS match,2024,79.21,2164488.902,14.58769528,27325.9551,58415,55.442,1686534.444,30419.7981,58415,23.768,477954.458,20109.1576,39055,1044
"Marion County, Ohio",39101,OH,Marion,No qualifying Interstate/freeway mainline section in HPMS filter,2024,0,0,0,0,0,0,0,0,0,0,0,0,0,0
"Medina County, Ohio",39103,OH,Medina,Direct FIPS match,2024,45.559,1989910.917,14.50360093,43677.6689,66155,45.559,1989910.917,43677.6689,66155,0.0,0.0,0.0,,554
"Meigs County, Ohio",39105,OH,Meigs,No qualifying Interstate/freeway mainline section in HPMS filter,2024,0,0,0,0,0,0,0,0,0,0,0,0,0,0
"Mercer County, Ohio",39107,OH,Mercer,Direct FIPS match,2024,0.506,6961.042,8.8482281,13757.0,13757,0.0,0.0,0.0,,0.506,6961.042,13757.0,13757,6
"Miami County, Ohio",39109,OH,Miami,Direct FIPS match,2024,19.954,1289688.447,14.06991201,64633.0784,82575,19.954,1289688.447,64633.0784,82575,0.0,0.0,0.0,,263
"Monroe County, Ohio",39111,OH,Monroe,No qualifying Interstate/freeway mainline section in HPMS filter,2024,0,0,0,0,0,0,0,0,0,0,0,0,0,0
"Montgomery County, Ohio",39113,OH,Montgomery,Direct FIPS match,2024,72.866,5473429.743,15.51541617,75116.3745,141088,55.512,4723209.619,85084.4794,141088,17.354,750220.124,43230.3863,71631,1047
"Morgan County, Ohio",39115,OH,Morgan,No qualifying Interstate/freeway mainline section in HPMS filter,2024,0,0,0,0,0,0,0,0,0,0,0,0,0,0
"Morrow County, Ohio",39117,OH,Morrow,Direct FIPS match,2024,19.918,1207728.881,14.00425302,60635.0477,67992,19.918,1207728.881,60635.0477,67992,0.0,0.0,0.0,,227
"Muskingum County, Ohio",39119,OH,Muskingum,Direct FIPS match,2024,38.981,1169629.835,13.97219873,30005.1265,58408,27.355,1093481.499,39973.7342,58408,11.626,76148.336,6549.8311,8098,507
"Noble County, Ohio",39121,OH,Noble,Direct FIPS match,2024,18.897,321927.736,12.68208548,17035.9177,17068,18.897,321927.736,17035.9177,17068,0.0,0.0,0.0,,232
"Ottawa County, Ohio",39123,OH,Ottawa,Direct FIPS match,2024,14.894,416195.97,12.93891391,27943.868,46590,4.574,213102.66,46590.0,46590,10.32,203093.31,19679.5843,27404,178
"Paulding County, Ohio",39125,OH,Paulding,Direct FIPS match,2024,19.239,290421.802,12.57909308,15095.4728,16349,0.0,0.0,0.0,,19.239,290421.802,15095.4728,16349,210
"Perry County, Ohio",39127,OH,Perry,No qualifying Interstate/freeway mainline section in HPMS filter,2024,0,0,0,0,0,0,0,0,0,0,0,0,0,0
"Pickaway County, Ohio",39129,OH,Pickaway,Direct FIPS match,2024,3.183,149537.34,11.91530809,46980.0,46980,3.183,149537.34,46980.0,46980,0.0,0.0,0.0,,34
"Pike County, Ohio",39131,OH,Pike,No qualifying Interstate/freeway mainline section in HPMS filter,2024,0,0,0,0,0,0,0,0,0,0,0,0,0,0
"Portage County, Ohio",39133,OH,Portage,Direct FIPS match,2024,43.786,1658342.491,14.32132977,37873.8065,56470,43.786,1658342.491,37873.8065,56470,0.0,0.0,0.0,,521
"Preble County, Ohio",39135,OH,Preble,Direct FIPS match,2024,17.66,666262.415,13.40944039,37727.2036,43881,17.66,666262.415,37727.2036,43881,0.0,0.0,0.0,,209
"Putnam County, Ohio",39137,OH,Putnam,No qualifying Interstate/freeway mainline section in HPMS filter,2024,0,0,0,0,0,0,0,0,0,0,0,0,0,0
"Richland County, Ohio",39139,OH,Richland,Direct FIPS match,2024,41.764,1614163.439,14.29432801,38649.637,56853,20.636,1155645.556,56001.4323,56853,21.128,458517.883,21701.9066,38239,527
"Ross County, Ohio",39141,OH,Ross,Direct FIPS match,2024,42.388,932544.751,13.74567349,22000.2064,50802,0.0,0.0,0.0,,42.388,932544.751,22000.2064,50802,546
"Sandusky County, Ohio",39143,OH,Sandusky,Direct FIPS match,2024,31.809,1312637.869,14.08755007,41266.2413,46590,27.376,1231840.394,44997.0921,46590,4.433,80797.475,18226.3648,21120,421
"Scioto County, Ohio",39145,OH,Scioto,Direct FIPS match,2024,1.273,14900.465,9.60921481,11705.0,11705,0.0,0.0,0.0,,1.273,14900.465,11705.0,11705,13
"Seneca County, Ohio",39147,OH,Seneca,No qualifying Interstate/freeway mainline section in HPMS filter,2024,0,0,0,0,0,0,0,0,0,0,0,0,0,0
"Shelby County, Ohio",39149,OH,Shelby,Direct FIPS match,2024,20.551,932033.855,13.74512549,45352.2386,51228,20.551,932033.855,45352.2386,51228,0.0,0.0,0.0,,244
"Stark County, Ohio",39151,OH,Stark,Direct FIPS match,2024,51.169,1966041.999,14.49153345,38422.5214,99281,18.577,1173355.921,63161.7549,99281,32.592,792686.078,24321.4923,65001,750
"Summit County, Ohio",39153,OH,Summit,Direct FIPS match,2024,123.248,7182786.189,15.78719805,58279.1298,126375,90.996,5430361.361,59676.9238,126375,32.252,1752424.828,54335.3847,119122,1715
"Trumbull County, Ohio",39155,OH,Trumbull,Direct FIPS match,2024,63.964,1742649.613,14.37091785,27244.2251,48610,23.006,893658.034,38844.5638,48610,40.958,848991.579,20728.3456,43027,811
"Tuscarawas County, Ohio",39157,OH,Tuscarawas,Direct FIPS match,2024,49.208,1151696.715,13.95674769,23404.6642,40971,34.981,938507.416,26829.0619,40971,14.227,213189.299,14984.8386,25521,632
"Union County, Ohio",39159,OH,Union,Direct FIPS match,2024,25.122,1043372.403,13.85796968,41532.2189,53712,0.0,0.0,0.0,,25.122,1043372.403,41532.2189,53712,312
"Van Wert County, Ohio",39161,OH,Van Wert,No qualifying Interstate/freeway mainline section in HPMS filter,2024,0,0,0,0,0,0,0,0,0,0,0,0,0,0
"Vinton County, Ohio",39163,OH,Vinton,No qualifying Interstate/freeway mainline section in HPMS filter,2024,0,0,0,0,0,0,0,0,0,0,0,0,0,0
"Warren County, Ohio",39165,OH,Warren,Direct FIPS match,2024,34.488,2851297.017,14.86328489,82675.0469,122999,34.488,2851297.017,82675.0469,122999,0.0,0.0,0.0,,409
"Washington County, Ohio",39167,OH,Washington,Direct FIPS match,2024,17.64,258371.593,12.46215798,14646.9157,20283,17.64,258371.593,14646.9157,20283,0.0,0.0,0.0,,209
"Wayne County, Ohio",39169,OH,Wayne,Direct FIPS match,2024,22.352,636849.294,13.36428989,28491.826,50292,7.123,356252.441,50014.3817,50292,15.229,280596.853,18425.166,27439,281
"Williams County, Ohio",39171,OH,Williams,Direct FIPS match,2024,22.192,528722.047,13.17822003,23824.894,24227,22.192,528722.047,23824.894,24227,0.0,0.0,0.0,,253
"Wood County, Ohio",39173,OH,Wood,Direct FIPS match,2024,54.686,2855483.741,14.86475217,52215.992,83559,54.686,2855483.741,52215.992,83559,0.0,0.0,0.0,,693
"Wyandot County, Ohio",39175,OH,Wyandot,Direct FIPS match,2024,7.057,74190.346,11.21440279,10513.0149,11453,0.0,0.0,0.0,,7.057,74190.346,10513.0149,11453,83
"Adair County, Oklahoma",40001,OK,Adair,No qualifying Interstate/freeway mainline section in HPMS filter,2024,0,0,0,0,0,0,0,0,0,0,0,0,0,0
"Alfalfa County, Oklahoma",40003,OK,Alfalfa,No qualifying Interstate/freeway mainline section in HPMS filter,2024,0,0,0,0,0,0,0,0,0,0,0,0,0,0
"Atoka County, Oklahoma",40005,OK,Atoka,No qualifying Interstate/freeway mainline section in HPMS filter,2024,0,0,0,0,0,0,0,0,0,0,0,0,0,0
"Beaver County, Oklahoma",40007,OK,Beaver,No qualifying Interstate/freeway mainline section in HPMS filter,2024,0,0,0,0,0,0,0,0,0,0,0,0,0,0
"Beckham County, Oklahoma",40009,OK,Beckham,Direct FIPS match,2024,41.9055,761555.12,13.54311915,18173.1544,22200,41.9055,761555.12,18173.1544,22200,0.0,0.0,0.0,,533
"Blaine County, Oklahoma",40011,OK,Blaine,No qualifying Interstate/freeway mainline section in HPMS filter,2024,0,0,0,0,0,0,0,0,0,0,0,0,0,0
"Bryan County, Oklahoma",40013,OK,Bryan,Direct FIPS match,2024,8.0498,265754.18,12.49033079,33013.7618,37800,0.0,0.0,0.0,,8.0498,265754.18,33013.7618,37800,156
"Caddo County, Oklahoma",40015,OK,Caddo,Direct FIPS match,2024,22.6687,569713.42,13.2528905,25132.1611,29100,22.6687,569713.42,25132.1611,29100,0.0,0.0,0.0,,288
"Canadian County, Oklahoma",40017,OK,Canadian,Direct FIPS match,2024,53.3338,2107417.74,14.56097441,39513.7369,83800,53.3338,2107417.74,39513.7369,83800,0.0,0.0,0.0,,774
"Carter County, Oklahoma",40019,OK,Carter,Direct FIPS match,2024,21.426,780459.8,13.56763979,36425.8284,44300,21.426,780459.8,36425.8284,44300,0.0,0.0,0.0,,295
"Cherokee County, Oklahoma",40021,OK,Cherokee,No qualifying Interstate/freeway mainline section in HPMS filter,2024,0,0,0,0,0,0,0,0,0,0,0,0,0,0
"Choctaw County, Oklahoma",40023,OK,Choctaw,No qualifying Interstate/freeway mainline section in HPMS filter,2024,0,0,0,0,0,0,0,0,0,0,0,0,0,0
"Cimarron County, Oklahoma",40025,OK,Cimarron,No qualifying Interstate/freeway mainline section in HPMS filter,2024,0,0,0,0,0,0,0,0,0,0,0,0,0,0
"Cleveland County, Oklahoma",40027,OK,Cleveland,Direct FIPS match,2024,22.6407,1893268.85,14.45381597,83622.3637,135300,18.4749,1734308.41,93873.7644,135300,4.1658,158960.44,38158.4426,40800,400
"Coal County, Oklahoma",40029,OK,Coal,No qualifying Interstate/freeway mainline section in HPMS filter,2024,0,0,0,0,0,0,0,0,0,0,0,0,0,0
"Comanche County, Oklahoma",40031,OK,Comanche,Direct FIPS match,2024,42.637,810890.07,13.60588901,19018.4598,35600,36.5587,673131.8,18412.356,35600,6.0783,137758.27,22663.9472,30600,684
"Cotton County, Oklahoma",40033,OK,Cotton,Direct FIPS match,2024,26.11,221845.0,12.30973873,8496.553,14300,26.11,221845.0,8496.553,14300,0.0,0.0,0.0,,331
"Craig County, Oklahoma",40035,OK,Craig,Direct FIPS match,2024,20.419,542767.5,13.20443817,26581.4927,27600,20.419,542767.5,26581.4927,27600,0.0,0.0,0.0,,255
"Creek County, Oklahoma",40037,OK,Creek,Direct FIPS match,2024,43.5159,1610017.93,14.29175649,36998.3829,49200,39.346,1506213.8,38281.2433,49200,4.1699,103804.13,24893.6737,28700,592
"Custer County, Oklahoma",40039,OK,Custer,Direct FIPS match,2024,30.668,781998.3,13.56960912,25498.8359,30000,30.668,781998.3,25498.8359,30000,0.0,0.0,0.0,,438
"Delaware County, Oklahoma",40041,OK,Delaware,No qualifying Interstate/freeway mainline section in HPMS filter,2024,0,0,0,0,0,0,0,0,0,0,0,0,0,0
"Dewey County, Oklahoma",40043,OK,Dewey,No qualifying Interstate/freeway mainline section in HPMS filter,2024,0,0,0,0,0,0,0,0,0,0,0,0,0,0
"Ellis County, Oklahoma",40045,OK,Ellis,No qualifying Interstate/freeway mainline section in HPMS filter,2024,0,0,0,0,0,0,0,0,0,0,0,0,0,0
"Garfield County, Oklahoma",40047,OK,Garfield,No qualifying Interstate/freeway mainline section in HPMS filter,2024,0,0,0,0,0,0,0,0,0,0,0,0,0,0
"Garvin County, Oklahoma",40049,OK,Garvin,Direct FIPS match,2024,25.8596,845264.96,13.6474066,32686.6989,35500,25.8596,845264.96,32686.6989,35500,0.0,0.0,0.0,,339
"Grady County, Oklahoma",40051,OK,Grady,Direct FIPS match,2024,34.6519,716150.41,13.48164689,20666.9882,25900,34.6519,716150.41,20666.9882,25900,0.0,0.0,0.0,,407
"Grant County, Oklahoma",40053,OK,Grant,No qualifying Interstate/freeway mainline section in HPMS filter,2024,0,0,0,0,0,0,0,0,0,0,0,0,0,0
"Greer County, Oklahoma",40055,OK,Greer,No qualifying Interstate/freeway mainline section in HPMS filter,2024,0,0,0,0,0,0,0,0,0,0,0,0,0,0
"Harmon County, Oklahoma",40057,OK,Harmon,No qualifying Interstate/freeway mainline section in HPMS filter,2024,0,0,0,0,0,0,0,0,0,0,0,0,0,0
"Harper County, Oklahoma",40059,OK,Harper,No qualifying Interstate/freeway mainline section in HPMS filter,2024,0,0,0,0,0,0,0,0,0,0,0,0,0,0
"Haskell County, Oklahoma",40061,OK,Haskell,No qualifying Interstate/freeway mainline section in HPMS filter,2024,0,0,0,0,0,0,0,0,0,0,0,0,0,0
"Hughes County, Oklahoma",40063,OK,Hughes,No qualifying Interstate/freeway mainline section in HPMS filter,2024,0,0,0,0,0,0,0,0,0,0,0,0,0,0
"Jackson County, Oklahoma",40065,OK,Jackson,No qualifying Interstate/freeway mainline section in HPMS filter,2024,0,0,0,0,0,0,0,0,0,0,0,0,0,0
"Jefferson County, Oklahoma",40067,OK,Jefferson,No qualifying Interstate/freeway mainline section in HPMS filter,2024,0,0,0,0,0,0,0,0,0,0,0,0,0,0
"Johnston County, Oklahoma",40069,OK,Johnston,No qualifying Interstate/freeway mainline section in HPMS filter,2024,0,0,0,0,0,0,0,0,0,0,0,0,0,0
"Kay County, Oklahoma",40071,OK,Kay,Direct FIPS match,2024,28.042,604505.6,13.31216787,21557.15,26800,28.042,604505.6,21557.15,26800,0.0,0.0,0.0,,352
"Kingfisher County, Oklahoma",40073,OK,Kingfisher,No qualifying Interstate/freeway mainline section in HPMS filter,2024,0,0,0,0,0,0,0,0,0,0,0,0,0,0
"Kiowa County, Oklahoma",40075,OK,Kiowa,No qualifying Interstate/freeway mainline section in HPMS filter,2024,0,0,0,0,0,0,0,0,0,0,0,0,0,0
"Latimer County, Oklahoma",40077,OK,Latimer,No qualifying Interstate/freeway mainline section in HPMS filter,2024,0,0,0,0,0,0,0,0,0,0,0,0,0,0
"Le Flore County, Oklahoma",40079,OK,Le Flore,No qualifying Interstate/freeway mainline section in HPMS filter,2024,0,0,0,0,0,0,0,0,0,0,0,0,0,0
"Lincoln County, Oklahoma",40081,OK,Lincoln,Direct FIPS match,2024,30.531,1088156.6,13.89999655,35641.0403,38300,30.531,1088156.6,35641.0403,38300,0.0,0.0,0.0,,388
"Logan County, Oklahoma",40083,OK,Logan,Direct FIPS match,2024,18.9355,644147.1,13.37568395,34017.961,44900,18.9355,644147.1,34017.961,44900,0.0,0.0,0.0,,263
"Love County, Oklahoma",40085,OK,Love,Direct FIPS match,2024,24.468,812426.6,13.60778208,33203.6374,49500,24.468,812426.6,33203.6374,49500,0.0,0.0,0.0,,329
"McClain County, Oklahoma",40087,OK,McClain,Direct FIPS match,2024,32.441,1266435.4,14.05171753,39038.1123,79300,32.441,1266435.4,39038.1123,79300,0.0,0.0,0.0,,479
"McCurtain County, Oklahoma",40089,OK,McCurtain,No qualifying Interstate/freeway mainline section in HPMS filter,2024,0,0,0,0,0,0,0,0,0,0,0,0,0,0
"McIntosh County, Oklahoma",40091,OK,McIntosh,Direct FIPS match,2024,30.5005,488213.1,13.09850932,16006.7245,18300,30.5005,488213.1,16006.7245,18300,0.0,0.0,0.0,,383
"Major County, Oklahoma",40093,OK,Major,No qualifying Interstate/freeway mainline section in HPMS filter,2024,0,0,0,0,0,0,0,0,0,0,0,0,0,0
"Marshall County, Oklahoma",40095,OK,Marshall,No qualifying Interstate/freeway mainline section in HPMS filter,2024,0,0,0,0,0,0,0,0,0,0,0,0,0,0
"Mayes County, Oklahoma",40097,OK,Mayes,Direct FIPS match,2024,13.003,318918.8,12.67269494,24526.5554,26000,13.003,318918.8,24526.5554,26000,0.0,0.0,0.0,,149
"Murray County, Oklahoma",40099,OK,Murray,Direct FIPS match,2024,9.895,308145.5,12.6383306,31141.5361,33400,9.895,308145.5,31141.5361,33400,0.0,0.0,0.0,,134
"Muskogee County, Oklahoma",40101,OK,Muskogee,Direct FIPS match,2024,19.5532,339054.9,12.73392027,17340.1234,23500,14.059,248237.6,17656.8461,21900,5.4942,90817.3,16529.6676,23500,276
"Noble County, Oklahoma",40103,OK,Noble,Direct FIPS match,2024,30.157,632408.8,13.35729288,20970.5475,21500,30.157,632408.8,20970.5475,21500,0.0,0.0,0.0,,399
"Nowata County, Oklahoma",40105,OK,Nowata,No qualifying Interstate/freeway mainline section in HPMS filter,2024,0,0,0,0,0,0,0,0,0,0,0,0,0,0
"Okfuskee County, Oklahoma",40107,OK,Okfuskee,Direct FIPS match,2024,20.5738,384253.86,12.85906131,18676.8541,19700,20.5738,384253.86,18676.8541,19700,0.0,0.0,0.0,,268
"Oklahoma County, Oklahoma",40109,OK,Oklahoma,Direct FIPS match,2024,164.5382,11148434.25,16.22680971,67755.9026,157000,146.0922,9565744.45,65477.4481,157000,18.446,1582689.8,85801.2469,134300,2836
"Okmulgee County, Oklahoma",40111,OK,Okmulgee,Direct FIPS match,2024,12.0659,199746.37,12.2048087,16554.6184,18500,12.0659,199746.37,16554.6184,18500,0.0,0.0,0.0,,169
"Osage County, Oklahoma",40113,OK,Osage,Direct FIPS match,2024,3.4129,22687.86,10.02962933,6647.6779,13400,0.0,0.0,0.0,,3.4129,22687.86,6647.6779,13400,30
"Ottawa County, Oklahoma",40115,OK,Ottawa,Direct FIPS match,2024,31.3369,828717.85,13.62763623,26445.4317,27500,31.3369,828717.85,26445.4317,27500,0.0,0.0,0.0,,380
"Pawnee County, Oklahoma",40117,OK,Pawnee,No qualifying Interstate/freeway mainline section in HPMS filter,2024,0,0,0,0,0,0,0,0,0,0,0,0,0,0
"Payne County, Oklahoma",40119,OK,Payne,Direct FIPS match,2024,12.101,295464.6,12.5963077,24416.5441,25900,12.101,295464.6,24416.5441,25900,0.0,0.0,0.0,,153
"Pittsburg County, Oklahoma",40121,OK,Pittsburg,Direct FIPS match,2024,6.682,177393.05,12.08612881,26547.8973,29900,0.0,0.0,0.0,,6.682,177393.05,26547.8973,29900,124
"Pontotoc County, Oklahoma",40123,OK,Pontotoc,Direct FIPS match,2024,6.1261,64781.09,11.07878446,10574.6054,16100,0.0,0.0,0.0,,6.1261,64781.09,10574.6054,16100,109
"Pottawatomie County, Oklahoma",40125,OK,Pottawatomie,Direct FIPS match,2024,27.4637,838398.54,13.63925004,30527.516,47200,20.8407,734314.54,35234.639,47200,6.623,104084.0,15715.5368,20000,436
"Pushmataha County, Oklahoma",40127,OK,Pushmataha,No qualifying Interstate/freeway mainline section in HPMS filter,2024,0,0,0,0,0,0,0,0,0,0,0,0,0,0
"Roger Mills County, Oklahoma",40129,OK,Roger Mills,No qualifying Interstate/freeway mainline section in HPMS filter,2024,0,0,0,0,0,0,0,0,0,0,0,0,0,0
"Rogers County, Oklahoma",40131,OK,Rogers,Direct FIPS match,2024,28.1755,1050763.88,13.86502891,37293.5309,82400,27.8657,1042523.2,37412.4174,82400,0.3098,8240.68,26600.0,26600,384
"Seminole County, Oklahoma",40133,OK,Seminole,Direct FIPS match,2024,19.033,397471.6,12.89288128,20883.2869,23400,19.033,397471.6,20883.2869,23400,0.0,0.0,0.0,,229
"Sequoyah County, Oklahoma",40135,OK,Sequoyah,Direct FIPS match,2024,40.6665,897524.44,13.70739674,22070.3636,23600,40.6665,897524.44,22070.3636,23600,0.0,0.0,0.0,,587
"Stephens County, Oklahoma",40137,OK,Stephens,No qualifying Interstate/freeway mainline section in HPMS filter,2024,0,0,0,0,0,0,0,0,0,0,0,0,0,0
"Texas County, Oklahoma",40139,OK,Texas,No qualifying Interstate/freeway mainline section in HPMS filter,2024,0,0,0,0,0,0,0,0,0,0,0,0,0,0
"Tillman County, Oklahoma",40141,OK,Tillman,No qualifying Interstate/freeway mainline section in HPMS filter,2024,0,0,0,0,0,0,0,0,0,0,0,0,0,0
"Tulsa County, Oklahoma",40143,OK,Tulsa,Direct FIPS match,2024,133.2783,7773437.35,15.86622314,58324.8537,129500,34.7308,2243792.79,64605.2723,111000,98.5475,5529644.56,56111.4646,129500,2570
"Wagoner County, Oklahoma",40145,OK,Wagoner,Direct FIPS match,2024,19.4974,393080.61,12.88177253,20160.6681,28500,0.0,0.0,0.0,,19.4974,393080.61,20160.6681,28500,277
"Washington County, Oklahoma",40147,OK,Washington,No qualifying Interstate/freeway mainline section in HPMS filter,2024,0,0,0,0,0,0,0,0,0,0,0,0,0,0
"Washita County, Oklahoma",40149,OK,Washita,Direct FIPS match,2024,13.594,319440.4,12.67432912,23498.6317,25500,13.594,319440.4,23498.6317,25500,0.0,0.0,0.0,,172
"Woods County, Oklahoma",40151,OK,Woods,No qualifying Interstate/freeway mainline section in HPMS filter,2024,0,0,0,0,0,0,0,0,0,0,0,0,0,0
"Woodward County, Oklahoma",40153,OK,Woodward,No qualifying Interstate/freeway mainline section in HPMS filter,2024,0,0,0,0,0,0,0,0,0,0,0,0,0,0
"Baker County, Oregon",41001,OR,Baker,Direct FIPS match,2024,65.8,790844.3,13.58085765,12018.9103,12776,65.8,790844.3,12018.9103,12776,0.0,0.0,0.0,,813
"Benton County, Oregon",41003,OR,Benton,No qualifying Interstate/freeway mainline section in HPMS filter,2024,0,0,0,0,0,0,0,0,0,0,0,0,0,0
"Clackamas County, Oregon",41005,OR,Clackamas,Direct FIPS match,2024,29.612,2540474.289,14.74786174,85792.0535,158064,21.6,2328941.65,107821.3727,158064,8.012,211532.639,26401.9769,35946,528
"Clatsop County, Oregon",41007,OR,Clatsop,No qualifying Interstate/freeway mainline section in HPMS filter,2024,0,0,0,0,0,0,0,0,0,0,0,0,0,0
"Columbia County, Oregon",41009,OR,Columbia,No qualifying Interstate/freeway mainline section in HPMS filter,2024,0,0,0,0,0,0,0,0,0,0,0,0,0,0
"Coos County, Oregon",41011,OR,Coos,No qualifying Interstate/freeway mainline section in HPMS filter,2024,0,0,0,0,0,0,0,0,0,0,0,0,0,0
"Crook County, Oregon",41013,OR,Crook,No qualifying Interstate/freeway mainline section in HPMS filter,2024,0,0,0,0,0,0,0,0,0,0,0,0,0,0
"Curry County, Oregon",41015,OR,Curry,No qualifying Interstate/freeway mainline section in HPMS filter,2024,0,0,0,0,0,0,0,0,0,0,0,0,0,0
"Deschutes County, Oregon",41017,OR,Deschutes,No qualifying Interstate/freeway mainline section in HPMS filter,2024,0,0,0,0,0,0,0,0,0,0,0,0,0,0
"Douglas County, Oregon",41019,OR,Douglas,Direct FIPS match,2024,87.71,2254419.3,14.62840342,25703.1045,47255,87.71,2254419.3,25703.1045,47255,0.0,0.0,0.0,,1226
"Gilliam County, Oregon",41021,OR,Gilliam,Direct FIPS match,2024,34.91,486481.45,13.09495611,13935.3036,13959,34.91,486481.45,13935.3036,13959,0.0,0.0,0.0,,386
"Grant County, Oregon",41023,OR,Grant,No qualifying Interstate/freeway mainline section in HPMS filter,2024,0,0,0,0,0,0,0,0,0,0,0,0,0,0
"Harney County, Oregon",41025,OR,Harney,No qualifying Interstate/freeway mainline section in HPMS filter,2024,0,0,0,0,0,0,0,0,0,0,0,0,0,0
"Hood River County, Oregon",41027,OR,Hood River,Direct FIPS match,2024,25.64,672211.34,13.41832955,26217.291,34672,25.64,672211.34,26217.291,34672,0.0,0.0,0.0,,331
"Jackson County, Oregon",41029,OR,Jackson,Direct FIPS match,2024,56.61,1821971.83,14.41543044,32184.6287,54934,52.22,1739391.54,33308.915,54934,4.39,82580.29,18811.0,18811,752
"Jefferson County, Oregon",41031,OR,Jefferson,No qualifying Interstate/freeway mainline section in HPMS filter,2024,0,0,0,0,0,0,0,0,0,0,0,0,0,0
"Josephine County, Oregon",41033,OR,Josephine,Direct FIPS match,2024,28.07,697083.6,13.45466206,24833.7585,38227,28.07,697083.6,24833.7585,38227,0.0,0.0,0.0,,401
"Klamath County, Oregon",41035,OR,Klamath,No qualifying Interstate/freeway mainline section in HPMS filter,2024,0,0,0,0,0,0,0,0,0,0,0,0,0,0
"Lake County, Oregon",41037,OR,Lake,No qualifying Interstate/freeway mainline section in HPMS filter,2024,0,0,0,0,0,0,0,0,0,0,0,0,0,0
"Lane County, Oregon",41039,OR,Lane,Direct FIPS match,2024,56.763,2585328.178,14.7653634,45546.0102,83260,39.03,1711624.46,43854.0728,77342,17.733,873703.718,49269.9328,83260,908
"Lincoln County, Oregon",41041,OR,Lincoln,No qualifying Interstate/freeway mainline section in HPMS filter,2024,0,0,0,0,0,0,0,0,0,0,0,0,0,0
"Linn County, Oregon",41043,OR,Linn,Direct FIPS match,2024,37.11,1796623.06,14.40141994,48413.4481,69000,37.11,1796623.06,48413.4481,69000,0.0,0.0,0.0,,478
"Malheur County, Oregon",41045,OR,Malheur,Direct FIPS match,2024,26.01,352693.62,12.77335786,13559.9239,26561,26.01,352693.62,13559.9239,26561,0.0,0.0,0.0,,321
"Marion County, Oregon",41047,OR,Marion,Direct FIPS match,2024,57.29,3915829.74,15.18053806,68351.0166,102163,40.15,3470481.92,86437.9059,102163,17.14,445347.82,25982.9533,48018,800
"Morrow County, Oregon",41049,OR,Morrow,Direct FIPS match,2024,27.86,487375.31,13.09679181,17493.7297,21773,27.86,487375.31,17493.7297,21773,0.0,0.0,0.0,,311
"Multnomah County, Oregon",41051,OR,Multnomah,Direct FIPS match,2024,73.34,6566345.13,15.69746809,89532.9306,171340,68.94,6094898.51,88408.7396,171340,4.4,471446.62,107146.9591,149659,1110
"Polk County, Oregon",41053,OR,Polk,Direct FIPS match,2024,10.86,322342.22,12.68337216,29681.6041,46393,0.0,0.0,0.0,,10.86,322342.22,29681.6041,46393,176
"Sherman County, Oregon",41055,OR,Sherman,Direct FIPS match,2024,14.74,215519.48,12.28081122,14621.403,17061,14.74,215519.48,14621.403,17061,0.0,0.0,0.0,,179
"Tillamook County, Oregon",41057,OR,Tillamook,No qualifying Interstate/freeway mainline section in HPMS filter,2024,0,0,0,0,0,0,0,0,0,0,0,0,0,0
"Umatilla County, Oregon",41059,OR,Umatilla,Direct FIPS match,2024,77.84,1218068.67,14.01277793,15648.3642,25753,77.84,1218068.67,15648.3642,25753,0.0,0.0,0.0,,922
"Union County, Oregon",41061,OR,Union,Direct FIPS match,2024,42.21,526149.65,13.17334286,12465.0474,12872,42.21,526149.65,12465.0474,12872,0.0,0.0,0.0,,515
"Wallowa County, Oregon",41063,OR,Wallowa,No qualifying Interstate/freeway mainline section in HPMS filter,2024,0,0,0,0,0,0,0,0,0,0,0,0,0,0
"Wasco County, Oregon",41065,OR,Wasco,Direct FIPS match,2024,32.13,707622.0,13.46966674,22023.7162,26662,32.13,707622.0,22023.7162,26662,0.0,0.0,0.0,,402
"Washington County, Oregon",41067,OR,Washington,Direct FIPS match,2024,33.02,3115165.49,14.95179316,94341.7774,159610,7.59,959886.2,126467.22,159610,25.43,2155279.29,84753.4129,149747,544
"Wheeler County, Oregon",41069,OR,Wheeler,No qualifying Interstate/freeway mainline section in HPMS filter,2024,0,0,0,0,0,0,0,0,0,0,0,0,0,0
"Yamhill County, Oregon",41071,OR,Yamhill,Direct FIPS match,2024,4.18,65571.66,11.09091412,15687.0,15687,0.0,0.0,0.0,,4.18,65571.66,15687.0,15687,60
"Adams County, Pennsylvania",42001,PA,Adams,Direct FIPS match,2024,23.571,490583.539,13.1033529,20813.0134,24936,0.0,0.0,0.0,,23.571,490583.539,20813.0134,24936,297
"Allegheny County, Pennsylvania",42003,PA,Allegheny,Direct FIPS match,2024,172.998,7577331.857,15.84067183,43800.1125,99372,108.32,5637819.446,52047.8162,99372,64.678,1939512.411,29987.2045,88873,2513
"Armstrong County, Pennsylvania",42005,PA,Armstrong,Direct FIPS match,2024,16.595,237078.021,12.37614879,14286.1115,17331,0.0,0.0,0.0,,16.595,237078.021,14286.1115,17331,280
"Beaver County, Pennsylvania",42007,PA,Beaver,Direct FIPS match,2024,40.671,976241.647,13.79146645,24003.3844,42676,40.671,976241.647,24003.3844,42676,0.0,0.0,0.0,,567
"Bedford County, Pennsylvania",42009,PA,Bedford,Direct FIPS match,2024,56.519,1330927.285,14.10138722,23548.3162,32495,53.271,1288278.897,24183.4938,32495,3.248,42648.388,13130.6613,14840,660
"Berks County, Pennsylvania",42011,PA,Berks,Direct FIPS match,2024,88.696,3502170.162,15.06889367,39485.097,113173,51.876,1767555.494,34072.7021,59992,36.82,1734614.668,47110.6645,113173,1332
"Blair County, Pennsylvania",42013,PA,Blair,Direct FIPS match,2024,48.509,875000.876,13.68198131,18037.9079,34429,41.531,738685.646,17786.3679,34429,6.978,136315.23,19535.0,19535,718
"Bradford County, Pennsylvania",42015,PA,Bradford,Direct FIPS match,2024,5.007,49457.062,10.80888036,9877.5838,12066,0.0,0.0,0.0,,5.007,49457.062,9877.5838,12066,75
"Bucks County, Pennsylvania",42017,PA,Bucks,Direct FIPS match,2024,78.227,3900907.305,15.17671998,49866.5078,139715,38.493,2439842.415,63384.0546,139715,39.734,1461064.89,36771.1504,108921,1158
"Butler County, Pennsylvania",42019,PA,Butler,Direct FIPS match,2024,50.055,1360596.27,14.12343433,27182.0252,59435,33.738,1081637.557,32059.9193,59435,16.317,278958.713,17096.2011,22513,679
"Cambria County, Pennsylvania",42021,PA,Cambria,Direct FIPS match,2024,40.368,666421.37,13.40967894,16508.6546,28310,0.0,0.0,0.0,,40.368,666421.37,16508.6546,28310,573
"Cameron County, Pennsylvania",42023,PA,Cameron,No qualifying Interstate/freeway mainline section in HPMS filter,2024,0,0,0,0,0,0,0,0,0,0,0,0,0,0
"Carbon County, Pennsylvania",42025,PA,Carbon,Direct FIPS match,2024,37.067,979881.743,13.79518819,26435.4208,30610,37.067,979881.743,26435.4208,30610,0.0,0.0,0.0,,426
"Centre County, Pennsylvania",42027,PA,Centre,Direct FIPS match,2024,73.386,1582668.165,14.27462332,21566.3501,38785,62.608,1425844.507,22774.1584,38785,10.778,156823.658,14550.3487,24599,998
"Chester County, Pennsylvania",42029,PA,Chester,Direct FIPS match,2024,90.882,4244133.745,15.26104853,46699.3876,147151,26.025,1148738.564,44139.8103,62882,64.857,3095395.181,47726.4625,147151,1283
"Clarion County, Pennsylvania",42031,PA,Clarion,Direct FIPS match,2024,28.061,617545.799,13.33351013,22007.2627,24980,28.061,617545.799,22007.2627,24980,0.0,0.0,0.0,,386
"Clearfield County, Pennsylvania",42033,PA,Clearfield,Direct FIPS match,2024,41.795,891899.084,13.70110939,21339.8513,25592,41.795,891899.084,21339.8513,25592,0.0,0.0,0.0,,529
"Clinton County, Pennsylvania",42035,PA,Clinton,Direct FIPS match,2024,38.306,746549.156,13.52321808,19489.0919,25678,23.972,504574.412,21048.4904,25678,14.334,241974.744,16881.1737,20116,567
"Columbia County, Pennsylvania",42037,PA,Columbia,Direct FIPS match,2024,19.143,561290.211,13.23799514,29320.9116,30600,19.143,561290.211,29320.9116,30600,0.0,0.0,0.0,,285
"Crawford County, Pennsylvania",42039,PA,Crawford,Direct FIPS match,2024,27.08,427236.792,12.96509603,15776.8387,17110,27.08,427236.792,15776.8387,17110,0.0,0.0,0.0,,351
"Cumberland County, Pennsylvania",42041,PA,Cumberland,Direct FIPS match,2024,94.692,4046298.196,15.21331324,42731.1515,89499,79.565,3134835.706,39399.6821,89499,15.127,911462.49,60254.0153,86170,1282
"Dauphin County, Pennsylvania",42043,PA,Dauphin,Direct FIPS match,2024,71.93,3494626.275,15.06673728,48583.7102,91549,41.419,2304518.936,55639.1737,91549,30.511,1190107.339,39005.8451,60061,1057
"Delaware County, Pennsylvania",42045,PA,Delaware,Direct FIPS match,2024,31.792,3081185.204,14.94082521,96916.9981,248549,25.518,2828811.589,110855.5368,248549,6.274,252373.615,40225.3132,101406,573
"Elk County, Pennsylvania",42047,PA,Elk,Direct FIPS match,2024,1.8,909.0,6.8134446,505.0,505,0.0,0.0,0.0,,1.8,909.0,505.0,505,30
"Erie County, Pennsylvania",42049,PA,Erie,Direct FIPS match,2024,72.986,1760668.1,14.38120447,24123.3675,43416,72.986,1760668.1,24123.3675,43416,0.0,0.0,0.0,,945
"Fayette County, Pennsylvania",42051,PA,Fayette,Direct FIPS match,2024,36.623,466191.53,13.05235398,12729.4741,39478,0.0,0.0,0.0,,36.623,466191.53,12729.4741,39478,496
"Forest County, Pennsylvania",42053,PA,Forest,No qualifying Interstate/freeway mainline section in HPMS filter,2024,0,0,0,0,0,0,0,0,0,0,0,0,0,0
"Franklin County, Pennsylvania",42055,PA,Franklin,Direct FIPS match,2024,40.565,1478203.615,14.20633881,36440.3701,49536,40.565,1478203.615,36440.3701,49536,0.0,0.0,0.0,,540
"Fulton County, Pennsylvania",42057,PA,Fulton,Direct FIPS match,2024,39.642,679078.078,13.42849286,17130.2678,23185,39.642,679078.078,17130.2678,23185,0.0,0.0,0.0,,474
"Greene County, Pennsylvania",42059,PA,Greene,Direct FIPS match,2024,21.888,462285.367,13.04393982,21120.4937,22657,21.888,462285.367,21120.4937,22657,0.0,0.0,0.0,,287
"Huntingdon County, Pennsylvania",42061,PA,Huntingdon,Direct FIPS match,2024,2.451,51152.37,10.84258365,20870.0,20870,2.451,51152.37,20870.0,20870,0.0,0.0,0.0,,32
"Indiana County, Pennsylvania",42063,PA,Indiana,Direct FIPS match,2024,22.365,162661.068,11.99943013,7273.0189,17854,0.0,0.0,0.0,,22.365,162661.068,7273.0189,17854,366
"Jefferson County, Pennsylvania",42065,PA,Jefferson,Direct FIPS match,2024,23.814,497412.887,13.11717773,20887.4144,25065,23.814,497412.887,20887.4144,25065,0.0,0.0,0.0,,322
"Juniata County, Pennsylvania",42067,PA,Juniata,Direct FIPS match,2024,20.98,396995.326,12.89168231,18922.5608,22220,0.0,0.0,0.0,,20.98,396995.326,18922.5608,22220,302
"Lackawanna County, Pennsylvania",42069,PA,Lackawanna,Direct FIPS match,2024,83.806,2222628.618,14.61420157,26521.1156,73148,63.818,1813920.676,28423.3394,73148,19.988,408707.942,20447.6657,36882,1248
"Lancaster County, Pennsylvania",42071,PA,Lancaster,Direct FIPS match,2024,85.383,4008537.177,15.20393719,46947.72,149465,30.552,885476.426,28982.601,35324,54.831,3123060.751,56957.939,149465,1168
"Lawrence County, Pennsylvania",42073,PA,Lawrence,Direct FIPS match,2024,34.014,565067.62,13.24470245,16612.7953,25217,34.014,565067.62,16612.7953,25217,0.0,0.0,0.0,,434
"Lebanon County, Pennsylvania",42075,PA,Lebanon,Direct FIPS match,2024,29.494,988474.032,13.80391866,33514.4108,54673,29.494,988474.032,33514.4108,54673,0.0,0.0,0.0,,372
"Lehigh County, Pennsylvania",42077,PA,Lehigh,Direct FIPS match,2024,61.509,3413836.291,15.04334752,55501.411,124893,44.961,2360038.992,52490.803,124893,16.548,1053797.299,63681.2484,96684,952
"Luzerne County, Pennsylvania",42079,PA,Luzerne,Direct FIPS match,2024,95.46,3002543.728,14.91497073,31453.4227,68267,84.513,2657756.495,31447.9014,68267,10.947,344787.233,31496.0476,59684,1318
"Lycoming County, Pennsylvania",42081,PA,Lycoming,Direct FIPS match,2024,49.565,969736.48,13.78478067,19564.9446,42900,19.493,523834.052,26872.9314,42900,30.072,445902.428,14827.8275,26455,764
"McKean County, Pennsylvania",42083,PA,McKean,Direct FIPS match,2024,5.223,48669.43,10.79282694,9318.2903,15330,0.0,0.0,0.0,,5.223,48669.43,9318.2903,15330,120
"Mercer County, Pennsylvania",42085,PA,Mercer,Direct FIPS match,2024,63.446,1286556.992,14.06748099,20277.9843,27144,58.116,1234599.046,21243.703,27144,5.33,51957.946,9748.2075,16227,850
"Mifflin County, Pennsylvania",42087,PA,Mifflin,Direct FIPS match,2024,20.093,355374.439,12.78093008,17686.4798,26865,0.0,0.0,0.0,,20.093,355374.439,17686.4798,26865,372
"Monroe County, Pennsylvania",42089,PA,Monroe,Direct FIPS match,2024,58.089,1994449.583,14.50587917,34334.3763,98508,41.618,1507237.992,36216.0121,98508,16.471,487211.591,29579.9642,47801,866
"Montgomery County, Pennsylvania",42091,PA,Montgomery,Direct FIPS match,2024,91.019,6554461.243,15.69565663,72012.0112,147184,57.867,4633466.953,80070.9723,115979,33.152,1920994.29,57945.0498,147184,1416
"Montour County, Pennsylvania",42093,PA,Montour,Direct FIPS match,2024,11.72,331675.072,12.71191408,28299.9208,29432,11.72,331675.072,28299.9208,29432,0.0,0.0,0.0,,157
"Northampton County, Pennsylvania",42095,PA,Northampton,Direct FIPS match,2024,43.198,2648403.581,14.78946797,61308.4768,96628,14.493,972363.359,67091.9312,73681,28.705,1676040.222,58388.4418,96628,723
"Northumberland County, Pennsylvania",42097,PA,Northumberland,Direct FIPS match,2024,22.603,423231.918,12.95567794,18724.5905,32137,14.83,305214.06,20580.8537,32137,7.773,118017.858,15183.0513,20080,314
"Perry County, Pennsylvania",42099,PA,Perry,Direct FIPS match,2024,18.13,361508.134,12.79804259,19939.7757,35267,0.0,0.0,0.0,,18.13,361508.134,19939.7757,35267,252
"Philadelphia County, Pennsylvania",42101,PA,Philadelphia,Direct FIPS match,2024,43.071,5559425.943,15.53100559,129075.8502,276083,35.968,5084588.876,141364.237,276083,7.103,474837.067,66850.2136,114645,734
"Pike County, Pennsylvania",42103,PA,Pike,Direct FIPS match,2024,35.773,609423.94,13.32027107,17035.8634,26785,35.373,606623.94,17149.3495,26785,0.4,2800.0,7000.0,7000,499
"Potter County, Pennsylvania",42105,PA,Potter,No qualifying Interstate/freeway mainline section in HPMS filter,2024,0,0,0,0,0,0,0,0,0,0,0,0,0,0
"Schuylkill County, Pennsylvania",42107,PA,Schuylkill,Direct FIPS match,2024,42.893,1054697.852,13.86876584,24589.0437,31610,42.893,1054697.852,24589.0437,31610,0.0,0.0,0.0,,577
"Snyder County, Pennsylvania",42109,PA,Snyder,Direct FIPS match,2024,3.084,43485.491,10.68020562,14100.3538,15037,0.0,0.0,0.0,,3.084,43485.491,14100.3538,15037,52
"Somerset County, Pennsylvania",42111,PA,Somerset,Direct FIPS match,2024,67.474,1240829.995,14.03129187,18389.7501,31335,30.219,908862.849,30075.8744,31335,37.255,331967.146,8910.6736,14820,871
"Sullivan County, Pennsylvania",42113,PA,Sullivan,No qualifying Interstate/freeway mainline section in HPMS filter,2024,0,0,0,0,0,0,0,0,0,0,0,0,0,0
"Susquehanna County, Pennsylvania",42115,PA,Susquehanna,Direct FIPS match,2024,27.236,547218.529,13.21260533,20091.7363,22835,27.236,547218.529,20091.7363,22835,0.0,0.0,0.0,,368
"Tioga County, Pennsylvania",42117,PA,Tioga,Direct FIPS match,2024,35.12,372497.94,12.82798947,10606.4334,12585,0.0,0.0,0.0,,35.12,372497.94,10606.4334,12585,462
"Union County, Pennsylvania",42119,PA,Union,Direct FIPS match,2024,16.158,334364.96,12.71999136,20693.4621,32137,16.158,334364.96,20693.4621,32137,0.0,0.0,0.0,,199
"Venango County, Pennsylvania",42121,PA,Venango,Direct FIPS match,2024,24.829,393290.627,12.88230667,15839.9705,25428,14.748,333589.025,22619.2721,25428,10.081,59701.602,5922.1905,5994,300
"Warren County, Pennsylvania",42123,PA,Warren,Direct FIPS match,2024,4.213,30411.338,10.32260366,7218.4519,9465,0.0,0.0,0.0,,4.213,30411.338,7218.4519,9465,54
"Washington County, Pennsylvania",42125,PA,Washington,Direct FIPS match,2024,109.95,2874336.978,14.87133294,26142.219,60087,64.733,2283902.408,35281.8873,60087,45.217,590434.57,13057.8006,27704,1546
"Wayne County, Pennsylvania",42127,PA,Wayne,Direct FIPS match,2024,6.572,102132.979,11.53404075,15540.6237,23753,6.572,102132.979,15540.6237,23753,0.0,0.0,0.0,,91
"Westmoreland County, Pennsylvania",42129,PA,Westmoreland,Direct FIPS match,2024,89.525,2654918.625,14.79192494,29655.6116,56534,57.662,1943234.013,33700.4268,56534,31.863,711684.612,22335.7691,50136,1132
"Wyoming County, Pennsylvania",42131,PA,Wyoming,No qualifying Interstate/freeway mainline section in HPMS filter,2024,0,0,0,0,0,0,0,0,0,0,0,0,0,0
"York County, Pennsylvania",42133,PA,York,Direct FIPS match,2024,61.929,2634028.72,14.78402544,42533.0414,68340,46.063,2031503.14,44102.7102,68340,15.866,602525.58,37975.8969,53044,903
"Bristol County, Rhode Island",44001,RI,Bristol,Direct FIPS match,2024,1.1495,25563.5372,10.1489614,22238.8318,26644,0.0,0.0,0.0,,1.1495,25563.5372,22238.8318,26644,14
"Kent County, Rhode Island",44003,RI,Kent,Direct FIPS match,2024,26.3314,2136337.9236,14.57460414,81132.7132,172261,19.3538,1750016.315,90422.3623,172261,6.9776,386321.6086,55365.9723,171438,454
"Newport County, Rhode Island",44005,RI,Newport,Direct FIPS match,2024,13.6047,463439.7241,13.04643377,34064.6779,47108,0.0,0.0,0.0,,13.6047,463439.7241,34064.6779,47108,227
"Providence County, Rhode Island",44007,RI,Providence,Direct FIPS match,2024,69.0776,4851962.517,15.39489403,70239.3036,199280,36.6201,3299824.227,90109.6454,199280,32.4575,1552138.29,47820.6359,119771,1253
"Washington County, Rhode Island",44009,RI,Washington,Direct FIPS match,2024,50.9411,1619902.4999,14.29787714,31799.5194,62866,13.5832,563831.2189,41509.4542,46104,37.3579,1056071.281,28269.0216,62866,754
"Abbeville County, South Carolina",45001,SC,Abbeville,No qualifying Interstate/freeway mainline section in HPMS filter,2024,0,0,0,0,0,0,0,0,0,0,0,0,0,0
"Aiken County, South Carolina",45003,SC,Aiken,Direct FIPS match,2024,45.16,1653342.0,14.31830986,36610.7617,65500,45.16,1653342.0,36610.7617,65500,0.0,0.0,0.0,,542
"Allendale County, South Carolina",45005,SC,Allendale,No qualifying Interstate/freeway mainline section in HPMS filter,2024,0,0,0,0,0,0,0,0,0,0,0,0,0,0
"Anderson County, South Carolina",45007,SC,Anderson,Direct FIPS match,2024,36.57,2408209.0,14.69439429,65852.0372,112600,36.57,2408209.0,65852.0372,112600,0.0,0.0,0.0,,419
"Bamberg County, South Carolina",45009,SC,Bamberg,No qualifying Interstate/freeway mainline section in HPMS filter,2024,0,0,0,0,0,0,0,0,0,0,0,0,0,0
"Barnwell County, South Carolina",45011,SC,Barnwell,No qualifying Interstate/freeway mainline section in HPMS filter,2024,0,0,0,0,0,0,0,0,0,0,0,0,0,0
"Beaufort County, South Carolina",45013,SC,Beaufort,No qualifying Interstate/freeway mainline section in HPMS filter,2024,0,0,0,0,0,0,0,0,0,0,0,0,0,0
"Berkeley County, South Carolina",45015,SC,Berkeley,Direct FIPS match,2024,22.83,1528840.7,14.24002095,66966.3031,107600,22.83,1528840.7,66966.3031,107600,0.0,0.0,0.0,,258
"Calhoun County, South Carolina",45017,SC,Calhoun,Direct FIPS match,2024,17.44,1062392.31,13.87603476,60916.9903,63700,17.44,1062392.31,60916.9903,63700,0.0,0.0,0.0,,187
"Charleston County, South Carolina",45019,SC,Charleston,Direct FIPS match,2024,42.62,3690461.43,15.12126233,86589.8975,169800,32.08,3096621.79,96528.1107,169800,10.54,593839.64,56341.5218,81200,595
"Cherokee County, South Carolina",45021,SC,Cherokee,Direct FIPS match,2024,22.8,1369651.7,14.13006776,60072.443,66800,22.8,1369651.7,60072.443,66800,0.0,0.0,0.0,,252
"Chester County, South Carolina",45023,SC,Chester,Direct FIPS match,2024,18.82,962004.0,13.77677493,51116.0468,56200,18.82,962004.0,51116.0468,56200,0.0,0.0,0.0,,214
"Chesterfield County, South Carolina",45025,SC,Chesterfield,No qualifying Interstate/freeway mainline section in HPMS filter,2024,0,0,0,0,0,0,0,0,0,0,0,0,0,0
"Clarendon County, South Carolina",45027,SC,Clarendon,Direct FIPS match,2024,34.22,1186905.04,13.98686051,34684.5424,39400,34.22,1186905.04,34684.5424,39400,0.0,0.0,0.0,,404
"Colleton County, South Carolina",45029,SC,Colleton,Direct FIPS match,2024,28.3,1372830.0,14.13238559,48509.894,49800,28.3,1372830.0,48509.894,49800,0.0,0.0,0.0,,315
"Darlington County, South Carolina",45031,SC,Darlington,Direct FIPS match,2024,14.58,467682.0,13.05554599,32076.9547,54200,14.58,467682.0,32076.9547,54200,0.0,0.0,0.0,,170
"Dillon County, South Carolina",45033,SC,Dillon,Direct FIPS match,2024,23.77,976444.0,13.7916737,41078.8389,44500,23.77,976444.0,41078.8389,44500,0.0,0.0,0.0,,278
"Dorchester County, South Carolina",45035,SC,Dorchester,Direct FIPS match,2024,32.61,1567587.0,14.26504869,48070.7452,51300,32.61,1567587.0,48070.7452,51300,0.0,0.0,0.0,,370
"Edgefield County, South Carolina",45037,SC,Edgefield,No qualifying Interstate/freeway mainline section in HPMS filter,2024,0,0,0,0,0,0,0,0,0,0,0,0,0,0
"Fairfield County, South Carolina",45039,SC,Fairfield,Direct FIPS match,2024,21.46,1073152.0,13.8861116,50007.0829,54300,21.46,1073152.0,50007.0829,54300,0.0,0.0,0.0,,242
"Florence County, South Carolina",45041,SC,Florence,Direct FIPS match,2024,31.12,1278862.22,14.06148213,41094.5443,58500,29.01,1232192.0,42474.7329,58500,2.11,46670.22,22118.5877,29000,382
"Georgetown County, South Carolina",45043,SC,Georgetown,No qualifying Interstate/freeway mainline section in HPMS filter,2024,0,0,0,0,0,0,0,0,0,0,0,0,0,0
"Greenville County, South Carolina",45045,SC,Greenville,Direct FIPS match,2024,56.849,3738421.966,15.13417441,65760.5581,142800,51.23,3590738.766,70090.5478,142800,5.619,147683.2,26282.8261,31500,839
"Greenwood County, South Carolina",45047,SC,Greenwood,No qualifying Interstate/freeway mainline section in HPMS filter,2024,0,0,0,0,0,0,0,0,0,0,0,0,0,0
"Hampton County, South Carolina",45049,SC,Hampton,Direct FIPS match,2024,6.61,323237.0,12.68614417,48901.2103,49100,6.61,323237.0,48901.2103,49100,0.0,0.0,0.0,,86
"Horry County, South Carolina",45051,SC,Horry,Direct FIPS match,2024,57.508,1685580.355,14.33762108,29310.363,58800,0.0,0.0,0.0,,57.508,1685580.355,29310.363,58800,758
"Jasper County, South Carolina",45053,SC,Jasper,Direct FIPS match,2024,33.9,1883423.0,14.44860195,55558.2006,65300,33.9,1883423.0,55558.2006,65300,0.0,0.0,0.0,,385
"Kershaw County, South Carolina",45055,SC,Kershaw,Direct FIPS match,2024,21.26,871461.0,13.67792754,40990.6397,55100,21.26,871461.0,40990.6397,55100,0.0,0.0,0.0,,269
"Lancaster County, South Carolina",45057,SC,Lancaster,No qualifying Interstate/freeway mainline section in HPMS filter,2024,0,0,0,0,0,0,0,0,0,0,0,0,0,0
"Laurens County, South Carolina",45059,SC,Laurens,Direct FIPS match,2024,38.2,1259766.94,14.04643809,32978.1921,47700,38.2,1259766.94,32978.1921,47700,0.0,0.0,0.0,,436
"Lee County, South Carolina",45061,SC,Lee,Direct FIPS match,2024,20.33,597878.0,13.30114367,29408.6572,31400,20.33,597878.0,29408.6572,31400,0.0,0.0,0.0,,231
"Lexington County, South Carolina",45063,SC,Lexington,Direct FIPS match,2024,54.5,3490237.2,15.06548054,64041.0495,140300,51.94,3443577.2,66299.1375,140300,2.56,46660.0,18226.5625,29200,655
"McCormick County, South Carolina",45065,SC,McCormick,No qualifying Interstate/freeway mainline section in HPMS filter,2024,0,0,0,0,0,0,0,0,0,0,0,0,0,0
"Marion County, South Carolina",45067,SC,Marion,No qualifying Interstate/freeway mainline section in HPMS filter,2024,0,0,0,0,0,0,0,0,0,0,0,0,0,0
"Marlboro County, South Carolina",45069,SC,Marlboro,No qualifying Interstate/freeway mainline section in HPMS filter,2024,0,0,0,0,0,0,0,0,0,0,0,0,0,0
"Newberry County, South Carolina",45071,SC,Newberry,Direct FIPS match,2024,27.76,1141142.0,13.94754095,41107.4207,42100,27.76,1141142.0,41107.4207,42100,0.0,0.0,0.0,,304
"Oconee County, South Carolina",45073,SC,Oconee,Direct FIPS match,2024,4.03,194674.0,12.17908678,48306.2035,50800,4.03,194674.0,48306.2035,50800,0.0,0.0,0.0,,53
"Orangeburg County, South Carolina",45075,SC,Orangeburg,Direct FIPS match,2024,43.12,2070065.55,14.54309131,48007.086,57800,43.12,2070065.55,48007.086,57800,0.0,0.0,0.0,,486
"Pickens County, South Carolina",45077,SC,Pickens,Direct FIPS match,2024,15.85,385084.0,12.86121937,24295.5205,35000,0.0,0.0,0.0,,15.85,385084.0,24295.5205,35000,184
"Richland County, South Carolina",45079,SC,Richland,Direct FIPS match,2024,70.7,5410224.15,15.50380127,76523.6796,128895,62.83,5014814.15,79815.6,128895,7.87,395410.0,50242.6938,63300,935
"Saluda County, South Carolina",45081,SC,Saluda,No qualifying Interstate/freeway mainline section in HPMS filter,2024,0,0,0,0,0,0,0,0,0,0,0,0,0,0
"Spartanburg County, South Carolina",45083,SC,Spartanburg,Direct FIPS match,2024,90.753,4403328.62,15.29787154,48519.9235,124700,75.53,4058838.26,53738.0943,124700,15.223,344490.36,22629.5973,43100,1108
"Sumter County, South Carolina",45085,SC,Sumter,Direct FIPS match,2024,19.058,499767.4,13.12190007,26223.4967,33000,12.86,417871.0,32493.8569,33000,6.198,81896.4,13213.3591,15300,222
"Union County, South Carolina",45087,SC,Union,No qualifying Interstate/freeway mainline section in HPMS filter,2024,0,0,0,0,0,0,0,0,0,0,0,0,0,0
"Williamsburg County, South Carolina",45089,SC,Williamsburg,No qualifying Interstate/freeway mainline section in HPMS filter,2024,0,0,0,0,0,0,0,0,0,0,0,0,0,0
"York County, South Carolina",45091,SC,York,Direct FIPS match,2024,26.13,2178902.65,14.5943324,83387.013,180500,21.34,2066856.95,96853.6528,180500,4.79,112045.7,23391.5866,42000,318
"Aurora County, South Dakota",46003,SD,Aurora,Direct FIPS match,2024,24.187,250657.166,12.4318454,10363.3012,11536,24.187,250657.166,10363.3012,11536,0.0,0.0,0.0,,255
"Beadle County, South Dakota",46005,SD,Beadle,Direct FIPS match,2024,9.0,28819.67,10.26884812,3202.1856,4822,0.0,0.0,0.0,,9.0,28819.67,3202.1856,4822,97
"Bennett County, South Dakota",46007,SD,Bennett,No qualifying Interstate/freeway mainline section in HPMS filter,2024,0,0,0,0,0,0,0,0,0,0,0,0,0,0
"Bon Homme County, South Dakota",46009,SD,Bon Homme,No qualifying Interstate/freeway mainline section in HPMS filter,2024,0,0,0,0,0,0,0,0,0,0,0,0,0,0
"Brookings County, South Dakota",46011,SD,Brookings,Direct FIPS match,2024,24.05,306392.48,12.63262544,12739.8121,15970,24.05,306392.48,12739.8121,15970,0.0,0.0,0.0,,274
"Brown County, South Dakota",46013,SD,Brown,Direct FIPS match,2024,34.7005,162105.3102,11.99600763,4671.5555,9939,0.0,0.0,0.0,,34.7005,162105.3102,4671.5555,9939,381
"Brule County, South Dakota",46015,SD,Brule,Direct FIPS match,2024,29.555,282000.282,12.5496669,9541.5423,10118,29.555,282000.282,9541.5423,10118,0.0,0.0,0.0,,323
"Buffalo County, South Dakota",46017,SD,Buffalo,No qualifying Interstate/freeway mainline section in HPMS filter,2024,0,0,0,0,0,0,0,0,0,0,0,0,0,0
"Butte County, South Dakota",46019,SD,Butte,Direct FIPS match,2024,1.813,15910.888,9.67482178,8776.0,8776,0.0,0.0,0.0,,1.813,15910.888,8776.0,8776,22
"Campbell County, South Dakota",46021,SD,Campbell,No qualifying Interstate/freeway mainline section in HPMS filter,2024,0,0,0,0,0,0,0,0,0,0,0,0,0,0
"Charles Mix County, South Dakota",46023,SD,Charles Mix,No qualifying Interstate/freeway mainline section in HPMS filter,2024,0,0,0,0,0,0,0,0,0,0,0,0,0,0
"Clark County, South Dakota",46025,SD,Clark,No qualifying Interstate/freeway mainline section in HPMS filter,2024,0,0,0,0,0,0,0,0,0,0,0,0,0,0
"Clay County, South Dakota",46027,SD,Clay,Direct FIPS match,2024,20.0818,127627.0335,11.75687532,6355.3583,9276,0.0,0.0,0.0,,20.0818,127627.0335,6355.3583,9276,229
"Codington County, South Dakota",46029,SD,Codington,Direct FIPS match,2024,25.697,216766.03,12.28657846,8435.4606,9190,25.697,216766.03,8435.4606,9190,0.0,0.0,0.0,,280
"Corson County, South Dakota",46031,SD,Corson,No qualifying Interstate/freeway mainline section in HPMS filter,2024,0,0,0,0,0,0,0,0,0,0,0,0,0,0
"Custer County, South Dakota",46033,SD,Custer,Direct FIPS match,2024,28.7728,141702.7876,11.86149416,4924.887,7702,0.0,0.0,0.0,,28.7728,141702.7876,4924.887,7702,322
"Davison County, South Dakota",46035,SD,Davison,Direct FIPS match,2024,25.6789,242517.0568,12.39883145,9444.2152,14412,18.0,215744.8,11985.8222,14412,7.6789,26772.2568,3486.4703,4792,286
"Day County, South Dakota",46037,SD,Day,Direct FIPS match,2024,37.3547,128113.9622,11.76068328,3429.6611,3748,0.0,0.0,0.0,,37.3547,128113.9622,3429.6611,3748,405
"Deuel County, South Dakota",46039,SD,Deuel,Direct FIPS match,2024,15.724,153677.26,11.94261648,9773.4202,10270,15.724,153677.26,9773.4202,10270,0.0,0.0,0.0,,176
"Dewey County, South Dakota",46041,SD,Dewey,No qualifying Interstate/freeway mainline section in HPMS filter,2024,0,0,0,0,0,0,0,0,0,0,0,0,0,0
"Douglas County, South Dakota",46043,SD,Douglas,No qualifying Interstate/freeway mainline section in HPMS filter,2024,0,0,0,0,0,0,0,0,0,0,0,0,0,0
"Edmunds County, South Dakota",46045,SD,Edmunds,No qualifying Interstate/freeway mainline section in HPMS filter,2024,0,0,0,0,0,0,0,0,0,0,0,0,0,0
"Fall River County, South Dakota",46047,SD,Fall River,Direct FIPS match,2024,36.8086,82271.2962,11.31778971,2235.1107,4959,0.0,0.0,0.0,,36.8086,82271.2962,2235.1107,4959,409
"Faulk County, South Dakota",46049,SD,Faulk,No qualifying Interstate/freeway mainline section in HPMS filter,2024,0,0,0,0,0,0,0,0,0,0,0,0,0,0
"Grant County, South Dakota",46051,SD,Grant,Direct FIPS match,2024,10.143,73583.64,11.20619159,7254.6229,7300,10.143,73583.64,7254.6229,7300,0.0,0.0,0.0,,111
"Gregory County, South Dakota",46053,SD,Gregory,No qualifying Interstate/freeway mainline section in HPMS filter,2024,0,0,0,0,0,0,0,0,0,0,0,0,0,0
"Haakon County, South Dakota",46055,SD,Haakon,No qualifying Interstate/freeway mainline section in HPMS filter,2024,0,0,0,0,0,0,0,0,0,0,0,0,0,0
"Hamlin County, South Dakota",46057,SD,Hamlin,Direct FIPS match,2024,5.675,52165.0,10.86218622,9192.0705,9660,5.675,52165.0,9192.0705,9660,0.0,0.0,0.0,,63
"Hand County, South Dakota",46059,SD,Hand,No qualifying Interstate/freeway mainline section in HPMS filter,2024,0,0,0,0,0,0,0,0,0,0,0,0,0,0
"Hanson County, South Dakota",46061,SD,Hanson,Direct FIPS match,2024,18.631,244505.826,12.40699851,13123.6018,14412,18.631,244505.826,13123.6018,14412,0.0,0.0,0.0,,200
"Harding County, South Dakota",46063,SD,Harding,No qualifying Interstate/freeway mainline section in HPMS filter,2024,0,0,0,0,0,0,0,0,0,0,0,0,0,0
"Hughes County, South Dakota",46065,SD,Hughes,No qualifying Interstate/freeway mainline section in HPMS filter,2024,0,0,0,0,0,0,0,0,0,0,0,0,0,0
"Hutchinson County, South Dakota",46067,SD,Hutchinson,No qualifying Interstate/freeway mainline section in HPMS filter,2024,0,0,0,0,0,0,0,0,0,0,0,0,0,0
"Hyde County, South Dakota",46069,SD,Hyde,No qualifying Interstate/freeway mainline section in HPMS filter,2024,0,0,0,0,0,0,0,0,0,0,0,0,0,0
"Jackson County, South Dakota",46071,SD,Jackson,Direct FIPS match,2024,50.28,348967.732,12.7627376,6940.4879,7912,50.28,348967.732,6940.4879,7912,0.0,0.0,0.0,,563
"Jerauld County, South Dakota",46073,SD,Jerauld,No qualifying Interstate/freeway mainline section in HPMS filter,2024,0,0,0,0,0,0,0,0,0,0,0,0,0,0
"Jones County, South Dakota",46075,SD,Jones,Direct FIPS match,2024,35.616,248957.68,12.42504222,6990.0517,7650,35.616,248957.68,6990.0517,7650,0.0,0.0,0.0,,394
"Kingsbury County, South Dakota",46077,SD,Kingsbury,No qualifying Interstate/freeway mainline section in HPMS filter,2024,0,0,0,0,0,0,0,0,0,0,0,0,0,0
"Lake County, South Dakota",46079,SD,Lake,No qualifying Interstate/freeway mainline section in HPMS filter,2024,0,0,0,0,0,0,0,0,0,0,0,0,0,0
"Lawrence County, South Dakota",46081,SD,Lawrence,Direct FIPS match,2024,33.1129,412353.403,12.92963846,12452.9535,20812,28.14,366487.612,13023.7247,20812,4.9729,45865.791,9223.1477,9690,385
"Lincoln County, South Dakota",46083,SD,Lincoln,Direct FIPS match,2024,31.068,823209.8,13.62096758,26497.0323,59720,31.068,823209.8,26497.0323,59720,0.0,0.0,0.0,,365
"Lyman County, South Dakota",46085,SD,Lyman,Direct FIPS match,2024,72.3789,450934.6482,13.01907992,6230.1948,8764,52.508,403543.128,7685.3647,8764,19.8709,47391.5202,2384.971,2868,806
"McCook County, South Dakota",46087,SD,McCook,Direct FIPS match,2024,23.919,317188.224,12.6672538,13260.9316,13638,23.919,317188.224,13260.9316,13638,0.0,0.0,0.0,,258
"McPherson County, South Dakota",46089,SD,McPherson,No qualifying Interstate/freeway mainline section in HPMS filter,2024,0,0,0,0,0,0,0,0,0,0,0,0,0,0
"Marshall County, South Dakota",46091,SD,Marshall,No qualifying Interstate/freeway mainline section in HPMS filter,2024,0,0,0,0,0,0,0,0,0,0,0,0,0,0
"Meade County, South Dakota",46093,SD,Meade,Direct FIPS match,2024,25.082,580137.86,13.27102277,23129.6492,24822,25.082,580137.86,23129.6492,24822,0.0,0.0,0.0,,323
"Mellette County, South Dakota",46095,SD,Mellette,No qualifying Interstate/freeway mainline section in HPMS filter,2024,0,0,0,0,0,0,0,0,0,0,0,0,0,0
"Miner County, South Dakota",46097,SD,Miner,No qualifying Interstate/freeway mainline section in HPMS filter,2024,0,0,0,0,0,0,0,0,0,0,0,0,0,0
"Minnehaha County, South Dakota",46099,SD,Minnehaha,Direct FIPS match,2024,76.606,1928460.119,14.4722329,25173.7477,66620,69.081,1867780.694,27037.5457,66620,7.525,60679.425,8063.711,10100,894
"Moody County, South Dakota",46101,SD,Moody,Direct FIPS match,2024,24.166,420974.42,12.95032973,17420.1117,20380,24.166,420974.42,17420.1117,20380,0.0,0.0,0.0,,264
"Pennington County, South Dakota",46103,SD,Pennington,Direct FIPS match,2024,109.4597,1470588.599,14.20117397,13434.9774,39570,73.404,1037375.614,14132.4126,39570,36.0557,433212.985,12015.104,19728,1279
"Perkins County, South Dakota",46105,SD,Perkins,No qualifying Interstate/freeway mainline section in HPMS filter,2024,0,0,0,0,0,0,0,0,0,0,0,0,0,0
"Potter County, South Dakota",46107,SD,Potter,No qualifying Interstate/freeway mainline section in HPMS filter,2024,0,0,0,0,0,0,0,0,0,0,0,0,0,0
"Roberts County, South Dakota",46109,SD,Roberts,Direct FIPS match,2024,55.5269,277570.6501,12.53383438,4998.8501,7300,46.597,249647.38,5357.5848,7300,8.9299,27923.2701,3126.941,3668,625
"Sanborn County, South Dakota",46111,SD,Sanborn,Direct FIPS match,2024,31.5366,86347.888,11.36615121,2738.0215,3056,0.0,0.0,0.0,,31.5366,86347.888,2738.0215,3056,343
"Shannon County, South Dakota",46113,SD,Shannon,No qualifying Interstate/freeway mainline section in HPMS filter,2024,0,0,0,0,0,0,0,0,0,0,0,0,0,0
"Spink County, South Dakota",46115,SD,Spink,Direct FIPS match,2024,6.273,15324.444,9.63726973,2442.9211,3042,0.0,0.0,0.0,,6.273,15324.444,2442.9211,3042,66
"Stanley County, South Dakota",46117,SD,Stanley,Direct FIPS match,2024,11.0149,29865.3314,10.30448708,2711.3575,4187,0.0,0.0,0.0,,11.0149,29865.3314,2711.3575,4187,118
"Sully County, South Dakota",46119,SD,Sully,No qualifying Interstate/freeway mainline section in HPMS filter,2024,0,0,0,0,0,0,0,0,0,0,0,0,0,0
"Todd County, South Dakota",46121,SD,Todd,No qualifying Interstate/freeway mainline section in HPMS filter,2024,0,0,0,0,0,0,0,0,0,0,0,0,0,0
"Tripp County, South Dakota",46123,SD,Tripp,No qualifying Interstate/freeway mainline section in HPMS filter,2024,0,0,0,0,0,0,0,0,0,0,0,0,0,0
"Turner County, South Dakota",46125,SD,Turner,No qualifying Interstate/freeway mainline section in HPMS filter,2024,0,0,0,0,0,0,0,0,0,0,0,0,0,0
"Union County, South Dakota",46127,SD,Union,Direct FIPS match,2024,48.1699,784003.3219,13.57216981,16275.793,36180,47.283,777557.15,16444.7508,36180,0.8869,6446.1719,7268.206,9276,539
"Walworth County, South Dakota",46129,SD,Walworth,No qualifying Interstate/freeway mainline section in HPMS filter,2024,0,0,0,0,0,0,0,0,0,0,0,0,0,0
"Yankton County, South Dakota",46135,SD,Yankton,Direct FIPS match,2024,10.2659,70046.5486,11.15692956,6823.2253,9973,0.0,0.0,0.0,,10.2659,70046.5486,6823.2253,9973,111
"Ziebach County, South Dakota",46137,SD,Ziebach,No qualifying Interstate/freeway mainline section in HPMS filter,2024,0,0,0,0,0,0,0,0,0,0,0,0,0,0
"Anderson County, Tennessee",47001,TN,Anderson,Direct FIPS match,2024,12.1141,605292.0892,13.31346806,49965.9149,53084,12.1141,605292.0892,49965.9149,53084,0.0,0.0,0.0,,174
"Bedford County, Tennessee",47003,TN,Bedford,Direct FIPS match,2024,0.4486,24169.6708,10.09289523,53878.0,53878,0.4486,24169.6708,53878.0,53878,0.0,0.0,0.0,,6
"Benton County, Tennessee",47005,TN,Benton,Direct FIPS match,2024,8.7782,314120.7011,12.65753577,35784.1814,36253,8.7782,314120.7011,35784.1814,36253,0.0,0.0,0.0,,97
"Bledsoe County, Tennessee",47007,TN,Bledsoe,No qualifying Interstate/freeway mainline section in HPMS filter,2024,0,0,0,0,0,0,0,0,0,0,0,0,0,0
"Blount County, Tennessee",47009,TN,Blount,Direct FIPS match,2024,4.7721,142504.9896,11.86713931,29862.113,56212,2.2606,102966.0202,45548.0935,56212,2.5115,39538.9694,15743.1692,20174,106
"Bradley County, Tennessee",47011,TN,Bradley,Direct FIPS match,2024,24.7655,1171394.0032,13.97370591,47299.4288,67316,19.2943,1007263.441,52205.2337,67316,5.4712,164130.5622,29999.0061,36355,352
"Campbell County, Tennessee",47013,TN,Campbell,Direct FIPS match,2024,31.6388,862400.7727,13.66747653,27257.6954,41206,31.6388,862400.7727,27257.6954,41206,0.0,0.0,0.0,,367
"Cannon County, Tennessee",47015,TN,Cannon,No qualifying Interstate/freeway mainline section in HPMS filter,2024,0,0,0,0,0,0,0,0,0,0,0,0,0,0
"Carroll County, Tennessee",47017,TN,Carroll,Direct FIPS match,2024,0.6234,21379.503,9.97023471,34295.0,34295,0.6234,21379.503,34295.0,34295,0.0,0.0,0.0,,7
"Carter County, Tennessee",47019,TN,Carter,Direct FIPS match,2024,2.6747,54388.6212,10.90392863,20334.4753,21528,2.6747,54388.6212,20334.4753,21528,0.0,0.0,0.0,,42
"Cheatham County, Tennessee",47021,TN,Cheatham,Direct FIPS match,2024,11.3592,671872.0305,13.41782466,59147.83,70603,11.3592,671872.0305,59147.83,70603,0.0,0.0,0.0,,133
"Chester County, Tennessee",47023,TN,Chester,No qualifying Interstate/freeway mainline section in HPMS filter,2024,0,0,0,0,0,0,0,0,0,0,0,0,0,0
"Claiborne County, Tennessee",47025,TN,Claiborne,No qualifying Interstate/freeway mainline section in HPMS filter,2024,0,0,0,0,0,0,0,0,0,0,0,0,0,0
"Clay County, Tennessee",47027,TN,Clay,No qualifying Interstate/freeway mainline section in HPMS filter,2024,0,0,0,0,0,0,0,0,0,0,0,0,0,0
"Cocke County, Tennessee",47029,TN,Cocke,Direct FIPS match,2024,21.9385,519381.6875,13.16039625,23674.4393,30693,21.9385,519381.6875,23674.4393,30693,0.0,0.0,0.0,,294
"Coffee County, Tennessee",47031,TN,Coffee,Direct FIPS match,2024,30.1711,1481626.474,14.20865169,49107.4728,53749,30.1711,1481626.474,49107.4728,53749,0.0,0.0,0.0,,377
"Crockett County, Tennessee",47033,TN,Crockett,No qualifying Interstate/freeway mainline section in HPMS filter,2024,0,0,0,0,0,0,0,0,0,0,0,0,0,0
"Cumberland County, Tennessee",47035,TN,Cumberland,Direct FIPS match,2024,36.0748,1360255.385,14.12318376,37706.526,47123,36.0748,1360255.385,37706.526,47123,0.0,0.0,0.0,,428
"Davidson County, Tennessee",47037,TN,Davidson,Direct FIPS match,2024,121.7778,12471840.486,16.33898398,102414.7298,185517,88.74,10365929.55,116812.3682,185517,33.0378,2105910.936,63742.4688,110170,2063
"Decatur County, Tennessee",47039,TN,Decatur,Direct FIPS match,2024,5.6698,192857.2432,12.16971071,34014.823,34295,5.6698,192857.2432,34014.823,34295,0.0,0.0,0.0,,60
"DeKalb County, Tennessee",47041,TN,DeKalb,No qualifying Interstate/freeway mainline section in HPMS filter,2024,0,0,0,0,0,0,0,0,0,0,0,0,0,0
"Dickson County, Tennessee",47043,TN,Dickson,Direct FIPS match,2024,23.1369,807403.6331,13.60158023,34896.794,52244,23.1369,807403.6331,34896.794,52244,0.0,0.0,0.0,,303
"Dyer County, Tennessee",47045,TN,Dyer,Direct FIPS match,2024,20.9435,246986.0692,12.41709126,11792.9701,15340,15.9447,188206.543,11803.7055,15340,4.9988,58779.5262,11758.7273,13250,322
"Fayette County, Tennessee",47047,TN,Fayette,Direct FIPS match,2024,23.9676,867300.1992,13.6731416,36186.3599,46983,23.5458,862140.0192,36615.4482,46983,0.4218,5160.18,12233.7127,14498,336
"Fentress County, Tennessee",47049,TN,Fentress,No qualifying Interstate/freeway mainline section in HPMS filter,2024,0,0,0,0,0,0,0,0,0,0,0,0,0,0
"Franklin County, Tennessee",47051,TN,Franklin,No qualifying Interstate/freeway mainline section in HPMS filter,2024,0,0,0,0,0,0,0,0,0,0,0,0,0,0
"Gibson County, Tennessee",47053,TN,Gibson,No qualifying Interstate/freeway mainline section in HPMS filter,2024,0,0,0,0,0,0,0,0,0,0,0,0,0,0
"Giles County, Tennessee",47055,TN,Giles,Direct FIPS match,2024,22.4319,559783.5072,13.23530718,24954.7968,26599,22.4319,559783.5072,24954.7968,26599,0.0,0.0,0.0,,292
"Grainger County, Tennessee",47057,TN,Grainger,No qualifying Interstate/freeway mainline section in HPMS filter,2024,0,0,0,0,0,0,0,0,0,0,0,0,0,0
"Greene County, Tennessee",47059,TN,Greene,Direct FIPS match,2024,32.134,1107684.103,13.9177829,34470.7818,41741,32.134,1107684.103,34470.7818,41741,0.0,0.0,0.0,,388
"Grundy County, Tennessee",47061,TN,Grundy,Direct FIPS match,2024,7.3129,343064.4606,12.74567656,46912.2319,48182,7.3129,343064.4606,46912.2319,48182,0.0,0.0,0.0,,84
"Hamblen County, Tennessee",47063,TN,Hamblen,Direct FIPS match,2024,9.9269,395749.4592,12.88853914,39866.3691,45982,9.9269,395749.4592,39866.3691,45982,0.0,0.0,0.0,,151
"Hamilton County, Tennessee",47065,TN,Hamilton,Direct FIPS match,2024,65.5929,4584706.171,15.33823679,69896.3786,145168,32.9451,3212294.537,97504.4707,145168,32.6478,1372411.634,42036.8795,92943,1192
"Hancock County, Tennessee",47067,TN,Hancock,No qualifying Interstate/freeway mainline section in HPMS filter,2024,0,0,0,0,0,0,0,0,0,0,0,0,0,0
"Hardeman County, Tennessee",47069,TN,Hardeman,No qualifying Interstate/freeway mainline section in HPMS filter,2024,0,0,0,0,0,0,0,0,0,0,0,0,0,0
"Hardin County, Tennessee",47071,TN,Hardin,No qualifying Interstate/freeway mainline section in HPMS filter,2024,0,0,0,0,0,0,0,0,0,0,0,0,0,0
"Hawkins County, Tennessee",47073,TN,Hawkins,No qualifying Interstate/freeway mainline section in HPMS filter,2024,0,0,0,0,0,0,0,0,0,0,0,0,0,0
"Haywood County, Tennessee",47075,TN,Haywood,Direct FIPS match,2024,23.9369,959475.6373,13.77414325,40083.5379,42192,23.9369,959475.6373,40083.5379,42192,0.0,0.0,0.0,,282
"Henderson County, Tennessee",47077,TN,Henderson,Direct FIPS match,2024,24.704,833118.2222,13.63293203,33724.0213,34013,24.704,833118.2222,33724.0213,34013,0.0,0.0,0.0,,293
"Henry County, Tennessee",47079,TN,Henry,No qualifying Interstate/freeway mainline section in HPMS filter,2024,0,0,0,0,0,0,0,0,0,0,0,0,0,0
"Hickman County, Tennessee",47081,TN,Hickman,Direct FIPS match,2024,15.7998,556679.7029,13.22974711,35233.3386,37449,15.7998,556679.7029,35233.3386,37449,0.0,0.0,0.0,,203
"Houston County, Tennessee",47083,TN,Houston,No qualifying Interstate/freeway mainline section in HPMS filter,2024,0,0,0,0,0,0,0,0,0,0,0,0,0,0
"Humphreys County, Tennessee",47085,TN,Humphreys,Direct FIPS match,2024,14.1445,521528.6011,13.16452131,36871.4766,37449,14.1445,521528.6011,36871.4766,37449,0.0,0.0,0.0,,162
"Jackson County, Tennessee",47087,TN,Jackson,No qualifying Interstate/freeway mainline section in HPMS filter,2024,0,0,0,0,0,0,0,0,0,0,0,0,0,0
"Jefferson County, Tennessee",47089,TN,Jefferson,Direct FIPS match,2024,27.6559,1567864.052,14.26522541,56691.847,79173,27.6559,1567864.052,56691.847,79173,0.0,0.0,0.0,,351
"Johnson County, Tennessee",47091,TN,Johnson,No qualifying Interstate/freeway mainline section in HPMS filter,2024,0,0,0,0,0,0,0,0,0,0,0,0,0,0
"Knox County, Tennessee",47093,TN,Knox,Direct FIPS match,2024,73.5169,7099667.6431,15.77555867,96571.9126,209711,68.7758,6950524.846,101060.6179,209711,4.7411,149142.7971,31457.4249,79871,1194
"Lake County, Tennessee",47095,TN,Lake,No qualifying Interstate/freeway mainline section in HPMS filter,2024,0,0,0,0,0,0,0,0,0,0,0,0,0,0
"Lauderdale County, Tennessee",47097,TN,Lauderdale,No qualifying Interstate/freeway mainline section in HPMS filter,2024,0,0,0,0,0,0,0,0,0,0,0,0,0,0
"Lawrence County, Tennessee",47099,TN,Lawrence,No qualifying Interstate/freeway mainline section in HPMS filter,2024,0,0,0,0,0,0,0,0,0,0,0,0,0,0
"Lewis County, Tennessee",47101,TN,Lewis,No qualifying Interstate/freeway mainline section in HPMS filter,2024,0,0,0,0,0,0,0,0,0,0,0,0,0,0
"Lincoln County, Tennessee",47103,TN,Lincoln,No qualifying Interstate/freeway mainline section in HPMS filter,2024,0,0,0,0,0,0,0,0,0,0,0,0,0,0
"Loudon County, Tennessee",47105,TN,Loudon,Direct FIPS match,2024,23.8699,1373361.517,14.13277268,57535.2857,103909,23.8699,1373361.517,57535.2857,103909,0.0,0.0,0.0,,295
"McMinn County, Tennessee",47107,TN,McMinn,Direct FIPS match,2024,24.9927,1065256.945,13.87872753,42622.7236,44481,24.9927,1065256.945,42622.7236,44481,0.0,0.0,0.0,,292
"McNairy County, Tennessee",47109,TN,McNairy,No qualifying Interstate/freeway mainline section in HPMS filter,2024,0,0,0,0,0,0,0,0,0,0,0,0,0,0
"Macon County, Tennessee",47111,TN,Macon,No qualifying Interstate/freeway mainline section in HPMS filter,2024,0,0,0,0,0,0,0,0,0,0,0,0,0,0
"Madison County, Tennessee",47113,TN,Madison,Direct FIPS match,2024,27.9157,1213739.456,14.00921744,43478.7398,55771,27.9157,1213739.456,43478.7398,55771,0.0,0.0,0.0,,371
"Marion County, Tennessee",47115,TN,Marion,Direct FIPS match,2024,32.1602,1485716.23,14.2114082,46197.3567,51048,32.1602,1485716.23,46197.3567,51048,0.0,0.0,0.0,,384
"Marshall County, Tennessee",47117,TN,Marshall,Direct FIPS match,2024,12.7593,375064.5905,12.8348562,29395.3893,36544,12.7593,375064.5905,29395.3893,36544,0.0,0.0,0.0,,161
"Maury County, Tennessee",47119,TN,Maury,Direct FIPS match,2024,45.4537,1360660.0544,14.12348121,29935.078,51727,17.6994,778812.7383,44002.2113,51727,27.7543,581847.3161,20964.2223,44016,629
"Meigs County, Tennessee",47121,TN,Meigs,No qualifying Interstate/freeway mainline section in HPMS filter,2024,0,0,0,0,0,0,0,0,0,0,0,0,0,0
"Monroe County, Tennessee",47123,TN,Monroe,Direct FIPS match,2024,6.5212,311655.1163,12.64965567,47791.0686,48484,6.5212,311655.1163,47791.0686,48484,0.0,0.0,0.0,,75
"Montgomery County, Tennessee",47125,TN,Montgomery,Direct FIPS match,2024,17.1914,1162677.715,13.96623714,67631.3572,81545,17.1914,1162677.715,67631.3572,81545,0.0,0.0,0.0,,223
"Moore County, Tennessee",47127,TN,Moore,No qualifying Interstate/freeway mainline section in HPMS filter,2024,0,0,0,0,0,0,0,0,0,0,0,0,0,0
"Morgan County, Tennessee",47129,TN,Morgan,No qualifying Interstate/freeway mainline section in HPMS filter,2024,0,0,0,0,0,0,0,0,0,0,0,0,0,0
"Obion County, Tennessee",47131,TN,Obion,No qualifying Interstate/freeway mainline section in HPMS filter,2024,0,0,0,0,0,0,0,0,0,0,0,0,0,0
"Overton County, Tennessee",47133,TN,Overton,No qualifying Interstate/freeway mainline section in HPMS filter,2024,0,0,0,0,0,0,0,0,0,0,0,0,0,0
"Perry County, Tennessee",47135,TN,Perry,No qualifying Interstate/freeway mainline section in HPMS filter,2024,0,0,0,0,0,0,0,0,0,0,0,0,0,0
"Pickett County, Tennessee",47137,TN,Pickett,No qualifying Interstate/freeway mainline section in HPMS filter,2024,0,0,0,0,0,0,0,0,0,0,0,0,0,0
"Polk County, Tennessee",47139,TN,Polk,No qualifying Interstate/freeway mainline section in HPMS filter,2024,0,0,0,0,0,0,0,0,0,0,0,0,0,0
"Putnam County, Tennessee",47141,TN,Putnam,Direct FIPS match,2024,44.5736,1890958.3026,14.45259483,42423.2798,57925,37.0962,1727480.608,46567.5893,57925,7.4774,163477.6946,21862.9062,25053,546
"Rhea County, Tennessee",47143,TN,Rhea,No qualifying Interstate/freeway mainline section in HPMS filter,2024,0,0,0,0,0,0,0,0,0,0,0,0,0,0
"Roane County, Tennessee",47145,TN,Roane,Direct FIPS match,2024,22.9595,1134139.058,13.94138526,49397.3762,62021,22.9595,1134139.058,49397.3762,62021,0.0,0.0,0.0,,295
"Robertson County, Tennessee",47147,TN,Robertson,Direct FIPS match,2024,28.318,1784927.312,14.39488881,63031.5457,74008,28.318,1784927.312,63031.5457,74008,0.0,0.0,0.0,,367
"Rutherford County, Tennessee",47149,TN,Rutherford,Direct FIPS match,2024,53.8029,4380071.529,15.29257584,81409.5807,164348,53.8029,4380071.529,81409.5807,164348,0.0,0.0,0.0,,708
"Scott County, Tennessee",47151,TN,Scott,No qualifying Interstate/freeway mainline section in HPMS filter,2024,0,0,0,0,0,0,0,0,0,0,0,0,0,0
"Sequatchie County, Tennessee",47153,TN,Sequatchie,Direct FIPS match,2024,10.0533,107272.1841,11.58313398,10670.3455,11407,0.0,0.0,0.0,,10.0533,107272.1841,10670.3455,11407,140
"Sevier County, Tennessee",47155,TN,Sevier,Direct FIPS match,2024,4.7549,399630.2934,12.89829763,84045.9933,90894,4.7549,399630.2934,84045.9933,90894,0.0,0.0,0.0,,62
"Shelby County, Tennessee",47157,TN,Shelby,Direct FIPS match,2024,104.3314,8570831.767,15.96387546,82150.0696,188560,74.6764,7029221.009,94129.0824,188560,29.655,1541610.758,51984.8511,139112,1738
"Smith County, Tennessee",47159,TN,Smith,Direct FIPS match,2024,17.2002,792336.809,13.58274311,46065.5579,46238,17.2002,792336.809,46065.5579,46238,0.0,0.0,0.0,,214
"Stewart County, Tennessee",47161,TN,Stewart,No qualifying Interstate/freeway mainline section in HPMS filter,2024,0,0,0,0,0,0,0,0,0,0,0,0,0,0
"Sullivan County, Tennessee",47163,TN,Sullivan,Direct FIPS match,2024,39.3994,1445529.7871,14.18398714,36689.132,56401,31.9733,1296759.31,40557.5687,56401,7.4261,148770.4771,20033.46,29823,601
"Sumner County, Tennessee",47165,TN,Sumner,Direct FIPS match,2024,28.2927,1306266.4854,14.08268438,46169.7358,88300,5.9246,388782.7992,65621.7802,88300,22.3681,917483.6862,41017.5065,84889,393
"Tipton County, Tennessee",47167,TN,Tipton,No qualifying Interstate/freeway mainline section in HPMS filter,2024,0,0,0,0,0,0,0,0,0,0,0,0,0,0
"Trousdale County, Tennessee",47169,TN,Trousdale,No qualifying Interstate/freeway mainline section in HPMS filter,2024,0,0,0,0,0,0,0,0,0,0,0,0,0,0
"Unicoi County, Tennessee",47171,TN,Unicoi,Direct FIPS match,2024,26.7199,362792.3897,12.80158878,13577.6103,19645,26.7199,362792.3897,13577.6103,19645,0.0,0.0,0.0,,421
"Union County, Tennessee",47173,TN,Union,No qualifying Interstate/freeway mainline section in HPMS filter,2024,0,0,0,0,0,0,0,0,0,0,0,0,0,0
"Van Buren County, Tennessee",47175,TN,Van Buren,No qualifying Interstate/freeway mainline section in HPMS filter,2024,0,0,0,0,0,0,0,0,0,0,0,0,0,0
"Warren County, Tennessee",47177,TN,Warren,Direct FIPS match,2024,3.9066,44131.4177,10.69494989,11296.6308,13739,0.0,0.0,0.0,,3.9066,44131.4177,11296.6308,13739,60
"Washington County, Tennessee",47179,TN,Washington,Direct FIPS match,2024,19.0862,1020404.081,13.83571024,53462.9251,68027,19.0862,1020404.081,53462.9251,68027,0.0,0.0,0.0,,288
"Wayne County, Tennessee",47181,TN,Wayne,No qualifying Interstate/freeway mainline section in HPMS filter,2024,0,0,0,0,0,0,0,0,0,0,0,0,0,0
"Weakley County, Tennessee",47183,TN,Weakley,No qualifying Interstate/freeway mainline section in HPMS filter,2024,0,0,0,0,0,0,0,0,0,0,0,0,0,0
"White County, Tennessee",47185,TN,White,Direct FIPS match,2024,8.2942,156912.2763,11.96344855,18918.3136,19772,0.0,0.0,0.0,,8.2942,156912.2763,18918.3136,19772,101
"Williamson County, Tennessee",47187,TN,Williamson,Direct FIPS match,2024,63.9497,4018971.383,15.2065368,62845.8207,166466,63.6777,4006999.031,62926.2525,166466,0.272,11972.352,44016.0,44016,909
"Wilson County, Tennessee",47189,TN,Wilson,Direct FIPS match,2024,42.3114,2540360.4711,14.74781694,60039.6222,106105,38.3313,2432365.438,63456.3774,106105,3.9801,107995.0331,27133.7487,30885,551
"Anderson County, Texas",48001,TX,Anderson,No qualifying Interstate/freeway mainline section in HPMS filter,2024,0,0,0,0,0,0,0,0,0,0,0,0,0,0
"Andrews County, Texas",48003,TX,Andrews,No qualifying Interstate/freeway mainline section in HPMS filter,2024,0,0,0,0,0,0,0,0,0,0,0,0,0,0
"Angelina County, Texas",48005,TX,Angelina,No qualifying Interstate/freeway mainline section in HPMS filter,2024,0,0,0,0,0,0,0,0,0,0,0,0,0,0
"Aransas County, Texas",48007,TX,Aransas,No qualifying Interstate/freeway mainline section in HPMS filter,2024,0,0,0,0,0,0,0,0,0,0,0,0,0,0
"Archer County, Texas",48009,TX,Archer,No qualifying Interstate/freeway mainline section in HPMS filter,2024,0,0,0,0,0,0,0,0,0,0,0,0,0,0
"Armstrong County, Texas",48011,TX,Armstrong,No qualifying Interstate/freeway mainline section in HPMS filter,2024,0,0,0,0,0,0,0,0,0,0,0,0,0,0
"Atascosa County, Texas",48013,TX,Atascosa,Direct FIPS match,2024,37.473,1189826.205,13.98931865,31751.5599,45345,37.473,1189826.205,31751.5599,45345,0.0,0.0,0.0,,476
"Austin County, Texas",48015,TX,Austin,Direct FIPS match,2024,16.076,911848.482,13.72323021,56721.1049,64222,16.076,911848.482,56721.1049,64222,0.0,0.0,0.0,,213
"Bailey County, Texas",48017,TX,Bailey,No qualifying Interstate/freeway mainline section in HPMS filter,2024,0,0,0,0,0,0,0,0,0,0,0,0,0,0
"Bandera County, Texas",48019,TX,Bandera,No qualifying Interstate/freeway mainline section in HPMS filter,2024,0,0,0,0,0,0,0,0,0,0,0,0,0,0
"Bastrop County, Texas",48021,TX,Bastrop,Direct FIPS match,2024,3.413,159490.795,11.97974776,46730.3824,56688,0.0,0.0,0.0,,3.413,159490.795,46730.3824,56688,64
"Baylor County, Texas",48023,TX,Baylor,No qualifying Interstate/freeway mainline section in HPMS filter,2024,0,0,0,0,0,0,0,0,0,0,0,0,0,0
"Bee County, Texas",48025,TX,Bee,Direct FIPS match,2024,5.852,44070.9,10.69357767,7530.9125,11311,0.0,0.0,0.0,,5.852,44070.9,7530.9125,11311,89
"Bell County, Texas",48027,TX,Bell,Direct FIPS match,2024,62.437,5214333.809,15.46692208,83513.5226,145370,57.838,5089158.901,87989.8838,145370,4.599,125174.908,27217.8534,41612,984
"Bexar County, Texas",48029,TX,Bexar,Direct FIPS match,2024,237.488,24894722.176,17.03016642,104825.1793,263957,161.034,17835919.59,110758.7192,263957,76.454,7058802.586,92327.4464,178763,4204
"Blanco County, Texas",48031,TX,Blanco,No qualifying Interstate/freeway mainline section in HPMS filter,2024,0,0,0,0,0,0,0,0,0,0,0,0,0,0
"Borden County, Texas",48033,TX,Borden,No qualifying Interstate/freeway mainline section in HPMS filter,2024,0,0,0,0,0,0,0,0,0,0,0,0,0,0
"Bosque County, Texas",48035,TX,Bosque,No qualifying Interstate/freeway mainline section in HPMS filter,2024,0,0,0,0,0,0,0,0,0,0,0,0,0,0
"Bowie County, Texas",48037,TX,Bowie,Direct FIPS match,2024,50.383,1596655.256,14.28342216,31690.357,55295,46.785,1546582.695,33057.234,55295,3.598,50072.561,13916.7763,35558,717
"Brazoria County, Texas",48039,TX,Brazoria,Direct FIPS match,2024,21.507,1094472.506,13.90578399,50889.1294,111845,0.0,0.0,0.0,,21.507,1094472.506,50889.1294,111845,355
"Brazos County, Texas",48041,TX,Brazos,Direct FIPS match,2024,32.647,1504116.727,14.22371706,46072.1269,84000,0.0,0.0,0.0,,32.647,1504116.727,46072.1269,84000,485
"Brewster County, Texas",48043,TX,Brewster,No qualifying Interstate/freeway mainline section in HPMS filter,2024,0,0,0,0,0,0,0,0,0,0,0,0,0,0
"Briscoe County, Texas",48045,TX,Briscoe,No qualifying Interstate/freeway mainline section in HPMS filter,2024,0,0,0,0,0,0,0,0,0,0,0,0,0,0
"Brooks County, Texas",48047,TX,Brooks,No qualifying Interstate/freeway mainline section in HPMS filter,2024,0,0,0,0,0,0,0,0,0,0,0,0,0,0
"Brown County, Texas",48049,TX,Brown,No qualifying Interstate/freeway mainline section in HPMS filter,2024,0,0,0,0,0,0,0,0,0,0,0,0,0,0
"Burleson County, Texas",48051,TX,Burleson,No qualifying Interstate/freeway mainline section in HPMS filter,2024,0,0,0,0,0,0,0,0,0,0,0,0,0,0
"Burnet County, Texas",48053,TX,Burnet,No qualifying Interstate/freeway mainline section in HPMS filter,2024,0,0,0,0,0,0,0,0,0,0,0,0,0,0
"Caldwell County, Texas",48055,TX,Caldwell,Direct FIPS match,2024,27.078,435392.591,12.98400571,16079.2005,36452,4.674,170014.583,36374.5364,36452,22.404,265378.008,11845.1173,16827,145
"Calhoun County, Texas",48057,TX,Calhoun,No qualifying Interstate/freeway mainline section in HPMS filter,2024,0,0,0,0,0,0,0,0,0,0,0,0,0,0
"Callahan County, Texas",48059,TX,Callahan,Direct FIPS match,2024,30.602,843598.694,13.64543336,27566.783,34032,30.602,843598.694,27566.783,34032,0.0,0.0,0.0,,417
"Cameron County, Texas",48061,TX,Cameron,Direct FIPS match,2024,57.579,3292873.54,15.00727146,57188.7935,109510,52.086,3226797.574,61951.3415,109510,5.493,66075.966,12029.1218,25037,815
"Camp County, Texas",48063,TX,Camp,No qualifying Interstate/freeway mainline section in HPMS filter,2024,0,0,0,0,0,0,0,0,0,0,0,0,0,0
"Carson County, Texas",48065,TX,Carson,Direct FIPS match,2024,31.296,506515.664,13.1353125,16184.6774,21910,31.296,506515.664,16184.6774,21910,0.0,0.0,0.0,,360
"Cass County, Texas",48067,TX,Cass,No qualifying Interstate/freeway mainline section in HPMS filter,2024,0,0,0,0,0,0,0,0,0,0,0,0,0,0
"Castro County, Texas",48069,TX,Castro,No qualifying Interstate/freeway mainline section in HPMS filter,2024,0,0,0,0,0,0,0,0,0,0,0,0,0,0
"Chambers County, Texas",48071,TX,Chambers,Direct FIPS match,2024,38.102,2222101.585,14.61396442,58319.8148,90085,34.239,2160426.832,63098.4209,90085,3.863,61674.753,15965.5069,29358,482
"Cherokee County, Texas",48073,TX,Cherokee,No qualifying Interstate/freeway mainline section in HPMS filter,2024,0,0,0,0,0,0,0,0,0,0,0,0,0,0
"Childress County, Texas",48075,TX,Childress,No qualifying Interstate/freeway mainline section in HPMS filter,2024,0,0,0,0,0,0,0,0,0,0,0,0,0,0
"Clay County, Texas",48077,TX,Clay,Direct FIPS match,2024,5.655,103973.915,11.55190495,18386.1919,25382,0.0,0.0,0.0,,5.655,103973.915,18386.1919,25382,85
"Cochran County, Texas",48079,TX,Cochran,No qualifying Interstate/freeway mainline section in HPMS filter,2024,0,0,0,0,0,0,0,0,0,0,0,0,0,0
"Coke County, Texas",48081,TX,Coke,No qualifying Interstate/freeway mainline section in HPMS filter,2024,0,0,0,0,0,0,0,0,0,0,0,0,0,0
"Coleman County, Texas",48083,TX,Coleman,No qualifying Interstate/freeway mainline section in HPMS filter,2024,0,0,0,0,0,0,0,0,0,0,0,0,0,0
"Collin County, Texas",48085,TX,Collin,Direct FIPS match,2024,71.235,9482221.385,16.06492928,133111.8325,213787,0.0,0.0,0.0,,71.235,9482221.385,133111.8325,213787,979
"Collingsworth County, Texas",48087,TX,Collingsworth,No qualifying Interstate/freeway mainline section in HPMS filter,2024,0,0,0,0,0,0,0,0,0,0,0,0,0,0
"Colorado County, Texas",48089,TX,Colorado,Direct FIPS match,2024,32.049,1464832.161,14.19725191,45706.0177,54358,32.049,1464832.161,45706.0177,54358,0.0,0.0,0.0,,411
"Comal County, Texas",48091,TX,Comal,Direct FIPS match,2024,20.332,2670570.007,14.79780287,131348.1215,150897,20.332,2670570.007,131348.1215,150897,0.0,0.0,0.0,,277
"Comanche County, Texas",48093,TX,Comanche,No qualifying Interstate/freeway mainline section in HPMS filter,2024,0,0,0,0,0,0,0,0,0,0,0,0,0,0
"Concho County, Texas",48095,TX,Concho,No qualifying Interstate/freeway mainline section in HPMS filter,2024,0,0,0,0,0,0,0,0,0,0,0,0,0,0
"Cooke County, Texas",48097,TX,Cooke,Direct FIPS match,2024,21.84,1095238.716,13.90648382,50148.2929,56475,21.84,1095238.716,50148.2929,56475,0.0,0.0,0.0,,311
"Coryell County, Texas",48099,TX,Coryell,Direct FIPS match,2024,3.797,227887.276,12.33661077,60017.7182,74490,2.75,196322.32,71389.9345,74490,1.047,31564.956,30148.0,30148,69
"Cottle County, Texas",48101,TX,Cottle,No qualifying Interstate/freeway mainline section in HPMS filter,2024,0,0,0,0,0,0,0,0,0,0,0,0,0,0
"Crane County, Texas",48103,TX,Crane,Direct FIPS match,2024,1.533,45125.388,10.71722245,29436.0,29436,1.533,45125.388,29436.0,29436,0.0,0.0,0.0,,18
"Crockett County, Texas",48105,TX,Crockett,Direct FIPS match,2024,52.903,491066.705,13.10433729,9282.3981,11227,52.903,491066.705,9282.3981,11227,0.0,0.0,0.0,,647
"Crosby County, Texas",48107,TX,Crosby,No qualifying Interstate/freeway mainline section in HPMS filter,2024,0,0,0,0,0,0,0,0,0,0,0,0,0,0
"Culberson County, Texas",48109,TX,Culberson,Direct FIPS match,2024,43.579,640983.217,13.37076011,14708.5343,16330,43.579,640983.217,14708.5343,16330,0.0,0.0,0.0,,567
"Dallam County, Texas",48111,TX,Dallam,No qualifying Interstate/freeway mainline section in HPMS filter,2024,0,0,0,0,0,0,0,0,0,0,0,0,0,0
"Dallas County, Texas",48113,TX,Dallas,Direct FIPS match,2024,315.472,41523552.73,17.54177138,131623.5759,280794,154.342,24247943.41,157105.2818,280794,161.13,17275609.32,107215.3498,233239,5053
"Dawson County, Texas",48115,TX,Dawson,No qualifying Interstate/freeway mainline section in HPMS filter,2024,0,0,0,0,0,0,0,0,0,0,0,0,0,0
"Deaf Smith County, Texas",48117,TX,Deaf Smith,Direct FIPS match,2024,2.141,32432.025,10.38693247,15148.0733,15151,2.141,32432.025,15148.0733,15151,0.0,0.0,0.0,,28
"Delta County, Texas",48119,TX,Delta,No qualifying Interstate/freeway mainline section in HPMS filter,2024,0,0,0,0,0,0,0,0,0,0,0,0,0,0
"Denton County, Texas",48121,TX,Denton,Direct FIPS match,2024,69.988,7627226.86,15.84723502,108979.0658,190810,53.723,5428878.587,101053.1539,190810,16.265,2198348.273,135158.2092,179638,1157
"DeWitt County, Texas",48123,TX,DeWitt,No qualifying Interstate/freeway mainline section in HPMS filter,2024,0,0,0,0,0,0,0,0,0,0,0,0,0,0
"Dickens County, Texas",48125,TX,Dickens,No qualifying Interstate/freeway mainline section in HPMS filter,2024,0,0,0,0,0,0,0,0,0,0,0,0,0,0
"Dimmit County, Texas",48127,TX,Dimmit,No qualifying Interstate/freeway mainline section in HPMS filter,2024,0,0,0,0,0,0,0,0,0,0,0,0,0,0
"Donley County, Texas",48129,TX,Donley,Direct FIPS match,2024,6.438,91157.012,11.42034968,14159.2128,14467,6.438,91157.012,14159.2128,14467,0.0,0.0,0.0,,86
"Duval County, Texas",48131,TX,Duval,No qualifying Interstate/freeway mainline section in HPMS filter,2024,0,0,0,0,0,0,0,0,0,0,0,0,0,0
"Eastland County, Texas",48133,TX,Eastland,Direct FIPS match,2024,39.941,1045910.639,13.86039944,26186.3909,27047,39.941,1045910.639,26186.3909,27047,0.0,0.0,0.0,,522
"Ector County, Texas",48135,TX,Ector,Direct FIPS match,2024,34.491,1315561.804,14.08977512,38142.1763,50975,31.737,1183991.032,37306.3312,50975,2.754,131570.772,47774.427,50056,440
"Edwards County, Texas",48137,TX,Edwards,No qualifying Interstate/freeway mainline section in HPMS filter,2024,0,0,0,0,0,0,0,0,0,0,0,0,0,0
"Ellis County, Texas",48139,TX,Ellis,Direct FIPS match,2024,78.411,4454663.846,15.30946239,56811.7209,129571,56.544,3513492.877,62137.3245,129571,21.867,941170.969,43040.6992,69393,1249
"El Paso County, Texas",48141,TX,El Paso,Direct FIPS match,2024,126.928,7931692.254,15.8863771,62489.6969,181244,62.442,4767821.795,76356.0071,181244,64.486,3163870.459,49062.9045,116432,2005
"Erath County, Texas",48143,TX,Erath,Direct FIPS match,2024,5.905,157030.727,11.96420315,26592.8412,26741,5.905,157030.727,26592.8412,26741,0.0,0.0,0.0,,90
"Falls County, Texas",48145,TX,Falls,Direct FIPS match,2024,1.928,158045.872,11.97064693,81974.0,81974,1.928,158045.872,81974.0,81974,0.0,0.0,0.0,,30
"Fannin County, Texas",48147,TX,Fannin,No qualifying Interstate/freeway mainline section in HPMS filter,2024,0,0,0,0,0,0,0,0,0,0,0,0,0,0
"Fayette County, Texas",48149,TX,Fayette,Direct FIPS match,2024,22.797,805980.147,13.59981563,35354.6584,37149,22.797,805980.147,35354.6584,37149,0.0,0.0,0.0,,293
"Fisher County, Texas",48151,TX,Fisher,No qualifying Interstate/freeway mainline section in HPMS filter,2024,0,0,0,0,0,0,0,0,0,0,0,0,0,0
"Floyd County, Texas",48153,TX,Floyd,No qualifying Interstate/freeway mainline section in HPMS filter,2024,0,0,0,0,0,0,0,0,0,0,0,0,0,0
"Foard County, Texas",48155,TX,Foard,No qualifying Interstate/freeway mainline section in HPMS filter,2024,0,0,0,0,0,0,0,0,0,0,0,0,0,0
"Fort Bend County, Texas",48157,TX,Fort Bend,Direct FIPS match,2024,67.394,4277499.443,15.26887939,63470.0336,215978,22.397,2433266.053,108642.4991,215978,44.997,1844233.39,40985.6966,84508,948
"Franklin County, Texas",48159,TX,Franklin,Direct FIPS match,2024,10.685,310228.445,12.64506745,29034.0145,29488,10.685,310228.445,29034.0145,29488,0.0,0.0,0.0,,133
"Freestone County, Texas",48161,TX,Freestone,Direct FIPS match,2024,32.115,1223090.835,14.0168925,38084.7216,40199,32.115,1223090.835,38084.7216,40199,0.0,0.0,0.0,,384
"Frio County, Texas",48163,TX,Frio,Direct FIPS match,2024,35.702,944209.661,13.75810458,26446.9683,33608,35.702,944209.661,26446.9683,33608,0.0,0.0,0.0,,458
"Gaines County, Texas",48165,TX,Gaines,No qualifying Interstate/freeway mainline section in HPMS filter,2024,0,0,0,0,0,0,0,0,0,0,0,0,0,0
"Galveston County, Texas",48167,TX,Galveston,Direct FIPS match,2024,29.289,1928553.913,14.47228153,65845.6729,137515,23.937,1749887.731,73103.8865,137515,5.352,178666.182,33383.0684,36898,455
"Garza County, Texas",48169,TX,Garza,No qualifying Interstate/freeway mainline section in HPMS filter,2024,0,0,0,0,0,0,0,0,0,0,0,0,0,0
"Gillespie County, Texas",48171,TX,Gillespie,Direct FIPS match,2024,5.967,99499.725,11.50792021,16675.0,16675,5.967,99499.725,16675.0,16675,0.0,0.0,0.0,,79
"Glasscock County, Texas",48173,TX,Glasscock,No qualifying Interstate/freeway mainline section in HPMS filter,2024,0,0,0,0,0,0,0,0,0,0,0,0,0,0
"Goliad County, Texas",48175,TX,Goliad,Direct FIPS match,2024,0.783,6004.11,8.70036605,7668.0843,8171,0.0,0.0,0.0,,0.783,6004.11,7668.0843,8171,14
"Gonzales County, Texas",48177,TX,Gonzales,Direct FIPS match,2024,22.213,797624.184,13.58939407,35907.9901,36452,22.213,797624.184,35907.9901,36452,0.0,0.0,0.0,,278
"Gray County, Texas",48179,TX,Gray,Direct FIPS match,2024,25.943,364730.651,12.80691716,14058.9234,14467,25.943,364730.651,14058.9234,14467,0.0,0.0,0.0,,308
"Grayson County, Texas",48181,TX,Grayson,Direct FIPS match,2024,32.106,1739422.123,14.36906408,54177.4784,69013,0.0,0.0,0.0,,32.106,1739422.123,54177.4784,69013,478
"Gregg County, Texas",48183,TX,Gregg,Direct FIPS match,2024,16.935,682441.938,13.4334342,40297.7229,41938,16.935,682441.938,40297.7229,41938,0.0,0.0,0.0,,234
"Grimes County, Texas",48185,TX,Grimes,Direct FIPS match,2024,4.76,163153.817,12.00245483,34276.012,46850,0.0,0.0,0.0,,4.76,163153.817,34276.012,46850,75
"Guadalupe County, Texas",48187,TX,Guadalupe,Direct FIPS match,2024,53.379,2279029.218,14.63926057,42695.24,185216,39.038,2155308.734,55210.5316,185216,14.341,123720.484,8627.0472,8860,576
"Hale County, Texas",48189,TX,Hale,Direct FIPS match,2024,37.702,547649.515,13.21339262,14525.7417,16414,37.702,547649.515,14525.7417,16414,0.0,0.0,0.0,,484
"Hall County, Texas",48191,TX,Hall,No qualifying Interstate/freeway mainline section in HPMS filter,2024,0,0,0,0,0,0,0,0,0,0,0,0,0,0
"Hamilton County, Texas",48193,TX,Hamilton,No qualifying Interstate/freeway mainline section in HPMS filter,2024,0,0,0,0,0,0,0,0,0,0,0,0,0,0
"Hansford County, Texas",48195,TX,Hansford,No qualifying Interstate/freeway mainline section in HPMS filter,2024,0,0,0,0,0,0,0,0,0,0,0,0,0,0
"Hardeman County, Texas",48197,TX,Hardeman,No qualifying Interstate/freeway mainline section in HPMS filter,2024,0,0,0,0,0,0,0,0,0,0,0,0,0,0
"Hardin County, Texas",48199,TX,Hardin,Direct FIPS match,2024,3.448,152830.821,11.93709339,44324.484,50518,0.0,0.0,0.0,,3.448,152830.821,44324.484,50518,71
"Harris County, Texas",48201,TX,Harris,Direct FIPS match,2024,478.236,61642748.58,17.93686617,128896.086,318361,179.729,35046768.45,194997.8493,318361,298.507,26595980.13,89096.6715,229577,7152
"Harrison County, Texas",48203,TX,Harrison,Direct FIPS match,2024,39.198,1414425.673,14.16223483,36084.1286,39826,39.198,1414425.673,36084.1286,39826,0.0,0.0,0.0,,477
"Hartley County, Texas",48205,TX,Hartley,No qualifying Interstate/freeway mainline section in HPMS filter,2024,0,0,0,0,0,0,0,0,0,0,0,0,0,0
"Haskell County, Texas",48207,TX,Haskell,No qualifying Interstate/freeway mainline section in HPMS filter,2024,0,0,0,0,0,0,0,0,0,0,0,0,0,0
"Hays County, Texas",48209,TX,Hays,Direct FIPS match,2024,24.365,3093101.958,14.94468534,126948.5721,149168,24.365,3093101.958,126948.5721,149168,0.0,0.0,0.0,,387
"Hemphill County, Texas",48211,TX,Hemphill,No qualifying Interstate/freeway mainline section in HPMS filter,2024,0,0,0,0,0,0,0,0,0,0,0,0,0,0
"Henderson County, Texas",48213,TX,Henderson,No qualifying Interstate/freeway mainline section in HPMS filter,2024,0,0,0,0,0,0,0,0,0,0,0,0,0,0
"Hidalgo County, Texas",48215,TX,Hidalgo,Direct FIPS match,2024,54.618,3977610.88,15.19619217,72826.0075,116240,54.58,3976934.366,72864.316,116240,0.038,676.514,17803.0,17803,831
"Hill County, Texas",48217,TX,Hill,Direct FIPS match,2024,37.802,2161288.726,14.5862157,57173.9253,82652,37.802,2161288.726,57173.9253,82652,0.0,0.0,0.0,,587
"Hockley County, Texas",48219,TX,Hockley,No qualifying Interstate/freeway mainline section in HPMS filter,2024,0,0,0,0,0,0,0,0,0,0,0,0,0,0
"Hood County, Texas",48221,TX,Hood,No qualifying Interstate/freeway mainline section in HPMS filter,2024,0,0,0,0,0,0,0,0,0,0,0,0,0,0
"Hopkins County, Texas",48223,TX,Hopkins,Direct FIPS match,2024,33.519,1076783.401,13.88948975,32124.5682,35976,33.519,1076783.401,32124.5682,35976,0.0,0.0,0.0,,431
"Houston County, Texas",48225,TX,Houston,No qualifying Interstate/freeway mainline section in HPMS filter,2024,0,0,0,0,0,0,0,0,0,0,0,0,0,0
"Howard County, Texas",48227,TX,Howard,Direct FIPS match,2024,33.557,861413.072,13.66633059,25670.1455,31043,33.557,861413.072,25670.1455,31043,0.0,0.0,0.0,,432
"Hudspeth County, Texas",48229,TX,Hudspeth,Direct FIPS match,2024,73.567,1215655.637,14.01079493,16524.4694,16974,73.567,1215655.637,16524.4694,16974,0.0,0.0,0.0,,930
"Hunt County, Texas",48231,TX,Hunt,Direct FIPS match,2024,29.806,1361203.698,14.12388067,45668.7814,58841,29.806,1361203.698,45668.7814,58841,0.0,0.0,0.0,,408
"Hutchinson County, Texas",48233,TX,Hutchinson,No qualifying Interstate/freeway mainline section in HPMS filter,2024,0,0,0,0,0,0,0,0,0,0,0,0,0,0
"Irion County, Texas",48235,TX,Irion,No qualifying Interstate/freeway mainline section in HPMS filter,2024,0,0,0,0,0,0,0,0,0,0,0,0,0,0
"Jack County, Texas",48237,TX,Jack,No qualifying Interstate/freeway mainline section in HPMS filter,2024,0,0,0,0,0,0,0,0,0,0,0,0,0,0
"Jackson County, Texas",48239,TX,Jackson,Direct FIPS match,2024,4.155,91852.861,11.42795413,22106.5851,25384,0.0,0.0,0.0,,4.155,91852.861,22106.5851,25384,75
"Jasper County, Texas",48241,TX,Jasper,No qualifying Interstate/freeway mainline section in HPMS filter,2024,0,0,0,0,0,0,0,0,0,0,0,0,0,0
"Jeff Davis County, Texas",48243,TX,Jeff Davis,Direct FIPS match,2024,7.011,100850.754,11.52140694,14384.6461,14422,7.011,100850.754,14384.6461,14422,0.0,0.0,0.0,,95
"Jefferson County, Texas",48245,TX,Jefferson,Direct FIPS match,2024,54.172,2708543.413,14.81192193,49998.9554,107831,23.888,1330993.002,55718.0594,107831,30.284,1377550.411,45487.7299,75698,886
"Jim Hogg County, Texas",48247,TX,Jim Hogg,No qualifying Interstate/freeway mainline section in HPMS filter,2024,0,0,0,0,0,0,0,0,0,0,0,0,0,0
"Jim Wells County, Texas",48249,TX,Jim Wells,No qualifying Interstate/freeway mainline section in HPMS filter,2024,0,0,0,0,0,0,0,0,0,0,0,0,0,0
"Johnson County, Texas",48251,TX,Johnson,Direct FIPS match,2024,47.87,1532838.347,14.24263236,32020.8554,70391,23.158,1128144.384,48715.1042,70391,24.712,404693.963,16376.4148,44351,730
"Jones County, Texas",48253,TX,Jones,Direct FIPS match,2024,0.131,1764.405,7.4761354,13468.7405,14605,0.0,0.0,0.0,,0.131,1764.405,13468.7405,14605,4
"Karnes County, Texas",48255,TX,Karnes,No qualifying Interstate/freeway mainline section in HPMS filter,2024,0,0,0,0,0,0,0,0,0,0,0,0,0,0
"Kaufman County, Texas",48257,TX,Kaufman,Direct FIPS match,2024,53.715,2718732.276,14.81567662,50614.0236,83721,26.986,1508647.221,55904.8107,80487,26.729,1210085.055,45272.3654,83721,857
"Kendall County, Texas",48259,TX,Kendall,Direct FIPS match,2024,22.957,852680.872,13.6561418,37142.5218,77301,22.957,852680.872,37142.5218,77301,0.0,0.0,0.0,,312
"Kenedy County, Texas",48261,TX,Kenedy,Direct FIPS match,2024,1.176,12617.304,9.44290374,10729.0,10729,1.176,12617.304,10729.0,10729,0.0,0.0,0.0,,14
"Kent County, Texas",48263,TX,Kent,No qualifying Interstate/freeway mainline section in HPMS filter,2024,0,0,0,0,0,0,0,0,0,0,0,0,0,0
"Kerr County, Texas",48265,TX,Kerr,Direct FIPS match,2024,37.572,678021.537,13.42693581,18045.9261,21677,37.572,678021.537,18045.9261,21677,0.0,0.0,0.0,,465
"Kimble County, Texas",48267,TX,Kimble,Direct FIPS match,2024,43.897,574165.075,13.26067396,13079.8249,16244,43.897,574165.075,13079.8249,16244,0.0,0.0,0.0,,554
"King County, Texas",48269,TX,King,No qualifying Interstate/freeway mainline section in HPMS filter,2024,0,0,0,0,0,0,0,0,0,0,0,0,0,0
"Kinney County, Texas",48271,TX,Kinney,No qualifying Interstate/freeway mainline section in HPMS filter,2024,0,0,0,0,0,0,0,0,0,0,0,0,0,0
"Kleberg County, Texas",48273,TX,Kleberg,Direct FIPS match,2024,2.793,70409.969,11.16210434,25209.4411,28591,0.0,0.0,0.0,,2.793,70409.969,25209.4411,28591,61
"Knox County, Texas",48275,TX,Knox,No qualifying Interstate/freeway mainline section in HPMS filter,2024,0,0,0,0,0,0,0,0,0,0,0,0,0,0
"Lamar County, Texas",48277,TX,Lamar,No qualifying Interstate/freeway mainline section in HPMS filter,2024,0,0,0,0,0,0,0,0,0,0,0,0,0,0
"Lamb County, Texas",48279,TX,Lamb,No qualifying Interstate/freeway mainline section in HPMS filter,2024,0,0,0,0,0,0,0,0,0,0,0,0,0,0
"Lampasas County, Texas",48281,TX,Lampasas,No qualifying Interstate/freeway mainline section in HPMS filter,2024,0,0,0,0,0,0,0,0,0,0,0,0,0,0
"La Salle County, Texas",48283,TX,La Salle,Direct FIPS match,2024,44.15,981871.368,13.79721661,22239.4421,23319,44.15,981871.368,22239.4421,23319,0.0,0.0,0.0,,573
"Lavaca County, Texas",48285,TX,Lavaca,No qualifying Interstate/freeway mainline section in HPMS filter,2024,0,0,0,0,0,0,0,0,0,0,0,0,0,0
"Lee County, Texas",48287,TX,Lee,No qualifying Interstate/freeway mainline section in HPMS filter,2024,0,0,0,0,0,0,0,0,0,0,0,0,0,0
"Leon County, Texas",48289,TX,Leon,Direct FIPS match,2024,28.571,1208347.117,14.00476479,42292.7835,43277,28.571,1208347.117,42292.7835,43277,0.0,0.0,0.0,,349
"Liberty County, Texas",48291,TX,Liberty,Direct FIPS match,2024,11.172,352168.64,12.77186827,31522.4347,51642,0.275,14201.55,51642.0,51642,10.897,337967.09,31014.6912,51642,182
"Limestone County, Texas",48293,TX,Limestone,No qualifying Interstate/freeway mainline section in HPMS filter,2024,0,0,0,0,0,0,0,0,0,0,0,0,0,0
"Lipscomb County, Texas",48295,TX,Lipscomb,No qualifying Interstate/freeway mainline section in HPMS filter,2024,0,0,0,0,0,0,0,0,0,0,0,0,0,0
"Live Oak County, Texas",48297,TX,Live Oak,Direct FIPS match,2024,44.31,899805.361,13.70993486,20307.0494,29084,44.31,899805.361,20307.0494,29084,0.0,0.0,0.0,,551
"Llano County, Texas",48299,TX,Llano,No qualifying Interstate/freeway mainline section in HPMS filter,2024,0,0,0,0,0,0,0,0,0,0,0,0,0,0
"Loving County, Texas",48301,TX,Loving,No qualifying Interstate/freeway mainline section in HPMS filter,2024,0,0,0,0,0,0,0,0,0,0,0,0,0,0
"Lubbock County, Texas",48303,TX,Lubbock,Direct FIPS match,2024,66.87,1996875.955,14.507095,29862.06,85363,21.316,590567.595,27705.3666,53297,45.554,1406308.36,30871.2377,85363,1107
"Lynn County, Texas",48305,TX,Lynn,Direct FIPS match,2024,3.581,31022.793,10.34250971,8663.1648,9855,0.0,0.0,0.0,,3.581,31022.793,8663.1648,9855,46
"McCulloch County, Texas",48307,TX,McCulloch,No qualifying Interstate/freeway mainline section in HPMS filter,2024,0,0,0,0,0,0,0,0,0,0,0,0,0,0
"McLennan County, Texas",48309,TX,McLennan,Direct FIPS match,2024,65.834,4345693.338,15.28469611,66009.8633,136098,39.892,3656408.384,91657.6854,136098,25.942,689284.954,26570.2318,52628,1104
"McMullen County, Texas",48311,TX,McMullen,No qualifying Interstate/freeway mainline section in HPMS filter,2024,0,0,0,0,0,0,0,0,0,0,0,0,0,0
"Madison County, Texas",48313,TX,Madison,Direct FIPS match,2024,18.623,719353.876,13.48611008,38627.1748,42850,18.623,719353.876,38627.1748,42850,0.0,0.0,0.0,,235
"Marion County, Texas",48315,TX,Marion,No qualifying Interstate/freeway mainline section in HPMS filter,2024,0,0,0,0,0,0,0,0,0,0,0,0,0,0
"Martin County, Texas",48317,TX,Martin,Direct FIPS match,2024,13.504,432438.479,12.97719766,32022.9916,35856,13.504,432438.479,32022.9916,35856,0.0,0.0,0.0,,159
"Mason County, Texas",48319,TX,Mason,No qualifying Interstate/freeway mainline section in HPMS filter,2024,0,0,0,0,0,0,0,0,0,0,0,0,0,0
"Matagorda County, Texas",48321,TX,Matagorda,No qualifying Interstate/freeway mainline section in HPMS filter,2024,0,0,0,0,0,0,0,0,0,0,0,0,0,0
"Maverick County, Texas",48323,TX,Maverick,No qualifying Interstate/freeway mainline section in HPMS filter,2024,0,0,0,0,0,0,0,0,0,0,0,0,0,0
"Medina County, Texas",48325,TX,Medina,Direct FIPS match,2024,12.689,485772.431,13.0934976,38282.9562,43272,12.689,485772.431,38282.9562,43272,0.0,0.0,0.0,,174
"Menard County, Texas",48327,TX,Menard,No qualifying Interstate/freeway mainline section in HPMS filter,2024,0,0,0,0,0,0,0,0,0,0,0,0,0,0
"Midland County, Texas",48329,TX,Midland,Direct FIPS match,2024,48.765,2112652.199,14.56345516,43323.1252,83043,27.745,1162063.236,41883.6993,52082,21.02,950588.963,45223.0715,83043,686
"Milam County, Texas",48331,TX,Milam,No qualifying Interstate/freeway mainline section in HPMS filter,2024,0,0,0,0,0,0,0,0,0,0,0,0,0,0
"Mills County, Texas",48333,TX,Mills,No qualifying Interstate/freeway mainline section in HPMS filter,2024,0,0,0,0,0,0,0,0,0,0,0,0,0,0
"Mitchell County, Texas",48335,TX,Mitchell,Direct FIPS match,2024,32.104,627918.141,13.35016668,19558.8756,20356,32.104,627918.141,19558.8756,20356,0.0,0.0,0.0,,409
"Montague County, Texas",48337,TX,Montague,Direct FIPS match,2024,13.317,290701.186,12.58005461,21829.3299,25379,0.0,0.0,0.0,,13.317,290701.186,21829.3299,25379,167
"Montgomery County, Texas",48339,TX,Montgomery,Direct FIPS match,2024,67.759,6227343.309,15.64446053,91904.2977,237212,45.646,5343151.927,117056.3013,237212,22.113,884191.382,39985.1391,61934,914
"Moore County, Texas",48341,TX,Moore,No qualifying Interstate/freeway mainline section in HPMS filter,2024,0,0,0,0,0,0,0,0,0,0,0,0,0,0
"Morris County, Texas",48343,TX,Morris,Direct FIPS match,2024,7.131,175919.076,12.07778506,24669.6222,24687,7.131,175919.076,24669.6222,24687,0.0,0.0,0.0,,102
"Motley County, Texas",48345,TX,Motley,No qualifying Interstate/freeway mainline section in HPMS filter,2024,0,0,0,0,0,0,0,0,0,0,0,0,0,0
"Nacogdoches County, Texas",48347,TX,Nacogdoches,No qualifying Interstate/freeway mainline section in HPMS filter,2024,0,0,0,0,0,0,0,0,0,0,0,0,0,0
"Navarro County, Texas",48349,TX,Navarro,Direct FIPS match,2024,30.773,1346408.004,14.11295161,43752.9004,60675,30.773,1346408.004,43752.9004,60675,0.0,0.0,0.0,,405
"Newton County, Texas",48351,TX,Newton,No qualifying Interstate/freeway mainline section in HPMS filter,2024,0,0,0,0,0,0,0,0,0,0,0,0,0,0
"Nolan County, Texas",48353,TX,Nolan,Direct FIPS match,2024,31.956,822625.338,13.62025735,25742.4377,31179,31.956,822625.338,25742.4377,31179,0.0,0.0,0.0,,418
"Nueces County, Texas",48355,TX,Nueces,Direct FIPS match,2024,67.986,3644912.595,15.10884322,53612.6937,124158,27.962,1422710.774,50880.1507,84046,40.024,2222201.821,55521.7325,124158,1131
"Ochiltree County, Texas",48357,TX,Ochiltree,No qualifying Interstate/freeway mainline section in HPMS filter,2024,0,0,0,0,0,0,0,0,0,0,0,0,0,0
"Oldham County, Texas",48359,TX,Oldham,Direct FIPS match,2024,49.279,769885.857,13.55399884,15623.0008,17812,49.279,769885.857,15623.0008,17812,0.0,0.0,0.0,,585
"Orange County, Texas",48361,TX,Orange,Direct FIPS match,2024,25.747,1612887.434,14.29353719,62643.7035,85585,25.747,1612887.434,62643.7035,85585,0.0,0.0,0.0,,397
"Palo Pinto County, Texas",48363,TX,Palo Pinto,Direct FIPS match,2024,20.596,588572.374,13.28545688,28577.0234,32923,20.596,588572.374,28577.0234,32923,0.0,0.0,0.0,,333
"Panola County, Texas",48365,TX,Panola,No qualifying Interstate/freeway mainline section in HPMS filter,2024,0,0,0,0,0,0,0,0,0,0,0,0,0,0
"Parker County, Texas",48367,TX,Parker,Direct FIPS match,2024,35.705,2129822.941,14.57154988,59650.5515,110210,34.914,2107527.199,60363.3843,110210,0.791,22295.742,28186.7788,30036,567
"Parmer County, Texas",48369,TX,Parmer,No qualifying Interstate/freeway mainline section in HPMS filter,2024,0,0,0,0,0,0,0,0,0,0,0,0,0,0
"Pecos County, Texas",48371,TX,Pecos,Direct FIPS match,2024,100.513,784545.342,13.57286092,7805.4117,9253,100.513,784545.342,7805.4117,9253,0.0,0.0,0.0,,1416
"Polk County, Texas",48373,TX,Polk,Direct FIPS match,2024,4.435,95274.145,11.46452425,21482.3326,28994,0.0,0.0,0.0,,4.435,95274.145,21482.3326,28994,71
"Potter County, Texas",48375,TX,Potter,Direct FIPS match,2024,39.309,1491409.015,14.21523255,37940.6501,87994,32.122,1366345.682,42536.1336,87994,7.187,125063.333,17401.3264,34717,598
"Presidio County, Texas",48377,TX,Presidio,No qualifying Interstate/freeway mainline section in HPMS filter,2024,0,0,0,0,0,0,0,0,0,0,0,0,0,0
"Rains County, Texas",48379,TX,Rains,No qualifying Interstate/freeway mainline section in HPMS filter,2024,0,0,0,0,0,0,0,0,0,0,0,0,0,0
"Randall County, Texas",48381,TX,Randall,Direct FIPS match,2024,36.754,901881.474,13.7122395,24538.3217,55979,33.107,813406.96,24569.0325,55979,3.647,88474.514,24259.5322,29941,465
"Reagan County, Texas",48383,TX,Reagan,No qualifying Interstate/freeway mainline section in HPMS filter,2024,0,0,0,0,0,0,0,0,0,0,0,0,0,0
"Real County, Texas",48385,TX,Real,No qualifying Interstate/freeway mainline section in HPMS filter,2024,0,0,0,0,0,0,0,0,0,0,0,0,0,0
"Red River County, Texas",48387,TX,Red River,No qualifying Interstate/freeway mainline section in HPMS filter,2024,0,0,0,0,0,0,0,0,0,0,0,0,0,0
"Reeves County, Texas",48389,TX,Reeves,Direct FIPS match,2024,89.51,794857.5,13.58591939,8880.0972,17172,89.51,794857.5,8880.0972,17172,0.0,0.0,0.0,,1136
"Refugio County, Texas",48391,TX,Refugio,No qualifying Interstate/freeway mainline section in HPMS filter,2024,0,0,0,0,0,0,0,0,0,0,0,0,0,0
"Roberts County, Texas",48393,TX,Roberts,No qualifying Interstate/freeway mainline section in HPMS filter,2024,0,0,0,0,0,0,0,0,0,0,0,0,0,0
"Robertson County, Texas",48395,TX,Robertson,No qualifying Interstate/freeway mainline section in HPMS filter,2024,0,0,0,0,0,0,0,0,0,0,0,0,0,0
"Rockwall County, Texas",48397,TX,Rockwall,Direct FIPS match,2024,15.021,1481773.807,14.20875112,98646.8149,137300,15.021,1481773.807,98646.8149,137300,0.0,0.0,0.0,,241
"Runnels County, Texas",48399,TX,Runnels,No qualifying Interstate/freeway mainline section in HPMS filter,2024,0,0,0,0,0,0,0,0,0,0,0,0,0,0
"Rusk County, Texas",48401,TX,Rusk,No qualifying Interstate/freeway mainline section in HPMS filter,2024,0,0,0,0,0,0,0,0,0,0,0,0,0,0
"Sabine County, Texas",48403,TX,Sabine,No qualifying Interstate/freeway mainline section in HPMS filter,2024,0,0,0,0,0,0,0,0,0,0,0,0,0,0
"San Augustine County, Texas",48405,TX,San Augustine,No qualifying Interstate/freeway mainline section in HPMS filter,2024,0,0,0,0,0,0,0,0,0,0,0,0,0,0
"San Jacinto County, Texas",48407,TX,San Jacinto,Direct FIPS match,2024,3.637,100554.538,11.51846547,27647.6596,28403,0.0,0.0,0.0,,3.637,100554.538,27647.6596,28403,53
"San Patricio County, Texas",48409,TX,San Patricio,Direct FIPS match,2024,32.05,875971.421,13.68308989,27331.4016,56146,22.972,544342.189,23695.8989,56146,9.078,331629.232,36531.0897,52700,487
"San Saba County, Texas",48411,TX,San Saba,No qualifying Interstate/freeway mainline section in HPMS filter,2024,0,0,0,0,0,0,0,0,0,0,0,0,0,0
"Schleicher County, Texas",48413,TX,Schleicher,No qualifying Interstate/freeway mainline section in HPMS filter,2024,0,0,0,0,0,0,0,0,0,0,0,0,0,0
"Scurry County, Texas",48415,TX,Scurry,No qualifying Interstate/freeway mainline section in HPMS filter,2024,0,0,0,0,0,0,0,0,0,0,0,0,0,0
"Shackelford County, Texas",48417,TX,Shackelford,No qualifying Interstate/freeway mainline section in HPMS filter,2024,0,0,0,0,0,0,0,0,0,0,0,0,0,0
"Shelby County, Texas",48419,TX,Shelby,No qualifying Interstate/freeway mainline section in HPMS filter,2024,0,0,0,0,0,0,0,0,0,0,0,0,0,0
"Sherman County, Texas",48421,TX,Sherman,No qualifying Interstate/freeway mainline section in HPMS filter,2024,0,0,0,0,0,0,0,0,0,0,0,0,0,0
"Smith County, Texas",48423,TX,Smith,Direct FIPS match,2024,36.198,1368190.981,14.1290007,37797.4192,43326,36.198,1368190.981,37797.4192,43326,0.0,0.0,0.0,,489
"Somervell County, Texas",48425,TX,Somervell,No qualifying Interstate/freeway mainline section in HPMS filter,2024,0,0,0,0,0,0,0,0,0,0,0,0,0,0
"Starr County, Texas",48427,TX,Starr,No qualifying Interstate/freeway mainline section in HPMS filter,2024,0,0,0,0,0,0,0,0,0,0,0,0,0,0
"Stephens County, Texas",48429,TX,Stephens,No qualifying Interstate/freeway mainline section in HPMS filter,2024,0,0,0,0,0,0,0,0,0,0,0,0,0,0
"Sterling County, Texas",48431,TX,Sterling,No qualifying Interstate/freeway mainline section in HPMS filter,2024,0,0,0,0,0,0,0,0,0,0,0,0,0,0
"Stonewall County, Texas",48433,TX,Stonewall,No qualifying Interstate/freeway mainline section in HPMS filter,2024,0,0,0,0,0,0,0,0,0,0,0,0,0,0
"Sutton County, Texas",48435,TX,Sutton,Direct FIPS match,2024,53.845,586850.942,13.28252784,10898.8939,11289,53.845,586850.942,10898.8939,11289,0.0,0.0,0.0,,640
"Swisher County, Texas",48437,TX,Swisher,Direct FIPS match,2024,31.415,336918.589,12.72759957,10724.7681,12229,31.415,336918.589,10724.7681,12229,0.0,0.0,0.0,,369
"Tarrant County, Texas",48439,TX,Tarrant,Direct FIPS match,2024,255.502,29821848.77,17.2107519,116718.651,260923,128.255,17293333.38,134835.5493,220674,127.247,12528515.39,98458.2378,260923,4078
"Taylor County, Texas",48441,TX,Taylor,Direct FIPS match,2024,52.33,1427288.327,14.17128763,27274.7626,46214,32.409,921151.331,28422.7014,37137,19.921,506136.996,25407.2083,46214,829
"Terrell County, Texas",48443,TX,Terrell,No qualifying Interstate/freeway mainline section in HPMS filter,2024,0,0,0,0,0,0,0,0,0,0,0,0,0,0
"Terry County, Texas",48445,TX,Terry,No qualifying Interstate/freeway mainline section in HPMS filter,2024,0,0,0,0,0,0,0,0,0,0,0,0,0,0
"Throckmorton County, Texas",48447,TX,Throckmorton,No qualifying Interstate/freeway mainline section in HPMS filter,2024,0,0,0,0,0,0,0,0,0,0,0,0,0,0
"Titus County, Texas",48449,TX,Titus,Direct FIPS match,2024,20.68,560032.709,13.23575226,27080.8853,29587,20.68,560032.709,27080.8853,29587,0.0,0.0,0.0,,291
"Tom Green County, Texas",48451,TX,Tom Green,Direct FIPS match,2024,13.414,388548.002,12.87017457,28965.8567,42027,0.0,0.0,0.0,,13.414,388548.002,28965.8567,42027,216
"Travis County, Texas",48453,TX,Travis,Direct FIPS match,2024,138.438,13080668.864,16.38664612,94487.5602,186484,28.391,4246586.844,149575.1063,186484,110.047,8834082.02,80275.537,168632,2393
"Trinity County, Texas",48455,TX,Trinity,No qualifying Interstate/freeway mainline section in HPMS filter,2024,0,0,0,0,0,0,0,0,0,0,0,0,0,0
"Tyler County, Texas",48457,TX,Tyler,No qualifying Interstate/freeway mainline section in HPMS filter,2024,0,0,0,0,0,0,0,0,0,0,0,0,0,0
"Upshur County, Texas",48459,TX,Upshur,No qualifying Interstate/freeway mainline section in HPMS filter,2024,0,0,0,0,0,0,0,0,0,0,0,0,0,0
"Upton County, Texas",48461,TX,Upton,No qualifying Interstate/freeway mainline section in HPMS filter,2024,0,0,0,0,0,0,0,0,0,0,0,0,0,0
"Uvalde County, Texas",48463,TX,Uvalde,No qualifying Interstate/freeway mainline section in HPMS filter,2024,0,0,0,0,0,0,0,0,0,0,0,0,0,0
"Val Verde County, Texas",48465,TX,Val Verde,No qualifying Interstate/freeway mainline section in HPMS filter,2024,0,0,0,0,0,0,0,0,0,0,0,0,0,0
"Van Zandt County, Texas",48467,TX,Van Zandt,Direct FIPS match,2024,30.192,1326056.209,14.09772059,43920.7806,50058,30.192,1326056.209,43920.7806,50058,0.0,0.0,0.0,,433
"Victoria County, Texas",48469,TX,Victoria,Direct FIPS match,2024,14.39,274812.303,12.52384725,19097.4498,31068,0.0,0.0,0.0,,14.39,274812.303,19097.4498,31068,236
"Walker County, Texas",48471,TX,Walker,Direct FIPS match,2024,32.877,1878754.618,14.44612021,57144.9529,86375,32.877,1878754.618,57144.9529,86375,0.0,0.0,0.0,,430
"Waller County, Texas",48473,TX,Waller,Direct FIPS match,2024,21.388,1423417.199,14.16857172,66552.1413,115767,11.112,829319.673,74632.7999,115767,10.276,594097.526,57814.0839,75596,324
"Ward County, Texas",48475,TX,Ward,Direct FIPS match,2024,40.56,924455.935,13.73696175,22792.3061,30119,40.56,924455.935,22792.3061,30119,0.0,0.0,0.0,,490
"Washington County, Texas",48477,TX,Washington,No qualifying Interstate/freeway mainline section in HPMS filter,2024,0,0,0,0,0,0,0,0,0,0,0,0,0,0
"Webb County, Texas",48479,TX,Webb,Direct FIPS match,2024,41.344,1378931.609,14.13682029,33352.6415,89514,39.714,1342766.062,33810.8995,89514,1.63,36165.547,22187.4521,27074,635
"Wharton County, Texas",48481,TX,Wharton,Direct FIPS match,2024,7.016,167294.873,12.02751922,23844.7653,31836,0.0,0.0,0.0,,7.016,167294.873,23844.7653,31836,115
"Wheeler County, Texas",48483,TX,Wheeler,Direct FIPS match,2024,30.551,429784.718,12.97104203,14067.7791,14400,30.551,429784.718,14067.7791,14400,0.0,0.0,0.0,,365
"Wichita County, Texas",48485,TX,Wichita,Direct FIPS match,2024,61.3,1563566.672,14.26248074,25506.7973,67967,15.412,459653.128,29824.3659,67967,45.888,1103913.544,24056.6933,60899,1014
"Wilbarger County, Texas",48487,TX,Wilbarger,Direct FIPS match,2024,4.694,80111.63,11.2911888,17066.8151,18473,0.0,0.0,0.0,,4.694,80111.63,17066.8151,18473,91
"Willacy County, Texas",48489,TX,Willacy,Direct FIPS match,2024,18.272,377427.914,12.84113752,20656.0811,27564,18.272,377427.914,20656.0811,27564,0.0,0.0,0.0,,284
"Williamson County, Texas",48491,TX,Williamson,Direct FIPS match,2024,69.294,5665025.844,15.54982219,81753.4829,176681,27.492,3231557.927,117545.3924,176681,41.802,2433467.917,58214.1504,140311,1071
"Wilson County, Texas",48493,TX,Wilson,No qualifying Interstate/freeway mainline section in HPMS filter,2024,0,0,0,0,0,0,0,0,0,0,0,0,0,0
"Winkler County, Texas",48495,TX,Winkler,No qualifying Interstate/freeway mainline section in HPMS filter,2024,0,0,0,0,0,0,0,0,0,0,0,0,0,0
"Wise County, Texas",48497,TX,Wise,Direct FIPS match,2024,2.297,98846.568,11.50133423,43032.8986,54320,0.0,0.0,0.0,,2.297,98846.568,43032.8986,54320,28
"Wood County, Texas",48499,TX,Wood,No qualifying Interstate/freeway mainline section in HPMS filter,2024,0,0,0,0,0,0,0,0,0,0,0,0,0,0
"Yoakum County, Texas",48501,TX,Yoakum,No qualifying Interstate/freeway mainline section in HPMS filter,2024,0,0,0,0,0,0,0,0,0,0,0,0,0,0
"Young County, Texas",48503,TX,Young,No qualifying Interstate/freeway mainline section in HPMS filter,2024,0,0,0,0,0,0,0,0,0,0,0,0,0,0
"Zapata County, Texas",48505,TX,Zapata,No qualifying Interstate/freeway mainline section in HPMS filter,2024,0,0,0,0,0,0,0,0,0,0,0,0,0,0
"Zavala County, Texas",48507,TX,Zavala,No qualifying Interstate/freeway mainline section in HPMS filter,2024,0,0,0,0,0,0,0,0,0,0,0,0,0,0
"Beaver County, Utah",49001,UT,Beaver,Direct FIPS match,2024,30.6872,762659.449,13.54456819,24852.6894,25707,30.6872,762659.449,24852.6894,25707,0.0,0.0,0.0,,354
"Box Elder County, Utah",49003,UT,Box Elder,Direct FIPS match,2024,91.8276,2075412.233,14.54567084,22601.1813,70618,91.8276,2075412.233,22601.1813,70618,0.0,0.0,0.0,,1127
"Cache County, Utah",49005,UT,Cache,No qualifying Interstate/freeway mainline section in HPMS filter,2024,0,0,0,0,0,0,0,0,0,0,0,0,0,0
"Carbon County, Utah",49007,UT,Carbon,Direct FIPS match,2024,6.4626,91558.1214,11.42474018,14167.3818,14610,0.0,0.0,0.0,,6.4626,91558.1214,14167.3818,14610,107
"Daggett County, Utah",49009,UT,Daggett,No qualifying Interstate/freeway mainline section in HPMS filter,2024,0,0,0,0,0,0,0,0,0,0,0,0,0,0
"Davis County, Utah",49011,UT,Davis,Direct FIPS match,2024,42.9594,4407952.5692,15.2989211,102607.4053,178101,31.7233,3918234.975,123512.8431,178101,11.2361,489717.5942,43584.3036,45460,613
"Duchesne County, Utah",49013,UT,Duchesne,No qualifying Interstate/freeway mainline section in HPMS filter,2024,0,0,0,0,0,0,0,0,0,0,0,0,0,0
"Emery County, Utah",49015,UT,Emery,Direct FIPS match,2024,68.8212,395537.3329,12.88800298,5747.3182,12139,68.8212,395537.3329,5747.3182,12139,0.0,0.0,0.0,,773
"Garfield County, Utah",49017,UT,Garfield,No qualifying Interstate/freeway mainline section in HPMS filter,2024,0,0,0,0,0,0,0,0,0,0,0,0,0,0
"Grand County, Utah",49019,UT,Grand,Direct FIPS match,2024,68.706,652534.2541,13.38862045,9497.4857,11441,68.706,652534.2541,9497.4857,11441,0.0,0.0,0.0,,782
"Iron County, Utah",49021,UT,Iron,Direct FIPS match,2024,59.1836,1758488.543,14.37996578,29712.4295,37296,59.1836,1758488.543,29712.4295,37296,0.0,0.0,0.0,,689
"Juab County, Utah",49023,UT,Juab,Direct FIPS match,2024,47.4766,1637070.552,14.30841956,34481.6299,46858,47.4766,1637070.552,34481.6299,46858,0.0,0.0,0.0,,551
"Kane County, Utah",49025,UT,Kane,No qualifying Interstate/freeway mainline section in HPMS filter,2024,0,0,0,0,0,0,0,0,0,0,0,0,0,0
"Millard County, Utah",49027,UT,Millard,Direct FIPS match,2024,69.262,1273208.046,14.05705108,18382.4903,26038,69.262,1273208.046,18382.4903,26038,0.0,0.0,0.0,,786
"Morgan County, Utah",49029,UT,Morgan,Direct FIPS match,2024,21.214,338229.0509,12.73148157,15943.6717,25475,21.214,338229.0509,15943.6717,25475,0.0,0.0,0.0,,270
"Piute County, Utah",49031,UT,Piute,No qualifying Interstate/freeway mainline section in HPMS filter,2024,0,0,0,0,0,0,0,0,0,0,0,0,0,0
"Rich County, Utah",49033,UT,Rich,No qualifying Interstate/freeway mainline section in HPMS filter,2024,0,0,0,0,0,0,0,0,0,0,0,0,0,0
"Salt Lake County, Utah",49035,UT,Salt Lake,Direct FIPS match,2024,101.6222,11636843.6193,16.26968688,114510.8413,332533,93.2686,10918217.4,117062.0916,332533,8.3536,718626.2193,86025.9313,134087,1454
"San Juan County, Utah",49037,UT,San Juan,No qualifying Interstate/freeway mainline section in HPMS filter,2024,0,0,0,0,0,0,0,0,0,0,0,0,0,0
"Sanpete County, Utah",49039,UT,Sanpete,No qualifying Interstate/freeway mainline section in HPMS filter,2024,0,0,0,0,0,0,0,0,0,0,0,0,0,0
"Sevier County, Utah",49041,UT,Sevier,Direct FIPS match,2024,87.3482,594233.3447,13.29502904,6803.0405,10232,87.3482,594233.3447,6803.0405,10232,0.0,0.0,0.0,,1019
"Summit County, Utah",49043,UT,Summit,Direct FIPS match,2024,71.7101,1672115.8114,14.32960093,23317.7169,68923,65.5875,1457377.718,22220.3578,68923,6.1226,214738.0934,35073.0235,38327,862
"Tooele County, Utah",49045,UT,Tooele,Direct FIPS match,2024,104.9087,1250791.266,14.03928772,11922.6648,57652,101.8353,1234548.347,12122.9902,57652,3.0734,16242.919,5285.0,5285,1131
"Uintah County, Utah",49047,UT,Uintah,No qualifying Interstate/freeway mainline section in HPMS filter,2024,0,0,0,0,0,0,0,0,0,0,0,0,0,0
"Utah County, Utah",49049,UT,Utah,Direct FIPS match,2024,44.3478,6234388.023,15.64559114,140579.4205,224126,44.3478,6234388.023,140579.4205,224126,0.0,0.0,0.0,,658
"Wasatch County, Utah",49051,UT,Wasatch,Direct FIPS match,2024,7.1574,202342.0816,12.21771996,28270.333,29684,0.0,0.0,0.0,,7.1574,202342.0816,28270.333,29684,87
"Washington County, Utah",49053,UT,Washington,Direct FIPS match,2024,68.5869,1966077.5506,14.49155153,28665.4966,72208,42.2615,1799804.05,42587.3206,72208,26.3254,166273.5006,6316.0864,9591,876
"Wayne County, Utah",49055,UT,Wayne,No qualifying Interstate/freeway mainline section in HPMS filter,2024,0,0,0,0,0,0,0,0,0,0,0,0,0,0
"Weber County, Utah",49057,UT,Weber,Direct FIPS match,2024,19.329,1458589.96,14.19298143,75461.222,130590,19.329,1458589.96,75461.222,130590,0.0,0.0,0.0,,304
"Addison County, Vermont",50001,VT,Addison,No qualifying Interstate/freeway mainline section in HPMS filter,2024,0,0,0,0,0,0,0,0,0,0,0,0,0,0
"Bennington County, Vermont",50003,VT,Bennington,No qualifying Interstate/freeway mainline section in HPMS filter,2024,0,0,0,0,0,0,0,0,0,0,0,0,0,0
"Caledonia County, Vermont",50005,VT,Caledonia,Direct FIPS match,2024,54.38,376328.171,12.83821949,6920.3415,11166,52.919,365436.901,6905.5897,11166,1.461,10891.27,7454.668,9072,679
"Chittenden County, Vermont",50007,VT,Chittenden,Direct FIPS match,2024,46.538,1286530.027,14.06746003,27644.721,53619,38.798,1210050.677,31188.4808,53619,7.74,76479.35,9881.053,16713,630
"Essex County, Vermont",50009,VT,Essex,No qualifying Interstate/freeway mainline section in HPMS filter,2024,0,0,0,0,0,0,0,0,0,0,0,0,0,0
"Franklin County, Vermont",50011,VT,Franklin,Direct FIPS match,2024,26.229,329997.615,12.70684374,12581.4028,22362,25.18,322381.742,12803.0875,22362,1.049,7615.873,7260.1268,14125,338
"Grand Isle County, Vermont",50013,VT,Grand Isle,No qualifying Interstate/freeway mainline section in HPMS filter,2024,0,0,0,0,0,0,0,0,0,0,0,0,0,0
"Lamoille County, Vermont",50015,VT,Lamoille,No qualifying Interstate/freeway mainline section in HPMS filter,2024,0,0,0,0,0,0,0,0,0,0,0,0,0,0
"Orange County, Vermont",50017,VT,Orange,Direct FIPS match,2024,49.018,505737.769,13.13377555,10317.3889,18157,49.018,505737.769,10317.3889,18157,0.0,0.0,0.0,,566
"Orleans County, Vermont",50019,VT,Orleans,Direct FIPS match,2024,24.654,134428.624,11.8087961,5452.6091,6780,24.654,134428.624,5452.6091,6780,0.0,0.0,0.0,,307
"Rutland County, Vermont",50021,VT,Rutland,No qualifying Interstate/freeway mainline section in HPMS filter,2024,0,0,0,0,0,0,0,0,0,0,0,0,0,0
"Washington County, Vermont",50023,VT,Washington,Direct FIPS match,2024,26.916,582121.077,13.27443546,21627.3249,27234,21.507,519558.323,24157.6381,27234,5.409,62562.754,11566.4178,19695,369
"Windham County, Vermont",50025,VT,Windham,Direct FIPS match,2024,39.187,540952.545,13.20108869,13804.3878,22285,39.187,540952.545,13804.3878,22285,0.0,0.0,0.0,,493
"Windsor County, Vermont",50027,VT,Windsor,Direct FIPS match,2024,69.015,1133514.821,13.94083471,16424.1806,48976,69.015,1133514.821,16424.1806,48976,0.0,0.0,0.0,,872
"Accomack County, Virginia",51001,VA,Accomack,No qualifying Interstate/freeway mainline section in HPMS filter,2024,0,0,0,0,0,0,0,0,0,0,0,0,0,0
"Albemarle County, Virginia",51003,VA,Albemarle,Direct FIPS match,2024,33.45,1531043.76,14.24146091,45771.1139,59202,29.67,1322239.26,44564.8554,53006,3.78,208804.5,55239.2857,59202,471
"Alleghany County, Virginia",51005,VA,Alleghany,Direct FIPS match,2024,39.5,433424.71,12.97947569,10972.7775,17655,39.5,433424.71,10972.7775,17655,0.0,0.0,0.0,,547
"Amelia County, Virginia",51007,VA,Amelia,No qualifying Interstate/freeway mainline section in HPMS filter,2024,0,0,0,0,0,0,0,0,0,0,0,0,0,0
"Amherst County, Virginia",51009,VA,Amherst,Direct FIPS match,2024,17.29,361358.24,12.79762787,20899.8404,31214,0.0,0.0,0.0,,17.29,361358.24,20899.8404,31214,241
"Appomattox County, Virginia",51011,VA,Appomattox,No qualifying Interstate/freeway mainline section in HPMS filter,2024,0,0,0,0,0,0,0,0,0,0,0,0,0,0
"Arlington County, Virginia",51013,VA,Arlington,Direct FIPS match,2024,22.397,2181913.241,14.59571314,97419.8884,191406,11.0,1387607.55,126146.1409,191406,11.397,794305.691,69694.2784,91422,435
"Augusta County, Virginia",51015,VA,Augusta,Direct FIPS match,2024,48.76,2301418.99,14.64903688,47198.9128,68501,41.71,2205977.46,52888.455,68501,7.05,95441.53,13537.8057,17540,677
"Bath County, Virginia",51017,VA,Bath,No qualifying Interstate/freeway mainline section in HPMS filter,2024,0,0,0,0,0,0,0,0,0,0,0,0,0,0
"Bedford County, Virginia",51019,VA,Bedford,Direct FIPS match,2024,3.0,54523.14,10.90639882,18174.38,21094,0.0,0.0,0.0,,3.0,54523.14,18174.38,21094,47
"Bland County, Virginia",51021,VA,Bland,Direct FIPS match,2024,21.19,644199.61,13.37576546,30401.1142,32124,21.19,644199.61,30401.1142,32124,0.0,0.0,0.0,,304
"Botetourt County, Virginia",51023,VA,Botetourt,Direct FIPS match,2024,26.86,1149896.71,13.95518355,42810.7487,56439,26.86,1149896.71,42810.7487,56439,0.0,0.0,0.0,,386
"Brunswick County, Virginia",51025,VA,Brunswick,Direct FIPS match,2024,20.77,530198.34,13.18100833,25527.1228,26078,20.77,530198.34,25527.1228,26078,0.0,0.0,0.0,,268
"Buchanan County, Virginia",51027,VA,Buchanan,No qualifying Interstate/freeway mainline section in HPMS filter,2024,0,0,0,0,0,0,0,0,0,0,0,0,0,0
"Buckingham County, Virginia",51029,VA,Buckingham,No qualifying Interstate/freeway mainline section in HPMS filter,2024,0,0,0,0,0,0,0,0,0,0,0,0,0,0
"Campbell County, Virginia",51031,VA,Campbell,Direct FIPS match,2024,10.182,246811.664,12.41638488,24239.9984,49016,0.0,0.0,0.0,,10.182,246811.664,24239.9984,49016,139
"Caroline County, Virginia",51033,VA,Caroline,Direct FIPS match,2024,15.54,1606622.53,14.28964535,103386.2632,110927,15.54,1606622.53,103386.2632,110927,0.0,0.0,0.0,,196
"Carroll County, Virginia",51035,VA,Carroll,Direct FIPS match,2024,27.69,1041816.63,13.85647747,37624.2914,45778,24.29,1031644.15,42471.9699,45778,3.4,10172.48,2991.9059,3641,366
"Charles City County, Virginia",51036,VA,Charles City,No qualifying Interstate/freeway mainline section in HPMS filter,2024,0,0,0,0,0,0,0,0,0,0,0,0,0,0
"Charlotte County, Virginia",51037,VA,Charlotte,No qualifying Interstate/freeway mainline section in HPMS filter,2024,0,0,0,0,0,0,0,0,0,0,0,0,0,0
"Chesterfield County, Virginia",51041,VA,Chesterfield,Direct FIPS match,2024,59.53,3862823.103,15.16690911,64888.6797,130724,16.6,1547510.3,93223.512,130724,42.93,2315312.803,53932.2805,88851,1061
"Clarke County, Virginia",51043,VA,Clarke,No qualifying Interstate/freeway mainline section in HPMS filter,2024,0,0,0,0,0,0,0,0,0,0,0,0,0,0
"Craig County, Virginia",51045,VA,Craig,No qualifying Interstate/freeway mainline section in HPMS filter,2024,0,0,0,0,0,0,0,0,0,0,0,0,0,0
"Culpeper County, Virginia",51047,VA,Culpeper,Direct FIPS match,2024,13.5,433837.68,12.98042804,32136.1244,34762,0.0,0.0,0.0,,13.5,433837.68,32136.1244,34762,200
"Cumberland County, Virginia",51049,VA,Cumberland,No qualifying Interstate/freeway mainline section in HPMS filter,2024,0,0,0,0,0,0,0,0,0,0,0,0,0,0
"Dickenson County, Virginia",51051,VA,Dickenson,No qualifying Interstate/freeway mainline section in HPMS filter,2024,0,0,0,0,0,0,0,0,0,0,0,0,0,0
"Dinwiddie County, Virginia",51053,VA,Dinwiddie,Direct FIPS match,2024,24.68,767007.16,13.55025272,31078.0859,55118,24.68,767007.16,31078.0859,55118,0.0,0.0,0.0,,344
"Essex County, Virginia",51057,VA,Essex,No qualifying Interstate/freeway mainline section in HPMS filter,2024,0,0,0,0,0,0,0,0,0,0,0,0,0,0
"Fairfax County, Virginia",51059,VA,Fairfax,Direct FIPS match,2024,99.82,12425729.608,16.33527993,124481.3625,302435,53.06,9515806.418,179340.4904,302435,46.76,2909923.19,62231.0349,97970,1582
"Fauquier County, Virginia",51061,VA,Fauquier,Direct FIPS match,2024,29.528,1240103.027,14.03070583,41997.5287,55636,21.93,994443.35,45346.254,55636,7.598,245659.677,32332.1502,50380,451
"Floyd County, Virginia",51063,VA,Floyd,No qualifying Interstate/freeway mainline section in HPMS filter,2024,0,0,0,0,0,0,0,0,0,0,0,0,0,0
"Fluvanna County, Virginia",51065,VA,Fluvanna,Direct FIPS match,2024,1.51,62606.11,11.04463413,41461.0,41461,1.51,62606.11,41461.0,41461,0.0,0.0,0.0,,20
"Franklin County, Virginia",51067,VA,Franklin,Direct FIPS match,2024,5.22,101659.74,11.52939647,19475.046,21922,0.0,0.0,0.0,,5.22,101659.74,19475.046,21922,87
"Frederick County, Virginia",51069,VA,Frederick,Direct FIPS match,2024,32.89,1674009.55,14.33073283,50897.2195,72352,23.75,1404877.28,59152.7276,72352,9.14,269132.27,29445.5438,36390,477
"Giles County, Virginia",51071,VA,Giles,Direct FIPS match,2024,5.13,68361.93,11.132586,13325.9123,13765,0.0,0.0,0.0,,5.13,68361.93,13325.9123,13765,94
"Gloucester County, Virginia",51073,VA,Gloucester,No qualifying Interstate/freeway mainline section in HPMS filter,2024,0,0,0,0,0,0,0,0,0,0,0,0,0,0
"Goochland County, Virginia",51075,VA,Goochland,Direct FIPS match,2024,30.237,1365034.577,14.12669105,45144.5109,80962,23.38,997340.63,42657.8541,80962,6.857,367693.947,53623.1511,62981,417
"Grayson County, Virginia",51077,VA,Grayson,No qualifying Interstate/freeway mainline section in HPMS filter,2024,0,0,0,0,0,0,0,0,0,0,0,0,0,0
"Greene County, Virginia",51079,VA,Greene,No qualifying Interstate/freeway mainline section in HPMS filter,2024,0,0,0,0,0,0,0,0,0,0,0,0,0,0
"Greensville County, Virginia",51081,VA,Greensville,Direct FIPS match,2024,15.47,631457.43,13.35578739,40818.192,43397,15.47,631457.43,40818.192,43397,0.0,0.0,0.0,,197
"Halifax County, Virginia",51083,VA,Halifax,No qualifying Interstate/freeway mainline section in HPMS filter,2024,0,0,0,0,0,0,0,0,0,0,0,0,0,0
"Hanover County, Virginia",51085,VA,Hanover,Direct FIPS match,2024,26.3,2842706.21,14.8602674,108087.6886,150824,25.0,2802838.55,112113.542,150824,1.3,39867.66,30667.4308,50735,388
"Henrico County, Virginia",51087,VA,Henrico,Direct FIPS match,2024,65.19,4216547.359,15.25452743,64680.8921,150824,54.64,4069418.98,74476.9213,150824,10.55,147128.379,13945.8179,45419,1037
"Henry County, Virginia",51089,VA,Henry,Direct FIPS match,2024,18.52,267715.56,12.49768409,14455.4838,19070,0.0,0.0,0.0,,18.52,267715.56,14455.4838,19070,296
"Highland County, Virginia",51091,VA,Highland,No qualifying Interstate/freeway mainline section in HPMS filter,2024,0,0,0,0,0,0,0,0,0,0,0,0,0,0
"Isle of Wight County, Virginia",51093,VA,Isle of Wight,No qualifying Interstate/freeway mainline section in HPMS filter,2024,0,0,0,0,0,0,0,0,0,0,0,0,0,0
"James City County, Virginia",51095,VA,James City,Direct FIPS match,2024,21.03,1119443.48,13.92834312,53230.7884,91404,11.04,805913.4,72999.4022,91404,9.99,313530.08,31384.3924,37371,310
"King and Queen County, Virginia",51097,VA,King and Queen,No qualifying Interstate/freeway mainline section in HPMS filter,2024,0,0,0,0,0,0,0,0,0,0,0,0,0,0
"King George County, Virginia",51099,VA,King George,No qualifying Interstate/freeway mainline section in HPMS filter,2024,0,0,0,0,0,0,0,0,0,0,0,0,0,0
"King William County, Virginia",51101,VA,King William,No qualifying Interstate/freeway mainline section in HPMS filter,2024,0,0,0,0,0,0,0,0,0,0,0,0,0,0
"Lancaster County, Virginia",51103,VA,Lancaster,No qualifying Interstate/freeway mainline section in HPMS filter,2024,0,0,0,0,0,0,0,0,0,0,0,0,0,0
"Lee County, Virginia",51105,VA,Lee,No qualifying Interstate/freeway mainline section in HPMS filter,2024,0,0,0,0,0,0,0,0,0,0,0,0,0,0
"Loudoun County, Virginia",51107,VA,Loudoun,Direct FIPS match,2024,36.95,2107712.436,14.56111424,57042.2851,157998,0.0,0.0,0.0,,36.95,2107712.436,57042.2851,157998,563
"Louisa County, Virginia",51109,VA,Louisa,Direct FIPS match,2024,19.65,760649.82,13.54192969,38709.9145,41461,19.65,760649.82,38709.9145,41461,0.0,0.0,0.0,,227
"Lunenburg County, Virginia",51111,VA,Lunenburg,No qualifying Interstate/freeway mainline section in HPMS filter,2024,0,0,0,0,0,0,0,0,0,0,0,0,0,0
"Madison County, Virginia",51113,VA,Madison,No qualifying Interstate/freeway mainline section in HPMS filter,2024,0,0,0,0,0,0,0,0,0,0,0,0,0,0
"Mathews County, Virginia",51115,VA,Mathews,No qualifying Interstate/freeway mainline section in HPMS filter,2024,0,0,0,0,0,0,0,0,0,0,0,0,0,0
"Mecklenburg County, Virginia",51117,VA,Mecklenburg,Direct FIPS match,2024,19.52,528861.64,13.17848402,27093.3217,28075,19.52,528861.64,27093.3217,28075,0.0,0.0,0.0,,254
"Middlesex County, Virginia",51119,VA,Middlesex,No qualifying Interstate/freeway mainline section in HPMS filter,2024,0,0,0,0,0,0,0,0,0,0,0,0,0,0
"Montgomery County, Virginia",51121,VA,Montgomery,Direct FIPS match,2024,38.34,1730585.911,14.36397116,45137.8694,53393,25.61,1292167.141,50455.5697,53393,12.73,438418.77,34439.8091,45338,575
"Nelson County, Virginia",51125,VA,Nelson,Direct FIPS match,2024,1.36,51640.56,10.85208205,37971.0,37971,1.36,51640.56,37971.0,37971,0.0,0.0,0.0,,15
"New Kent County, Virginia",51127,VA,New Kent,Direct FIPS match,2024,20.07,1404322.38,14.15506616,69971.2197,82343,20.07,1404322.38,69971.2197,82343,0.0,0.0,0.0,,261
"Northampton County, Virginia",51131,VA,Northampton,No qualifying Interstate/freeway mainline section in HPMS filter,2024,0,0,0,0,0,0,0,0,0,0,0,0,0,0
"Northumberland County, Virginia",51133,VA,Northumberland,No qualifying Interstate/freeway mainline section in HPMS filter,2024,0,0,0,0,0,0,0,0,0,0,0,0,0,0
"Nottoway County, Virginia",51135,VA,Nottoway,No qualifying Interstate/freeway mainline section in HPMS filter,2024,0,0,0,0,0,0,0,0,0,0,0,0,0,0
"Orange County, Virginia",51137,VA,Orange,No qualifying Interstate/freeway mainline section in HPMS filter,2024,0,0,0,0,0,0,0,0,0,0,0,0,0,0
"Page County, Virginia",51139,VA,Page,No qualifying Interstate/freeway mainline section in HPMS filter,2024,0,0,0,0,0,0,0,0,0,0,0,0,0,0
"Patrick County, Virginia",51141,VA,Patrick,No qualifying Interstate/freeway mainline section in HPMS filter,2024,0,0,0,0,0,0,0,0,0,0,0,0,0,0
"Pittsylvania County, Virginia",51143,VA,Pittsylvania,Direct FIPS match,2024,25.33,298456.6,12.60638316,11782.7319,16884,0.0,0.0,0.0,,25.33,298456.6,11782.7319,16884,325
"Powhatan County, Virginia",51145,VA,Powhatan,Direct FIPS match,2024,3.083,170649.563,12.04737325,55351.7882,62981,0.0,0.0,0.0,,3.083,170649.563,55351.7882,62981,41
"Prince Edward County, Virginia",51147,VA,Prince Edward,Direct FIPS match,2024,4.56,44752.35,10.70892158,9814.1118,9956,0.0,0.0,0.0,,4.56,44752.35,9814.1118,9956,75
"Prince George County, Virginia",51149,VA,Prince George,Direct FIPS match,2024,22.68,755601.22,13.53527035,33315.7504,48178,22.68,755601.22,33315.7504,48178,0.0,0.0,0.0,,335
"Prince William County, Virginia",51153,VA,Prince William,Direct FIPS match,2024,40.95,4125934.26,15.23280328,100755.4154,212225,25.58,3538247.44,138320.8538,212225,15.37,587686.82,38235.9675,56920,634
"Pulaski County, Virginia",51155,VA,Pulaski,Direct FIPS match,2024,17.54,789996.96,13.57978564,45039.7355,46885,17.54,789996.96,45039.7355,46885,0.0,0.0,0.0,,270
"Rappahannock County, Virginia",51157,VA,Rappahannock,No qualifying Interstate/freeway mainline section in HPMS filter,2024,0,0,0,0,0,0,0,0,0,0,0,0,0,0
"Richmond County, Virginia",51159,VA,Richmond,No qualifying Interstate/freeway mainline section in HPMS filter,2024,0,0,0,0,0,0,0,0,0,0,0,0,0,0
"Roanoke County, Virginia",51161,VA,Roanoke,Direct FIPS match,2024,17.6,1005589.57,13.82108556,57135.771,72071,17.6,1005589.57,57135.771,72071,0.0,0.0,0.0,,275
"Rockbridge County, Virginia",51163,VA,Rockbridge,Direct FIPS match,2024,47.97,1542674.1,14.24902855,32159.1432,49422,47.97,1542674.1,32159.1432,49422,0.0,0.0,0.0,,614
"Rockingham County, Virginia",51165,VA,Rockingham,Direct FIPS match,2024,20.66,1084366.53,13.89650745,52486.2793,58354,20.66,1084366.53,52486.2793,58354,0.0,0.0,0.0,,242
"Russell County, Virginia",51167,VA,Russell,Direct FIPS match,2024,5.98,67765.662,11.12382564,11332.0505,12898,0.0,0.0,0.0,,5.98,67765.662,11332.0505,12898,83
"Scott County, Virginia",51169,VA,Scott,Direct FIPS match,2024,2.704,35960.496,10.49020409,13299.0,13299,0.0,0.0,0.0,,2.704,35960.496,13299.0,13299,42
"Shenandoah County, Virginia",51171,VA,Shenandoah,Direct FIPS match,2024,35.11,1712880.21,14.35368743,48786.1068,61705,35.11,1712880.21,48786.1068,61705,0.0,0.0,0.0,,470
"Smyth County, Virginia",51173,VA,Smyth,Direct FIPS match,2024,23.36,759921.94,13.54097231,32530.905,36215,23.36,759921.94,32530.905,36215,0.0,0.0,0.0,,365
"Southampton County, Virginia",51175,VA,Southampton,Direct FIPS match,2024,3.428,66951.584,11.11173995,19530.8005,19798,0.0,0.0,0.0,,3.428,66951.584,19530.8005,19798,50
"Spotsylvania County, Virginia",51177,VA,Spotsylvania,Direct FIPS match,2024,12.39,1379619.04,14.13731869,111349.3979,127600,12.39,1379619.04,111349.3979,127600,0.0,0.0,0.0,,201
"Stafford County, Virginia",51179,VA,Stafford,Direct FIPS match,2024,15.74,2363004.31,14.6754448,150127.3386,161639,15.74,2363004.31,150127.3386,161639,0.0,0.0,0.0,,246
"Surry County, Virginia",51181,VA,Surry,No qualifying Interstate/freeway mainline section in HPMS filter,2024,0,0,0,0,0,0,0,0,0,0,0,0,0,0
"Sussex County, Virginia",51183,VA,Sussex,Direct FIPS match,2024,17.6,663469.72,13.40524,37697.1432,38149,17.6,663469.72,37697.1432,38149,0.0,0.0,0.0,,228
"Tazewell County, Virginia",51185,VA,Tazewell,Direct FIPS match,2024,9.67,85129.371,11.35193914,8803.451,10236,0.0,0.0,0.0,,9.67,85129.371,8803.451,10236,167
"Warren County, Virginia",51187,VA,Warren,Direct FIPS match,2024,16.04,608642.07,13.31898728,37945.2662,61705,16.04,608642.07,37945.2662,61705,0.0,0.0,0.0,,219
"Washington County, Virginia",51191,VA,Washington,Direct FIPS match,2024,26.8,1199333.17,13.9972771,44751.2377,54800,26.8,1199333.17,44751.2377,54800,0.0,0.0,0.0,,386
"Westmoreland County, Virginia",51193,VA,Westmoreland,No qualifying Interstate/freeway mainline section in HPMS filter,2024,0,0,0,0,0,0,0,0,0,0,0,0,0,0
"Wise County, Virginia",51195,VA,Wise,Direct FIPS match,2024,8.497,123192.041,11.72150784,14498.2983,18235,0.0,0.0,0.0,,8.497,123192.041,14498.2983,18235,125
"Wythe County, Virginia",51197,VA,Wythe,Direct FIPS match,2024,44.34,1793852.359,14.39987658,40456.7514,60798,44.34,1793852.359,40456.7514,60798,0.0,0.0,0.0,,651
"York County, Virginia",51199,VA,York,Direct FIPS match,2024,15.19,918228.23,13.73020234,60449.5214,92794,11.23,824214.42,73393.9822,92794,3.96,94013.81,23740.8611,32064,227
"Alexandria City, Virginia",51510,VA,Alexandria,Direct FIPS match,2024,4.5,893973.57,13.70343261,198660.7933,235134,4.5,893973.57,198660.7933,235134,0.0,0.0,0.0,,87
"Bedford City, Virginia",51515,VA,Bedford,No qualifying Interstate/freeway mainline section in HPMS filter,2024,0,0,0,0,0,0,0,0,0,0,0,0,0,0
"Bristol City, Virginia",51520,VA,Bristol,Direct FIPS match,2024,8.89,425626.8,12.96132053,47877.0304,62869,8.89,425626.8,47877.0304,62869,0.0,0.0,0.0,,146
"Buena Vista City, Virginia",51530,VA,Buena Vista,No qualifying Interstate/freeway mainline section in HPMS filter,2024,0,0,0,0,0,0,0,0,0,0,0,0,0,0
"Charlottesville City, Virginia",51540,VA,Charlottesville,Direct FIPS match,2024,2.56,99614.95,11.50907757,38912.0898,55191,0.17,8014.14,47142.0,47142,2.39,91600.81,38326.6987,55191,61
"Chesapeake City, Virginia",51550,VA,Chesapeake,Direct FIPS match,2024,41.059,2732533.937,14.82074028,66551.4001,133619,23.69,1908242.89,80550.5652,133619,17.369,824291.047,47457.5996,81876,673
"Colonial Heights City, Virginia",51570,VA,Colonial Heights,Direct FIPS match,2024,3.57,387809.38,12.86827179,108630.0784,111306,3.57,387809.38,108630.0784,111306,0.0,0.0,0.0,,65
"Covington City, Virginia",51580,VA,Covington,Direct FIPS match,2024,1.49,18664.56,9.83443539,12526.5503,12945,1.49,18664.56,12526.5503,12945,0.0,0.0,0.0,,32
"Danville City, Virginia",51590,VA,Danville,Direct FIPS match,2024,9.39,173034.98,12.06125483,18427.5804,22271,0.0,0.0,0.0,,9.39,173034.98,18427.5804,22271,158
"Emporia City, Virginia",51595,VA,Emporia,Direct FIPS match,2024,4.37,107287.51,11.58327684,24550.9176,42900,1.67,67888.28,40651.6647,42900,2.7,39399.23,14592.3074,16114,99
"Fairfax City, Virginia",51600,VA,Fairfax,No qualifying Interstate/freeway mainline section in HPMS filter,2024,0,0,0,0,0,0,0,0,0,0,0,0,0,0
"Falls Church City, Virginia",51610,VA,Falls Church,No qualifying Interstate/freeway mainline section in HPMS filter,2024,0,0,0,0,0,0,0,0,0,0,0,0,0,0
"Franklin City, Virginia",51620,VA,Franklin,No qualifying Interstate/freeway mainline section in HPMS filter,2024,0,0,0,0,0,0,0,0,0,0,0,0,0,0
"Fredericksburg City, Virginia",51630,VA,Fredericksburg,Direct FIPS match,2024,3.18,370948.9,12.82382229,116650.5975,164825,3.18,370948.9,116650.5975,164825,0.0,0.0,0.0,,51
"Galax City, Virginia",51640,VA,Galax,No qualifying Interstate/freeway mainline section in HPMS filter,2024,0,0,0,0,0,0,0,0,0,0,0,0,0,0
"Hampton City, Virginia",51650,VA,Hampton,Direct FIPS match,2024,15.62,1672051.81,14.32956266,107045.5704,169967,15.62,1672051.81,107045.5704,169967,0.0,0.0,0.0,,286
"Harrisonburg City, Virginia",51660,VA,Harrisonburg,Direct FIPS match,2024,6.44,359559.91,12.79263887,55832.2842,58795,6.44,359559.91,55832.2842,58795,0.0,0.0,0.0,,91
"Hopewell City, Virginia",51670,VA,Hopewell,Direct FIPS match,2024,3.15,100062.45,11.51355976,31765.8571,33410,3.15,100062.45,31765.8571,33410,0.0,0.0,0.0,,52
"Lexington City, Virginia",51678,VA,Lexington,No qualifying Interstate/freeway mainline section in HPMS filter,2024,0,0,0,0,0,0,0,0,0,0,0,0,0,0
"Lynchburg City, Virginia",51680,VA,Lynchburg,Direct FIPS match,2024,14.19,500102.33,13.12257002,35243.2932,49475,0.0,0.0,0.0,,14.19,500102.33,35243.2932,49475,239
"Manassas City, Virginia",51683,VA,Manassas,No qualifying Interstate/freeway mainline section in HPMS filter,2024,0,0,0,0,0,0,0,0,0,0,0,0,0,0
"Manassas Park City, Virginia",51685,VA,Manassas Park,No qualifying Interstate/freeway mainline section in HPMS filter,2024,0,0,0,0,0,0,0,0,0,0,0,0,0,0
"Martinsville City, Virginia",51690,VA,Martinsville,No qualifying Interstate/freeway mainline section in HPMS filter,2024,0,0,0,0,0,0,0,0,0,0,0,0,0,0
"Newport News City, Virginia",51700,VA,Newport News,Direct FIPS match,2024,18.29,1800923.07,14.40381046,98464.9027,160802,18.29,1800923.07,98464.9027,160802,0.0,0.0,0.0,,299
"Norfolk City, Virginia",51710,VA,Norfolk,Direct FIPS match,2024,24.92,2693490.84,14.80634899,108085.5072,176688,24.23,2673730.61,110347.941,176688,0.69,19760.23,28638.0145,37754,566
"Norton City, Virginia",51720,VA,Norton,Direct FIPS match,2024,3.3,51529.676,10.84993256,15615.0533,18235,0.0,0.0,0.0,,3.3,51529.676,15615.0533,18235,67
"Petersburg City, Virginia",51730,VA,Petersburg,Direct FIPS match,2024,9.67,583219.49,13.27632059,60312.2534,111988,9.67,583219.49,60312.2534,111988,0.0,0.0,0.0,,188
"Poquoson City, Virginia",51735,VA,Poquoson,No qualifying Interstate/freeway mainline section in HPMS filter,2024,0,0,0,0,0,0,0,0,0,0,0,0,0,0
"Portsmouth City, Virginia",51740,VA,Portsmouth,Direct FIPS match,2024,14.44,856599.6,13.66072704,59321.3019,76904,5.71,354357.18,62059.0508,76904,8.73,502242.42,57530.6323,68532,298
"Radford City, Virginia",51750,VA,Radford,No qualifying Interstate/freeway mainline section in HPMS filter,2024,0,0,0,0,0,0,0,0,0,0,0,0,0,0
"Richmond City, Virginia",51760,VA,Richmond,Direct FIPS match,2024,27.42,2495183.83,14.72987336,90998.6809,159669,17.61,1911240.29,108531.5327,159669,9.81,583943.54,59525.3354,103220,539
"Roanoke City, Virginia",51770,VA,Roanoke,Direct FIPS match,2024,9.14,562962.39,13.24096988,61593.2593,78426,5.51,356118.04,64631.2232,78426,3.63,206844.35,56981.9146,66965,180
"Salem City, Virginia",51775,VA,Salem,Direct FIPS match,2024,0.39,19802.33,9.89360538,50775.2051,52067,0.39,19802.33,50775.2051,52067,0.0,0.0,0.0,,11
"Staunton City, Virginia",51790,VA,Staunton,Direct FIPS match,2024,1.02,8756.76,9.07769544,8585.0588,8664,0.0,0.0,0.0,,1.02,8756.76,8585.0588,8664,18
"Suffolk City, Virginia",51800,VA,Suffolk,Direct FIPS match,2024,23.445,1243861.325,14.03373187,53054.4391,86535,5.63,391209.28,69486.5506,86535,17.815,852652.045,47861.4676,80672,378
"Virginia Beach City, Virginia",51810,VA,Virginia Beach,Direct FIPS match,2024,14.37,1835454.34,14.42280315,127728.2074,195043,14.37,1835454.34,127728.2074,195043,0.0,0.0,0.0,,266
"Waynesboro City, Virginia",51820,VA,Waynesboro,Direct FIPS match,2024,2.58,114180.06,11.64554071,44255.8372,45621,2.58,114180.06,44255.8372,45621,0.0,0.0,0.0,,45
"Williamsburg City, Virginia",51830,VA,Williamsburg,Direct FIPS match,2024,0.31,11556.73,9.35510976,37279.7742,37371,0.0,0.0,0.0,,0.31,11556.73,37279.7742,37371,7
"Winchester City, Virginia",51840,VA,Winchester,Direct FIPS match,2024,0.07,5064.64,8.53023577,72352.0,72352,0.07,5064.64,72352.0,72352,0.0,0.0,0.0,,1
"Adams County, Washington",53001,WA,Adams,Direct FIPS match,2024,161.13,1313770.07,14.08841224,8153.479,21404,46.65,725578.47,15553.665,21404,114.48,588191.6,5137.942,9678,1908
"Asotin County, Washington",53003,WA,Asotin,Direct FIPS match,2024,10.62,32821.16,10.39885918,3090.5047,3260,0.0,0.0,0.0,,10.62,32821.16,3090.5047,3260,128
"Benton County, Washington",53005,WA,Benton,Direct FIPS match,2024,86.84,2312787.42,14.65396446,26632.7432,82082,63.27,1584306.72,25040.4097,82082,23.57,728480.7,30907.115,78164,1174
"Chelan County, Washington",53007,WA,Chelan,Direct FIPS match,2024,30.67,432309.26,12.9768988,14095.509,53713,0.0,0.0,0.0,,30.67,432309.26,14095.509,53713,456
"Clallam County, Washington",53009,WA,Clallam,Direct FIPS match,2024,6.9,128861.12,11.76649827,18675.5246,21828,0.0,0.0,0.0,,6.9,128861.12,18675.5246,21828,108
"Clark County, Washington",53011,WA,Clark,Direct FIPS match,2024,64.64,4127739.65,15.23324076,63857.3584,132993,31.04,2848305.28,91762.4124,132993,33.6,1279434.37,38078.4039,68945,1018
"Columbia County, Washington",53013,WA,Columbia,No qualifying Interstate/freeway mainline section in HPMS filter,2024,0,0,0,0,0,0,0,0,0,0,0,0,0,0
"Cowlitz County, Washington",53015,WA,Cowlitz,Direct FIPS match,2024,39.782,2310940.09,14.6531654,58090.0933,83831,36.73,2215370.36,60315.0112,83831,3.052,95569.73,31313.8041,37460,560
"Douglas County, Washington",53017,WA,Douglas,Direct FIPS match,2024,34.3,361391.43,12.79771971,10536.1933,45360,0.0,0.0,0.0,,34.3,361391.43,10536.1933,45360,511
"Ferry County, Washington",53019,WA,Ferry,No qualifying Interstate/freeway mainline section in HPMS filter,2024,0,0,0,0,0,0,0,0,0,0,0,0,0,0
"Franklin County, Washington",53021,WA,Franklin,Direct FIPS match,2024,66.51,1387041.48,14.14268433,20854.6306,71827,9.15,502299.02,54896.0678,71827,57.36,884742.46,15424.3804,57104,838
"Garfield County, Washington",53023,WA,Garfield,Direct FIPS match,2024,1.95,1831.05,7.51319084,939.0,939,0.0,0.0,0.0,,1.95,1831.05,939.0,939,26
"Grant County, Washington",53025,WA,Grant,Direct FIPS match,2024,128.65,1429289.65,14.17268883,11109.9079,20300,54.32,867259.11,15965.7421,20300,74.33,562030.54,7561.288,19027,1702
"Grays Harbor County, Washington",53027,WA,Grays Harbor,Direct FIPS match,2024,22.72,476833.32,13.07492437,20987.382,23726,0.0,0.0,0.0,,22.72,476833.32,20987.382,23726,348
"Island County, Washington",53029,WA,Island,Direct FIPS match,2024,1.96,20084.2,9.9077385,10247.0408,11994,0.0,0.0,0.0,,1.96,20084.2,10247.0408,11994,27
"Jefferson County, Washington",53031,WA,Jefferson,Direct FIPS match,2024,14.47,162053.8,11.99568983,11199.2951,18212,0.0,0.0,0.0,,14.47,162053.8,11199.2951,18212,182
"King County, Washington",53033,WA,King,Direct FIPS match,2024,215.08,20513554.859,16.83659649,95376.3942,229102,113.61,14776853.66,130066.4876,229102,101.47,5736701.199,56535.9338,125563,3299
"Kitsap County, Washington",53035,WA,Kitsap,Direct FIPS match,2024,47.84,2009728.12,14.5135105,42009.3671,83691,0.0,0.0,0.0,,47.84,2009728.12,42009.3671,83691,738
"Kittitas County, Washington",53037,WA,Kittitas,Direct FIPS match,2024,105.04,2731871.96,14.820498,26007.9204,34256,104.78,2727604.02,26031.7238,34256,0.26,4267.94,16415.1538,18994,1421
"Klickitat County, Washington",53039,WA,Klickitat,Direct FIPS match,2024,6.64,31067.4,10.3439465,4678.8253,5331,0.0,0.0,0.0,,6.64,31067.4,4678.8253,5331,70
"Lewis County, Washington",53041,WA,Lewis,Direct FIPS match,2024,51.21,1656477.49,14.32020452,32346.7583,67698,28.38,1536500.4,54140.2537,67698,22.83,119977.09,5255.2383,6725,652
"Lincoln County, Washington",53043,WA,Lincoln,Direct FIPS match,2024,38.0,440043.79,12.9946318,11580.0997,21460,16.18,347222.8,21460.0,21460,21.82,92820.99,4253.9409,6219,448
"Mason County, Washington",53045,WA,Mason,Direct FIPS match,2024,12.72,288303.91,12.57177391,22665.4017,30472,0.0,0.0,0.0,,12.72,288303.91,22665.4017,30472,217
"Okanogan County, Washington",53047,WA,Okanogan,Direct FIPS match,2024,56.23,279579.62,12.54104597,4972.0722,8956,0.0,0.0,0.0,,56.23,279579.62,4972.0722,8956,708
"Pacific County, Washington",53049,WA,Pacific,Direct FIPS match,2024,1.79,16518.31,9.71228528,9228.1061,10827,0.0,0.0,0.0,,1.79,16518.31,9228.1061,10827,37
"Pend Oreille County, Washington",53051,WA,Pend Oreille,Direct FIPS match,2024,6.54,48262.68,10.78443459,7379.6147,7614,0.0,0.0,0.0,,6.54,48262.68,7379.6147,7614,85
"Pierce County, Washington",53053,WA,Pierce,Direct FIPS match,2024,70.086,7039953.985,15.76711233,100447.3645,220744,25.98,3852153.48,148273.806,220744,44.106,3187800.505,72275.8923,125193,1079
"San Juan County, Washington",53055,WA,San Juan,No qualifying Interstate/freeway mainline section in HPMS filter,2024,0,0,0,0,0,0,0,0,0,0,0,0,0,0
"Skagit County, Washington",53057,WA,Skagit,Direct FIPS match,2024,34.88,1823614.86,14.41633182,52282.5361,72741,24.98,1507933.7,60365.6405,72741,9.9,315681.16,31886.9859,35489,499
"Skamania County, Washington",53059,WA,Skamania,Direct FIPS match,2024,4.05,21072.6,9.95577635,5203.1111,5340,0.0,0.0,0.0,,4.05,21072.6,5203.1111,5340,50
"Snohomish County, Washington",53061,WA,Snohomish,Direct FIPS match,2024,100.0,7445084.33,15.82306469,74450.8433,173099,45.19,5772654.84,127741.8641,173099,54.81,1672429.49,30513.2182,81977,1535
"Spokane County, Washington",53063,WA,Spokane,Direct FIPS match,2024,103.74,3477204.42,15.06173949,33518.454,116120,44.51,2721344.92,61140.0791,116120,59.23,755859.5,12761.43,34630,1460
"Stevens County, Washington",53065,WA,Stevens,Direct FIPS match,2024,19.0,163183.63,12.00263754,8588.6121,10639,0.0,0.0,0.0,,19.0,163183.63,8588.6121,10639,204
"Thurston County, Washington",53067,WA,Thurston,Direct FIPS match,2024,51.97,3243035.78,14.99202073,62402.0739,130677,29.42,2563743.26,87142.8708,130677,22.55,679292.52,30123.8368,82506,779
"Wahkiakum County, Washington",53069,WA,Wahkiakum,No qualifying Interstate/freeway mainline section in HPMS filter,2024,0,0,0,0,0,0,0,0,0,0,0,0,0,0
"Walla Walla County, Washington",53071,WA,Walla Walla,Direct FIPS match,2024,39.46,416581.62,12.93984009,10557.0608,27158,0.0,0.0,0.0,,39.46,416581.62,10557.0608,27158,592
"Whatcom County, Washington",53073,WA,Whatcom,Direct FIPS match,2024,38.43,1515623.66,14.23133823,39438.5548,72582,33.93,1486136.81,43800.0828,72582,4.5,29486.85,6552.6333,10597,522
"Whitman County, Washington",53075,WA,Whitman,Direct FIPS match,2024,57.74,222340.87,12.31197143,3850.7251,17364,0.0,0.0,0.0,,57.74,222340.87,3850.7251,17364,675
"Yakima County, Washington",53077,WA,Yakima,Direct FIPS match,2024,77.63,1934267.84,14.47523995,24916.4993,48343,55.46,1565116.96,28220.6448,48343,22.17,369150.88,16650.9193,31999,1121
"Barbour County, West Virginia",54001,WV,Barbour,No qualifying Interstate/freeway mainline section in HPMS filter,2024,0,0,0,0,0,0,0,0,0,0,0,0,0,0
"Berkeley County, West Virginia",54003,WV,Berkeley,Direct FIPS match,2024,26.0,1517527.0,14.23259325,58366.4231,80500,26.0,1517527.0,58366.4231,80500,0.0,0.0,0.0,,293
"Boone County, West Virginia",54005,WV,Boone,No qualifying Interstate/freeway mainline section in HPMS filter,2024,0,0,0,0,0,0,0,0,0,0,0,0,0,0
"Braxton County, West Virginia",54007,WV,Braxton,Direct FIPS match,2024,38.55,550724.0,13.21899087,14285.9663,17900,38.55,550724.0,14285.9663,17900,0.0,0.0,0.0,,456
"Brooke County, West Virginia",54009,WV,Brooke,Direct FIPS match,2024,5.5,156020.0,11.95774589,28367.2727,30300,0.0,0.0,0.0,,5.5,156020.0,28367.2727,30300,73
"Cabell County, West Virginia",54011,WV,Cabell,Direct FIPS match,2024,27.659,995862.5,13.81136548,36005.0074,42800,25.9,970814.0,37483.166,42800,1.759,25048.5,14240.1933,22900,368
"Calhoun County, West Virginia",54013,WV,Calhoun,No qualifying Interstate/freeway mainline section in HPMS filter,2024,0,0,0,0,0,0,0,0,0,0,0,0,0,0
"Clay County, West Virginia",54015,WV,Clay,Direct FIPS match,2024,8.6,90259.0,11.41044967,10495.2326,11700,8.6,90259.0,10495.2326,11700,0.0,0.0,0.0,,94
"Doddridge County, West Virginia",54017,WV,Doddridge,No qualifying Interstate/freeway mainline section in HPMS filter,2024,0,0,0,0,0,0,0,0,0,0,0,0,0,0
"Fayette County, West Virginia",54019,WV,Fayette,Direct FIPS match,2024,14.63,439144.0,12.99258493,30016.6781,30600,14.63,439144.0,30016.6781,30600,0.0,0.0,0.0,,183
"Gilmer County, West Virginia",54021,WV,Gilmer,Direct FIPS match,2024,0.4,160.0,5.08140436,400.0,400,0.4,160.0,400.0,400,0.0,0.0,0.0,,7
"Grant County, West Virginia",54023,WV,Grant,No qualifying Interstate/freeway mainline section in HPMS filter,2024,0,0,0,0,0,0,0,0,0,0,0,0,0,0
"Greenbrier County, West Virginia",54025,WV,Greenbrier,Direct FIPS match,2024,36.42,435991.0,12.98537917,11971.1971,14700,36.42,435991.0,11971.1971,14700,0.0,0.0,0.0,,446
"Hampshire County, West Virginia",54027,WV,Hampshire,No qualifying Interstate/freeway mainline section in HPMS filter,2024,0,0,0,0,0,0,0,0,0,0,0,0,0,0
"Hancock County, West Virginia",54029,WV,Hancock,Direct FIPS match,2024,0.39,11583.0,9.35738011,29700.0,29700,0.0,0.0,0.0,,0.39,11583.0,29700.0,29700,5
"Hardy County, West Virginia",54031,WV,Hardy,No qualifying Interstate/freeway mainline section in HPMS filter,2024,0,0,0,0,0,0,0,0,0,0,0,0,0,0
"Harrison County, West Virginia",54033,WV,Harrison,Direct FIPS match,2024,22.8,857416.0,13.66167966,37605.9649,51700,22.8,857416.0,37605.9649,51700,0.0,0.0,0.0,,283
"Jackson County, West Virginia",54035,WV,Jackson,Direct FIPS match,2024,39.49,603468.0,13.31044995,15281.5396,17700,39.49,603468.0,15281.5396,17700,0.0,0.0,0.0,,455
"Jefferson County, West Virginia",54037,WV,Jefferson,No qualifying Interstate/freeway mainline section in HPMS filter,2024,0,0,0,0,0,0,0,0,0,0,0,0,0,0
"Kanawha County, West Virginia",54039,WV,Kanawha,Direct FIPS match,2024,86.95,2799635.4,14.84500011,32198.222,80200,86.95,2799635.4,32198.222,80200,0.0,0.0,0.0,,1164
"Lewis County, West Virginia",54041,WV,Lewis,Direct FIPS match,2024,22.87,468360.0,13.05699465,20479.2304,27100,22.87,468360.0,20479.2304,27100,0.0,0.0,0.0,,280
"Lincoln County, West Virginia",54043,WV,Lincoln,No qualifying Interstate/freeway mainline section in HPMS filter,2024,0,0,0,0,0,0,0,0,0,0,0,0,0,0
"Logan County, West Virginia",54045,WV,Logan,No qualifying Interstate/freeway mainline section in HPMS filter,2024,0,0,0,0,0,0,0,0,0,0,0,0,0,0
"McDowell County, West Virginia",54047,WV,McDowell,No qualifying Interstate/freeway mainline section in HPMS filter,2024,0,0,0,0,0,0,0,0,0,0,0,0,0,0
"Marion County, West Virginia",54049,WV,Marion,Direct FIPS match,2024,13.15,527901.0,13.17666594,40144.5627,42000,13.15,527901.0,40144.5627,42000,0.0,0.0,0.0,,166
"Marshall County, West Virginia",54051,WV,Marshall,No qualifying Interstate/freeway mainline section in HPMS filter,2024,0,0,0,0,0,0,0,0,0,0,0,0,0,0
"Mason County, West Virginia",54053,WV,Mason,No qualifying Interstate/freeway mainline section in HPMS filter,2024,0,0,0,0,0,0,0,0,0,0,0,0,0,0
"Mercer County, West Virginia",54055,WV,Mercer,Direct FIPS match,2024,29.69,837742.0,13.63846665,28216.3018,31900,27.26,814657.0,29884.7029,31900,2.43,23085.0,9500.0,9500,328
"Mineral County, West Virginia",54057,WV,Mineral,No qualifying Interstate/freeway mainline section in HPMS filter,2024,0,0,0,0,0,0,0,0,0,0,0,0,0,0
"Mingo County, West Virginia",54059,WV,Mingo,No qualifying Interstate/freeway mainline section in HPMS filter,2024,0,0,0,0,0,0,0,0,0,0,0,0,0,0
"Monongalia County, West Virginia",54061,WV,Monongalia,Direct FIPS match,2024,39.71,955014.4,13.76948274,24049.7205,45500,35.68,949641.0,26615.4989,45500,4.03,5373.4,1333.3499,1600,531
"Monroe County, West Virginia",54063,WV,Monroe,No qualifying Interstate/freeway mainline section in HPMS filter,2024,0,0,0,0,0,0,0,0,0,0,0,0,0,0
"Morgan County, West Virginia",54065,WV,Morgan,No qualifying Interstate/freeway mainline section in HPMS filter,2024,0,0,0,0,0,0,0,0,0,0,0,0,0,0
"Nicholas County, West Virginia",54067,WV,Nicholas,No qualifying Interstate/freeway mainline section in HPMS filter,2024,0,0,0,0,0,0,0,0,0,0,0,0,0,0
"Ohio County, West Virginia",54069,WV,Ohio,Direct FIPS match,2024,21.43,651651.5,13.38726672,30408.3761,45200,18.39,625794.5,34029.0647,45200,3.04,25857.0,8505.5921,14400,301
"Pendleton County, West Virginia",54071,WV,Pendleton,No qualifying Interstate/freeway mainline section in HPMS filter,2024,0,0,0,0,0,0,0,0,0,0,0,0,0,0
"Pleasants County, West Virginia",54073,WV,Pleasants,No qualifying Interstate/freeway mainline section in HPMS filter,2024,0,0,0,0,0,0,0,0,0,0,0,0,0,0
"Pocahontas County, West Virginia",54075,WV,Pocahontas,No qualifying Interstate/freeway mainline section in HPMS filter,2024,0,0,0,0,0,0,0,0,0,0,0,0,0,0
"Preston County, West Virginia",54077,WV,Preston,Direct FIPS match,2024,17.4,295572.0,12.59667112,16986.8966,19300,17.4,295572.0,16986.8966,19300,0.0,0.0,0.0,,188
"Putnam County, West Virginia",54079,WV,Putnam,Direct FIPS match,2024,13.62,610123.0,13.32141749,44796.1087,61500,13.62,610123.0,44796.1087,61500,0.0,0.0,0.0,,179
"Raleigh County, West Virginia",54081,WV,Raleigh,Direct FIPS match,2024,47.1,1087206.0,13.89912258,23082.9299,39700,47.1,1087206.0,23082.9299,39700,0.0,0.0,0.0,,608
"Randolph County, West Virginia",54083,WV,Randolph,No qualifying Interstate/freeway mainline section in HPMS filter,2024,0,0,0,0,0,0,0,0,0,0,0,0,0,0
"Ritchie County, West Virginia",54085,WV,Ritchie,No qualifying Interstate/freeway mainline section in HPMS filter,2024,0,0,0,0,0,0,0,0,0,0,0,0,0,0
"Roane County, West Virginia",54087,WV,Roane,Direct FIPS match,2024,14.72,140910.0,11.85588376,9572.6902,9600,14.72,140910.0,9572.6902,9600,0.0,0.0,0.0,,170
"Summers County, West Virginia",54089,WV,Summers,Direct FIPS match,2024,9.59,103165.0,11.54409462,10757.56,12700,9.59,103165.0,10757.56,12700,0.0,0.0,0.0,,105
"Taylor County, West Virginia",54091,WV,Taylor,No qualifying Interstate/freeway mainline section in HPMS filter,2024,0,0,0,0,0,0,0,0,0,0,0,0,0,0
"Tucker County, West Virginia",54093,WV,Tucker,No qualifying Interstate/freeway mainline section in HPMS filter,2024,0,0,0,0,0,0,0,0,0,0,0,0,0,0
"Tyler County, West Virginia",54095,WV,Tyler,No qualifying Interstate/freeway mainline section in HPMS filter,2024,0,0,0,0,0,0,0,0,0,0,0,0,0,0
"Upshur County, West Virginia",54097,WV,Upshur,No qualifying Interstate/freeway mainline section in HPMS filter,2024,0,0,0,0,0,0,0,0,0,0,0,0,0,0
"Wayne County, West Virginia",54099,WV,Wayne,Direct FIPS match,2024,5.87,153917.0,11.94417527,26220.954,27100,5.87,153917.0,26220.954,27100,0.0,0.0,0.0,,83
"Webster County, West Virginia",54101,WV,Webster,No qualifying Interstate/freeway mainline section in HPMS filter,2024,0,0,0,0,0,0,0,0,0,0,0,0,0,0
"Wetzel County, West Virginia",54103,WV,Wetzel,No qualifying Interstate/freeway mainline section in HPMS filter,2024,0,0,0,0,0,0,0,0,0,0,0,0,0,0
"Wirt County, West Virginia",54105,WV,Wirt,No qualifying Interstate/freeway mainline section in HPMS filter,2024,0,0,0,0,0,0,0,0,0,0,0,0,0,0
"Wood County, West Virginia",54107,WV,Wood,Direct FIPS match,2024,30.22,538074.0,13.19575323,17805.2283,23800,30.22,538074.0,17805.2283,23800,0.0,0.0,0.0,,371
"Wyoming County, West Virginia",54109,WV,Wyoming,No qualifying Interstate/freeway mainline section in HPMS filter,2024,0,0,0,0,0,0,0,0,0,0,0,0,0,0
"Adams County, Wisconsin",55001,WI,Adams,No qualifying Interstate/freeway mainline section in HPMS filter,2024,0,0,0,0,0,0,0,0,0,0,0,0,0,0
"Ashland County, Wisconsin",55003,WI,Ashland,No qualifying Interstate/freeway mainline section in HPMS filter,2024,0,0,0,0,0,0,0,0,0,0,0,0,0,0
"Barron County, Wisconsin",55005,WI,Barron,Direct FIPS match,2024,29.33,382530.06,12.85456513,13042.2796,13932,0.0,0.0,0.0,,29.33,382530.06,13042.2796,13932,404
"Bayfield County, Wisconsin",55007,WI,Bayfield,No qualifying Interstate/freeway mainline section in HPMS filter,2024,0,0,0,0,0,0,0,0,0,0,0,0,0,0
"Brown County, Wisconsin",55009,WI,Brown,Direct FIPS match,2024,73.23,3202770.52,14.97952709,43735.7711,94356,39.49,1993862.28,50490.3084,94356,33.74,1208908.24,35830.1197,89925,1124
"Buffalo County, Wisconsin",55011,WI,Buffalo,No qualifying Interstate/freeway mainline section in HPMS filter,2024,0,0,0,0,0,0,0,0,0,0,0,0,0,0
"Burnett County, Wisconsin",55013,WI,Burnett,No qualifying Interstate/freeway mainline section in HPMS filter,2024,0,0,0,0,0,0,0,0,0,0,0,0,0,0
"Calumet County, Wisconsin",55015,WI,Calumet,Direct FIPS match,2024,2.7,114496.45,11.64830783,42406.0926,46658,0.0,0.0,0.0,,2.7,114496.45,42406.0926,46658,57
"Chippewa County, Wisconsin",55017,WI,Chippewa,Direct FIPS match,2024,51.07,985186.094,13.80058685,19290.8967,43115,0.0,0.0,0.0,,51.07,985186.094,19290.8967,43115,692
"Clark County, Wisconsin",55019,WI,Clark,Direct FIPS match,2024,2.26,30052.42,10.31073174,13297.531,14943,0.0,0.0,0.0,,2.26,30052.42,13297.531,14943,30
"Columbia County, Wisconsin",55021,WI,Columbia,Direct FIPS match,2024,39.75,1461680.86,14.19509829,36771.8455,59752,32.95,1292910.81,39238.5678,59752,6.8,168770.05,24819.125,25736,548
"Crawford County, Wisconsin",55023,WI,Crawford,No qualifying Interstate/freeway mainline section in HPMS filter,2024,0,0,0,0,0,0,0,0,0,0,0,0,0,0
"Dane County, Wisconsin",55025,WI,Dane,Direct FIPS match,2024,120.54,6712988.143,15.71955489,55690.9585,144628,53.33,3376019.68,63304.3255,114103,67.21,3336968.463,49649.8804,144628,1898
"Dodge County, Wisconsin",55027,WI,Dodge,Direct FIPS match,2024,25.28,622374.654,13.34129913,24619.2506,37985,7.36,265640.05,36092.3981,37985,17.92,356734.604,19907.065,24830,344
"Door County, Wisconsin",55029,WI,Door,Direct FIPS match,2024,3.4,56410.85,10.94043452,16591.4265,18192,0.0,0.0,0.0,,3.4,56410.85,16591.4265,18192,43
"Douglas County, Wisconsin",55031,WI,Douglas,Direct FIPS match,2024,10.78,174946.7,12.07224235,16228.8219,42596,1.09,37765.04,34646.8257,34828,9.69,137181.66,14157.0341,42596,144
"Dunn County, Wisconsin",55033,WI,Dunn,Direct FIPS match,2024,25.08,915915.1,13.72768005,36519.7408,38836,25.08,915915.1,36519.7408,38836,0.0,0.0,0.0,,339
"Eau Claire County, Wisconsin",55035,WI,Eau Claire,Direct FIPS match,2024,39.72,1208135.11,14.00458932,30416.2918,50837,30.12,863501.57,28668.7108,32500,9.6,344633.54,35899.3271,50837,573
"Florence County, Wisconsin",55037,WI,Florence,No qualifying Interstate/freeway mainline section in HPMS filter,2024,0,0,0,0,0,0,0,0,0,0,0,0,0,0
"Fond du Lac County, Wisconsin",55039,WI,Fond du Lac,Direct FIPS match,2024,35.93,1101475.81,13.91216239,30656.1595,45592,21.18,896426.62,42324.203,45592,14.75,205049.19,13901.64,30387,473
"Forest County, Wisconsin",55041,WI,Forest,No qualifying Interstate/freeway mainline section in HPMS filter,2024,0,0,0,0,0,0,0,0,0,0,0,0,0,0
"Grant County, Wisconsin",55043,WI,Grant,Direct FIPS match,2024,4.0,81719.24,11.31105699,20429.81,22944,0.0,0.0,0.0,,4.0,81719.24,20429.81,22944,58
"Green County, Wisconsin",55045,WI,Green,Direct FIPS match,2024,3.73,34932.47,10.46120067,9365.2735,16008,0.0,0.0,0.0,,3.73,34932.47,9365.2735,16008,47
"Green Lake County, Wisconsin",55047,WI,Green Lake,No qualifying Interstate/freeway mainline section in HPMS filter,2024,0,0,0,0,0,0,0,0,0,0,0,0,0,0
"Iowa County, Wisconsin",55049,WI,Iowa,Direct FIPS match,2024,5.96,77886.78,11.26302435,13068.2517,15299,0.0,0.0,0.0,,5.96,77886.78,13068.2517,15299,82
"Iron County, Wisconsin",55051,WI,Iron,No qualifying Interstate/freeway mainline section in HPMS filter,2024,0,0,0,0,0,0,0,0,0,0,0,0,0,0
"Jackson County, Wisconsin",55053,WI,Jackson,Direct FIPS match,2024,40.93,1016689.67,13.83206347,24839.7183,27264,40.93,1016689.67,24839.7183,27264,0.0,0.0,0.0,,541
"Jefferson County, Wisconsin",55055,WI,Jefferson,Direct FIPS match,2024,33.34,1157987.33,13.96219486,34732.6734,51689,24.55,1063779.58,43331.1438,51689,8.79,94207.75,10717.6052,16599,433
"Juneau County, Wisconsin",55057,WI,Juneau,Direct FIPS match,2024,33.81,1187693.57,13.98752465,35128.47,37480,33.81,1187693.57,35128.47,37480,0.0,0.0,0.0,,418
"Kenosha County, Wisconsin",55059,WI,Kenosha,Direct FIPS match,2024,12.08,1196530.57,13.99493757,99050.5439,104520,12.08,1196530.57,99050.5439,104520,0.0,0.0,0.0,,163
"Kewaunee County, Wisconsin",55061,WI,Kewaunee,No qualifying Interstate/freeway mainline section in HPMS filter,2024,0,0,0,0,0,0,0,0,0,0,0,0,0,0
"La Crosse County, Wisconsin",55063,WI,La Crosse,Direct FIPS match,2024,32.28,868145.355,13.67411559,26894.2179,42067,20.5,584194.765,28497.3056,41420,11.78,283950.59,24104.4643,42067,535
"Lafayette County, Wisconsin",55065,WI,Lafayette,No qualifying Interstate/freeway mainline section in HPMS filter,2024,0,0,0,0,0,0,0,0,0,0,0,0,0,0
"Langlade County, Wisconsin",55067,WI,Langlade,No qualifying Interstate/freeway mainline section in HPMS filter,2024,0,0,0,0,0,0,0,0,0,0,0,0,0,0
"Lincoln County, Wisconsin",55069,WI,Lincoln,Direct FIPS match,2024,8.47,151810.34,11.93039384,17923.2987,21704,0.0,0.0,0.0,,8.47,151810.34,17923.2987,21704,109
"Manitowoc County, Wisconsin",55071,WI,Manitowoc,Direct FIPS match,2024,33.78,782674.54,13.57047351,23169.7614,25398,33.78,782674.54,23169.7614,25398,0.0,0.0,0.0,,443
"Marathon County, Wisconsin",55073,WI,Marathon,Direct FIPS match,2024,52.8,1474772.258,14.20401481,27931.2928,65965,16.13,504605.91,31283.6894,40049,36.67,970166.348,26456.6771,65965,751
"Marinette County, Wisconsin",55075,WI,Marinette,Direct FIPS match,2024,1.15,13710.85,9.5260157,11922.4783,14419,0.0,0.0,0.0,,1.15,13710.85,11922.4783,14419,16
"Marquette County, Wisconsin",55077,WI,Marquette,Direct FIPS match,2024,23.78,358533.79,12.78978098,15077.1148,18831,23.78,358533.79,15077.1148,18831,0.0,0.0,0.0,,289
"Menominee County, Wisconsin",55078,WI,Menominee,No qualifying Interstate/freeway mainline section in HPMS filter,2024,0,0,0,0,0,0,0,0,0,0,0,0,0,0
"Milwaukee County, Wisconsin",55079,WI,Milwaukee,Direct FIPS match,2024,75.1,7731975.99,15.86087514,102955.7389,193929,61.66,7356812.53,119312.5613,193929,13.44,375163.46,27913.9479,159678,1261
"Monroe County, Wisconsin",55081,WI,Monroe,Direct FIPS match,2024,46.81,1056906.87,13.8708581,22578.6556,39784,46.81,1056906.87,22578.6556,39784,0.0,0.0,0.0,,644
"Oconto County, Wisconsin",55083,WI,Oconto,Direct FIPS match,2024,8.51,244686.64,12.40773774,28752.8367,32373,0.0,0.0,0.0,,8.51,244686.64,28752.8367,32373,113
"Oneida County, Wisconsin",55085,WI,Oneida,No qualifying Interstate/freeway mainline section in HPMS filter,2024,0,0,0,0,0,0,0,0,0,0,0,0,0,0
"Outagamie County, Wisconsin",55087,WI,Outagamie,Direct FIPS match,2024,23.04,1332912.83,14.10287795,57852.1194,80900,18.63,1151048.25,61784.6618,80900,4.41,181864.58,41239.1338,55563,394
"Ozaukee County, Wisconsin",55089,WI,Ozaukee,Direct FIPS match,2024,27.51,1106229.92,13.91646923,40211.92,61488,27.51,1106229.92,40211.92,61488,0.0,0.0,0.0,,354
"Pepin County, Wisconsin",55091,WI,Pepin,No qualifying Interstate/freeway mainline section in HPMS filter,2024,0,0,0,0,0,0,0,0,0,0,0,0,0,0
"Pierce County, Wisconsin",55093,WI,Pierce,No qualifying Interstate/freeway mainline section in HPMS filter,2024,0,0,0,0,0,0,0,0,0,0,0,0,0,0
"Polk County, Wisconsin",55095,WI,Polk,No qualifying Interstate/freeway mainline section in HPMS filter,2024,0,0,0,0,0,0,0,0,0,0,0,0,0,0
"Portage County, Wisconsin",55097,WI,Portage,Direct FIPS match,2024,59.25,991032.03,13.80650314,16726.279,34615,32.93,699528.38,21242.8904,34615,26.32,291503.65,11075.3666,30463,784
"Price County, Wisconsin",55099,WI,Price,No qualifying Interstate/freeway mainline section in HPMS filter,2024,0,0,0,0,0,0,0,0,0,0,0,0,0,0
"Racine County, Wisconsin",55101,WI,Racine,Direct FIPS match,2024,19.96,1316302.41,14.09033792,65947.0145,110567,11.99,1224237.99,102104.9199,110567,7.97,92064.42,11551.3701,16271,254
"Richland County, Wisconsin",55103,WI,Richland,No qualifying Interstate/freeway mainline section in HPMS filter,2024,0,0,0,0,0,0,0,0,0,0,0,0,0,0
"Rock County, Wisconsin",55105,WI,Rock,Direct FIPS match,2024,43.67,1868493.52,14.4406436,42786.6618,66936,37.78,1767174.98,46775.4097,66936,5.89,101318.54,17201.7895,18431,623
"Rusk County, Wisconsin",55107,WI,Rusk,No qualifying Interstate/freeway mainline section in HPMS filter,2024,0,0,0,0,0,0,0,0,0,0,0,0,0,0
"St. Croix County, Wisconsin",55109,WI,St. Croix,Direct FIPS match,2024,41.48,1537272.69,14.24552107,37060.5759,85933,31.45,1394961.14,44354.8852,85933,10.03,142311.55,14188.5892,21067,574
"Sauk County, Wisconsin",55111,WI,Sauk,Direct FIPS match,2024,20.3,706843.24,13.46856561,34819.864,44140,15.39,627314.56,40761.18,44140,4.91,79528.68,16197.2872,19223,311
"Sawyer County, Wisconsin",55113,WI,Sawyer,No qualifying Interstate/freeway mainline section in HPMS filter,2024,0,0,0,0,0,0,0,0,0,0,0,0,0,0
"Shawano County, Wisconsin",55115,WI,Shawano,No qualifying Interstate/freeway mainline section in HPMS filter,2024,0,0,0,0,0,0,0,0,0,0,0,0,0,0
"Sheboygan County, Wisconsin",55117,WI,Sheboygan,Direct FIPS match,2024,35.16,931776.01,13.74484881,26501.0242,38123,24.68,721940.27,29252.0369,38123,10.48,209835.74,20022.4943,34377,497
"Taylor County, Wisconsin",55119,WI,Taylor,No qualifying Interstate/freeway mainline section in HPMS filter,2024,0,0,0,0,0,0,0,0,0,0,0,0,0,0
"Trempealeau County, Wisconsin",55121,WI,Trempealeau,Direct FIPS match,2024,4.3,118980.96,11.68672716,27669.9907,28824,4.3,118980.96,27669.9907,28824,0.0,0.0,0.0,,60
"Vernon County, Wisconsin",55123,WI,Vernon,No qualifying Interstate/freeway mainline section in HPMS filter,2024,0,0,0,0,0,0,0,0,0,0,0,0,0,0
"Vilas County, Wisconsin",55125,WI,Vilas,No qualifying Interstate/freeway mainline section in HPMS filter,2024,0,0,0,0,0,0,0,0,0,0,0,0,0,0
"Walworth County, Wisconsin",55127,WI,Walworth,Direct FIPS match,2024,52.53,1039561.22,13.85431024,19789.8576,28238,31.37,714208.32,22767.24,28238,21.16,325352.9,15375.8459,22199,739
"Washburn County, Wisconsin",55129,WI,Washburn,No qualifying Interstate/freeway mainline section in HPMS filter,2024,0,0,0,0,0,0,0,0,0,0,0,0,0,0
"Washington County, Wisconsin",55131,WI,Washington,Direct FIPS match,2024,40.31,1674380.03,14.33095412,41537.5845,85488,28.43,1312422.61,46163.2997,85488,11.88,361957.42,30467.7963,33284,578
"Waukesha County, Wisconsin",55133,WI,Waukesha,Direct FIPS match,2024,66.91,3870032.3,15.16877367,57839.3708,141733,44.45,3241696.8,72929.0619,141733,22.46,628335.5,27975.7569,45572,992
"Waupaca County, Wisconsin",55135,WI,Waupaca,Direct FIPS match,2024,13.24,287266.16,12.56816793,21696.8399,24378,0.0,0.0,0.0,,13.24,287266.16,21696.8399,24378,170
"Waushara County, Wisconsin",55137,WI,Waushara,Direct FIPS match,2024,18.88,225405.47,12.32566058,11938.849,14001,18.88,225405.47,11938.849,14001,0.0,0.0,0.0,,223
"Winnebago County, Wisconsin",55139,WI,Winnebago,Direct FIPS match,2024,61.49,2644751.39,14.788088,43011.0813,97427,26.06,1801238.25,69118.8891,97427,35.43,843513.14,23807.8786,64687,921
"Wood County, Wisconsin",55141,WI,Wood,Direct FIPS match,2024,3.46,35512.74,10.47767494,10263.7977,10909,0.0,0.0,0.0,,3.46,35512.74,10263.7977,10909,45
"Albany County, Wyoming",56001,WY,Albany,Direct FIPS match,2024,55.638,759506.7778,13.54042584,13650.8641,19595,55.638,759506.7778,13650.8641,19595,0.0,0.0,0.0,,648
"Big Horn County, Wyoming",56003,WY,Big Horn,No qualifying Interstate/freeway mainline section in HPMS filter,2024,0,0,0,0,0,0,0,0,0,0,0,0,0,0
"Campbell County, Wyoming",56005,WY,Campbell,Direct FIPS match,2024,51.485,304418.9442,12.62616342,5912.7696,9311,51.485,304418.9442,5912.7696,9311,0.0,0.0,0.0,,609
"Carbon County, Wyoming",56007,WY,Carbon,Direct FIPS match,2024,81.734,1059317.033,13.87313589,12960.5431,15546,81.734,1059317.033,12960.5431,15546,0.0,0.0,0.0,,954
"Converse County, Wyoming",56009,WY,Converse,Direct FIPS match,2024,54.385,477800.2853,13.0769502,8785.516,9524,54.385,477800.2853,8785.516,9524,0.0,0.0,0.0,,646
"Crook County, Wyoming",56011,WY,Crook,Direct FIPS match,2024,59.6735,283478.9528,12.55489669,4750.4999,7832,59.6735,283478.9528,4750.4999,7832,0.0,0.0,0.0,,733
"Fremont County, Wyoming",56013,WY,Fremont,No qualifying Interstate/freeway mainline section in HPMS filter,2024,0,0,0,0,0,0,0,0,0,0,0,0,0,0
"Goshen County, Wyoming",56015,WY,Goshen,No qualifying Interstate/freeway mainline section in HPMS filter,2024,0,0,0,0,0,0,0,0,0,0,0,0,0,0
"Hot Springs County, Wyoming",56017,WY,Hot Springs,No qualifying Interstate/freeway mainline section in HPMS filter,2024,0,0,0,0,0,0,0,0,0,0,0,0,0,0
"Johnson County, Wyoming",56019,WY,Johnson,Direct FIPS match,2024,119.1814,486225.2627,13.09442936,4079.7076,7975,119.1814,486225.2627,4079.7076,7975,0.0,0.0,0.0,,1368
"Laramie County, Wyoming",56021,WY,Laramie,Direct FIPS match,2024,114.4091,1437540.515,14.17844493,12564.9141,27143,114.4091,1437540.515,12564.9141,27143,0.0,0.0,0.0,,1385
"Lincoln County, Wyoming",56023,WY,Lincoln,No qualifying Interstate/freeway mainline section in HPMS filter,2024,0,0,0,0,0,0,0,0,0,0,0,0,0,0
"Natrona County, Wyoming",56025,WY,Natrona,Direct FIPS match,2024,63.0575,438707.6463,12.9915908,6957.2635,25195,60.328,410057.3413,6797.1314,25195,2.7295,28650.305,10496.5397,10810,738
"Niobrara County, Wyoming",56027,WY,Niobrara,No qualifying Interstate/freeway mainline section in HPMS filter,2024,0,0,0,0,0,0,0,0,0,0,0,0,0,0
"Park County, Wyoming",56029,WY,Park,No qualifying Interstate/freeway mainline section in HPMS filter,2024,0,0,0,0,0,0,0,0,0,0,0,0,0,0
"Platte County, Wyoming",56031,WY,Platte,Direct FIPS match,2024,73.35,518127.5133,13.15797859,7063.7698,7564,73.35,518127.5133,7063.7698,7564,0.0,0.0,0.0,,835
"Sheridan County, Wyoming",56033,WY,Sheridan,Direct FIPS match,2024,43.495,299775.7555,12.61079333,6892.1889,10185,43.495,299775.7555,6892.1889,10185,0.0,0.0,0.0,,562
"Sublette County, Wyoming",56035,WY,Sublette,No qualifying Interstate/freeway mainline section in HPMS filter,2024,0,0,0,0,0,0,0,0,0,0,0,0,0,0
"Sweetwater County, Wyoming",56037,WY,Sweetwater,Direct FIPS match,2024,141.954,2172359.49,14.59132492,15303.2637,25336,141.954,2172359.49,15303.2637,25336,0.0,0.0,0.0,,1621
"Teton County, Wyoming",56039,WY,Teton,No qualifying Interstate/freeway mainline section in HPMS filter,2024,0,0,0,0,0,0,0,0,0,0,0,0,0,0
"Uinta County, Wyoming",56041,WY,Uinta,Direct FIPS match,2024,57.07,840342.2023,13.64156566,14724.7626,17439,57.07,840342.2023,14724.7626,17439,0.0,0.0,0.0,,665
"Washakie County, Wyoming",56043,WY,Washakie,No qualifying Interstate/freeway mainline section in HPMS filter,2024,0,0,0,0,0,0,0,0,0,0,0,0,0,0
"Weston County, Wyoming",56045,WY,Weston,No qualifying Interstate/freeway mainline section in HPMS filter,2024,0,0,0,0,0,0,0,0,0,0,0,0,0,0
